id,name,label,wiki_url,properties
22,Đại học Complutense Madrid,University,https://vi.wikipedia.org/wiki/Complutense_University_of_Madrid,{}
23,Đại học Cornell,University,https://vi.wikipedia.org/wiki/Cornell_University,{}
26,Đại học Duke,University,https://vi.wikipedia.org/wiki/Duke_University,{}
30,Đại học Georgetown,University,https://vi.wikipedia.org/wiki/Georgetown_University,{}
35,Cử nhân Nghệ thuật,University,https://vi.wikipedia.org/wiki/C%E1%BB%AD_nh%C3%A2n_Ngh%E1%BB%87_thu%E1%BA%ADt,{}
48,Học viện Hành chính và Quản trị công,University,https://vi.wikipedia.org/wiki/H%E1%BB%8Dc_vi%E1%BB%87n_H%C3%A0nh_ch%C3%ADnh_Qu%E1%BB%91c_gia,{}
53,Eton College,University,https://vi.wikipedia.org/wiki/Eton_College,"{""Loại"": ""Tư thục"", ""Khẩu hiệu"": [""Floreat Etona"", ""(\""Có thể tồn tại mãi mãi\"")""], ""Tôn giáo liên kết"": ""Giáo hội Anh"", ""Thành lập"": ""1440"", ""Sáng lập"": ""Henry VI"", ""Giới tính theo học"": ""Nam"", ""Độ tuổi theo học"": ""13–18"", ""Tỉ lệ học sinh/giáo viên"": ""8:1"", ""Nhà"": ""25"", ""Màu"": ""Eton blue"", ""Website"": ""www .etoncollege .com""}"
55,Học viện Hải quân Đại Liên,University,https://vi.wikipedia.org/wiki/H%E1%BB%8Dc_vi%E1%BB%87n_H%E1%BA%A3i_qu%C3%A2n_%C4%90%E1%BA%A1i_Li%C3%AAn,"{""Khẩu hiệu"": ""献身 严格 图强 求实"", ""Loại hình"": ""Trường đại học quân sự"", ""Thành lập"": ""22 tháng 11 năm 1949 ; 75 năm trước ( 1949-11-22 )"", ""Địa chỉ"": ""667 Jiefang Road, Trung Sơn , Đại Liên , Liêu Ninh , Trung Quốc""}"
56,Học viện Hải quân Đế quốc Nhật Bản,University,https://vi.wikipedia.org/wiki/H%E1%BB%8Dc_vi%E1%BB%87n_H%E1%BA%A3i_qu%C3%A2n_%C4%90%E1%BA%BF_qu%E1%BB%91c_Nh%E1%BA%ADt_B%E1%BA%A3n,{}
62,Học viện Công nghệ Georgia,University,https://vi.wikipedia.org/wiki/H%E1%BB%8Dc_vi%E1%BB%87n_C%C3%B4ng_ngh%E1%BB%87_Georgia,"{""Loại"": ""Đại học công lập"", ""Khẩu hiệu"": ""Progress and Service (Tiến Bộ và Cống Hiến)"", ""Thành lập"": ""Ngày 13 tháng 10 năm 1885"", ""Giám đốc"": ""John Stein [ 1 ]"", ""Hiệu trưởng"": ""G. P. \""Bud\"" Peterson"", ""Giảng viên"": ""5,126 (Mùa thu 2012) [ 2 ]"", ""Số Sinh viên"": ""23,109 (Mùa thu 2014) [ 3 ]"", ""Khuôn viên"": ""Đô thị , 373 mẫu Anh (1,5 km 2 ) [ 4 ]"", ""Màu"": ""Trắng Vàng Nâu [ 5 ]"", ""Linh vật"": ""Buzz và Ramblin' Wreck"", ""Biệt danh"": ""Yellow Jackets"", ""Tài trợ"": ""USD $1.88 tỷ (Mùa thu 2014) [ 6 ]"", ""Newspaper"": ""The Technique"", ""Website"": ""gatech .edu"", ""Phó hiệu trưởng"": ""Rafael L. Bras"", ""Sinh viên đại học"": ""14,682 (Mùa thu 2014) [ 3 ]"", ""Sinh viên sau đại học"": ""8,427 (Mùa thu 2014) [ 3 ]""}"
67,Học viện Nghệ thuật Hoàng gia Nga,University,https://vi.wikipedia.org/wiki/H%E1%BB%8Dc_vi%E1%BB%87n_Ngh%E1%BB%87_thu%E1%BA%ADt_Ho%C3%A0ng_gia,{}
72,Học viện Ngoại giao,University,https://vi.wikipedia.org/wiki/H%E1%BB%8Dc_vi%E1%BB%87n_Quan_h%E1%BB%87_Qu%E1%BB%91c_t%E1%BA%BF,{}
73,Học viện Hải quân Hoa Kỳ,University,https://vi.wikipedia.org/wiki/H%E1%BB%8Dc_vi%E1%BB%87n_H%E1%BA%A3i_qu%C3%A2n_Hoa_K%E1%BB%B3,"{""Loại"": ""Học viện quân sự liên bang"", ""Khẩu hiệu"": ""Ex Scientia Tridens ( From Knowledge, Seapower )"", ""Thành lập"": ""10 tháng 10 năm 1845"", ""Hiệu trưởng"": ""Rodney P. Rempt"", ""Khuôn viên"": ""Căn cứ Hải quân , 338 mẫu Anh"", ""Màu"": ""Xanh █ Vàng █"", ""Linh vật"": ""Bill the Goat"", ""Athletics"": ""Extensive varsity and intramural program"", ""Website"": ""www.usna.edu"", ""Sinh viên đại học"": ""4.400""}"
75,Học viện Mỹ thuật Jan Matejko,University,https://vi.wikipedia.org/wiki/H%E1%BB%8Dc_vi%E1%BB%87n_M%E1%BB%B9_thu%E1%BA%ADt_Jan_Matejko,"{""Loại hình"": ""Trường công lập"", ""Thành lập"": ""1818"", ""Hiệu trưởng"": ""Professor Jan Pamuła"", ""Giảng viên"": ""6 khoa 9 tháng"", ""Nhân viên quản lý"": ""353"", ""Sinh viên"": ""822 (2001/02)"", ""Địa chỉ"": ""Plac Matejki 13, 31-157 Kraków , Kraków , Ba Lan"", ""Khuôn viên"": ""Đô thị"", ""Website"": ""http://www.asp.krakow.pl""}"
79,Học viện Quân sự Frunze,University,https://vi.wikipedia.org/wiki/H%E1%BB%8Dc_vi%E1%BB%87n_Qu%C3%A2n_s%E1%BB%B1_Frunze,{}
80,Học viện Phòng vệ Nhật Bản,University,https://vi.wikipedia.org/wiki/H%E1%BB%8Dc_vi%E1%BB%87n_Ph%C3%B2ng_v%E1%BB%87_Nh%E1%BA%ADt_B%E1%BA%A3n,"{""Năm thành lập"": ""1952"", ""Loại trường"": ""Đại học nhà nước"", ""Thành lập bởi"": ""Bộ Quốc phòng Nhật Bản"", ""Địa điểm"": ""1-10-20 Hashirimizu, Yokosuka , Kanagawa , Nhật Bản"", ""Hiệu trưởng"": ""Ryosei Kokubun"", ""Hình thức đào tạo"": ""Đại học và sau đại học"", ""Website"": ""Trang web chính thức Học viện Phòng vệ Nhật Bản""}"
81,Học viện Nghệ thuật Hoàng gia Nga,University,https://vi.wikipedia.org/wiki/H%E1%BB%8Dc_vi%E1%BB%87n_Ngh%E1%BB%87_thu%E1%BA%ADt_Ho%C3%A0ng_gia_Nga,"{""Loại hình"": ""Học viện Nghệ thuật Hoàng gia của Đế quốc Nga"", ""Hoạt động"": ""1757–1917"", ""Sáng lập"": ""Ivan Shuvalov"", ""Vị trí"": [""Saint-Petersburg"", "","", ""Đế quốc Nga"", ""59°56′15″B"", ""30°17′25″Đ"", ""﻿ / ﻿"", ""59,9375°B 30,29028°Đ"", ""﻿ /"", ""59.93750; 30.29028""]}"
89,Học viện Quân sự Hoa Kỳ,University,https://vi.wikipedia.org/wiki/H%E1%BB%8Dc_vi%E1%BB%87n_Qu%C3%A2n_s%E1%BB%B1_Hoa_K%E1%BB%B3,"{""Loại"": ""Học viện quân sự liên bang"", ""Khẩu hiệu"": [""Trách nhiệm • Danh dự • Tổ quốc"", ""(Duty • Honor • Country"", ""["", ""1"", ""]"", "")""], ""Thành lập"": ""1802"", ""Superintendent"": ""Trung tướng Franklin Hagenbeck"", ""Nhân viên"": ""Khoảng 500 giảng viên"", ""Khuôn viên"": ""16.080 mẫu Anh (65 km²)"", ""Màu"": ""Black █ , Gray █ , and Gold █"", ""Athletics"": ""25 đội, được gọi là \""Black Knights\"""", ""Website"": ""www.usma.edu"", ""Sinh viên đại học"": ""4.000""}"
90,Học viện Chính trị Quốc gia Hồ Chí Minh,University,https://vi.wikipedia.org/wiki/H%E1%BB%8Dc_vi%E1%BB%87n_Ch%C3%ADnh_tr%E1%BB%8B_Qu%E1%BB%91c_gia_H%E1%BB%93_Ch%C3%AD_Minh,"{""Loại"": ""Học viện công lập"", ""Thành lập"": ""1949 (75–76 năm trước)"", ""Giám đốc"": ""GS, TS Nguyễn Xuân Thắng"", ""Website"": ""hcma .vn"", ""Viết tắt"": ""HCMA"", ""Phó giám đốc"": [""PGS, TS"", ""Đoàn Minh Huấn"", ""PGS, TS Nguyễn Duy Bắc"", ""PGS, TS Hoàng Phúc Lâm"", ""PGS, TS Dương Trung Ý""]}"
104,Học viện âm nhạc Curtis,University,https://vi.wikipedia.org/wiki/H%E1%BB%8Dc_vi%E1%BB%87n_%C3%A2m_nh%E1%BA%A1c_Curtis,"{""Loại hình"": ""Trường tư"", ""Thành lập"": ""1924 ; 101 năm trước ( 1924 )"", ""Tài trợ"": ""253.2 triệu USD (2019) [ 1 ]"", ""Viện trưởng"": ""Roberto Díaz"", ""Giám đốc"": ""Roberto Díaz"", ""Sinh viên"": ""167"", ""Vị trí"": ""Philadelphia , Pennsylvania , Hoa Kỳ"", ""Khuôn viên"": ""Đô thị"", ""Website"": ""Website chính thức""}"
108,Đại học Tiểu bang Kansas,University,https://vi.wikipedia.org/wiki/Kansas_State_University,{}
125,Đại học New York,University,https://vi.wikipedia.org/wiki/New_York_University,{}
142,PSL Research University,University,https://vi.wikipedia.org/wiki/PSL_Research_University,"{""Thành lập"": ""2010"", ""Kinh phí"": ""€750 million (2016)"", ""Viện trưởng"": ""El Mouhoub Mouhoud"", ""Nhân viên quản lý"": ""2,900"", ""Sinh viên"": ""17,000"", ""Vị trí"": ""Paris ( France )"", ""Khuôn viên"": ""Urban"", ""Website"": ""psl .eu""}"
148,Viện Nghiên cứu Chính trị Paris,University,https://vi.wikipedia.org/wiki/Sciences_Po,{}
152,"Somerville College, Oxford",University,https://vi.wikipedia.org/wiki/Somerville_College,{}
173,The New School,University,https://vi.wikipedia.org/wiki/The_New_School,"{""Tên cũ"": ""The New School For Social Research (1919–1997) New School University (1997–2005)"", ""Khẩu hiệu"": ""To the Living Spirit"", ""Loại hình"": ""Đại học nghiên cứu tư thục"", ""Thành lập"": ""1919"", ""Tài trợ"": ""399,3 triệu USD (2019) [ 1 ]"", ""Viện trưởng"": ""Dwight A. McBride [ 2 ]"", ""Phó hiệu trưởng"": ""Tim Marshall"", ""Giảng viên"": ""2.230 [ 3 ]"", ""Sinh viên"": ""10,186 [ 3 ]"", ""Sinh viên đại học"": ""6.836"", ""Sinh viên sau đại học"": ""3.138"", ""Nghiên cứu sinh"": ""212 [ 3 ]"", ""Sinh viên khác"": ""2.857 [ 3 ] ( giáo dục thường xuyên )"", ""Vị trí"": [""Thành phố New York"", "","", ""New York"", "","", ""Hoa Kỳ"", ""40°44′8,08″B"", ""73°59′49,08″T"", ""﻿ / ﻿"", ""40,73333°B 73,98333°T"", ""﻿ /"", ""40.73333; -73.98333""], ""Khuôn viên"": ""Thành thị"", ""Màu"": ""Trắng, Đen, và Đỏ Parsons"", ""Điền kinh"": ""Không liên kết, đấu với NCAA Division III schools"", ""Biệt danh"": ""Narwhals"", ""Liên kết"": ""AACU"", ""Linh vật"": ""Gnarls the Narwhal"", ""Website"": ""www .newschool .edu""}"
187,Trường Kinh tế và Khoa học Chính trị Luân Đôn,University,https://vi.wikipedia.org/wiki/Tr%C6%B0%E1%BB%9Dng_Kinh_t%E1%BA%BF_Lu%C3%A2n_%C4%90%C3%B4n,{}
188,Trường Kinh tế và Khoa học Chính trị Luân Đôn,University,https://vi.wikipedia.org/wiki/Tr%C6%B0%E1%BB%9Dng_Kinh_t%E1%BA%BF_London,{}
189,Trường Kinh tế và Khoa học Chính trị Luân Đôn,University,https://vi.wikipedia.org/wiki/Tr%C6%B0%E1%BB%9Dng_Kinh_t%E1%BA%BF_v%C3%A0_Khoa_h%E1%BB%8Dc_Ch%C3%ADnh_tr%E1%BB%8B_London,{}
191,Trường Hậu bổ (Hà Nội),University,https://vi.wikipedia.org/wiki/Tr%C6%B0%E1%BB%9Dng_H%E1%BA%ADu_b%E1%BB%95_%28H%C3%A0_N%E1%BB%99i%29,{}
192,Trường Kinh tế Stockholm,University,https://vi.wikipedia.org/wiki/Tr%C6%B0%E1%BB%9Dng_Kinh_t%E1%BA%BF_Stockholm,"{""Loại hình"": ""Tư thục"", ""Thành lập"": ""1909"", ""Viện trưởng"": ""Lars Strannegård"", ""Nhân viên quản lý"": ""220"", ""Sinh viên"": ""khoảng 1650 sinh viên toàn thời gian"", ""Nghiên cứu sinh"": ""125"", ""Vị trí"": ""Stockholm , Thụy Điển"", ""Khuôn viên"": ""Thành thị"", ""Màu"": """", ""Liên kết"": [""CEMS"", ""EUA"", ""ICEDR"", ""EFMD"", ""APSIA""], ""Website"": ""www.hhs.se""}"
193,Trường Juilliard,University,https://vi.wikipedia.org/wiki/Tr%C6%B0%E1%BB%9Dng_Juilliard,"{""Loại hình"": ""Học viện âm nhạc tư thục"", ""Thành lập"": ""1905 ; 120 năm trước ( 1905 )"", ""Viện trưởng"": ""Damian Woetzel"", ""Sinh viên"": ""Khoảng 850 sinh viên cao đẳng, khoảng 290 học viên dự bị đại học"", ""Vị trí"": [""Thành phố New York"", "","", ""New York"", "","", ""Hoa Kỳ"", ""40°46′26″B"", ""73°59′0″T"", ""﻿ / ﻿"", ""40,77389°B 73,98333°T"", ""﻿ /"", ""40.77389; -73.98333""], ""Khuôn viên"": ""Đô thị"", ""Website"": ""www .juilliard .edu""}"
194,Trường Hành chính quốc gia (Pháp),University,https://vi.wikipedia.org/wiki/Tr%C6%B0%E1%BB%9Dng_H%C3%A0nh_ch%C3%ADnh_qu%E1%BB%91c_gia_%28Ph%C3%A1p%29,"{""Loại"": ""Công cộng"", ""Thành lập"": ""1945"", ""Giám đốc"": ""Nathalie Loiseau [ 1 ]"", ""Nhân viên"": ""229"", ""Website"": ""www.ena.fr"", ""Sinh viên đại học"": ""0"", ""Sinh viên sau đại học"": ""533 sinh viên""}"
196,Trường Luật Đại học California tại San Francisco,University,https://vi.wikipedia.org/wiki/Tr%C6%B0%E1%BB%9Dng_Lu%E1%BA%ADt_Hastings,{}
202,Trường Harrow,University,https://vi.wikipedia.org/wiki/Tr%C6%B0%E1%BB%9Dng_Harrow,"{""Tọa độ"": ""51°34′21″B 00°20′6″T ﻿ / ﻿ 51,5725°B 0,335°T ﻿ / 51.57250; -0.33500"", ""Loại"": [""Trường công"", ""Trường tự chủ"", ""Trường nội trú""], ""Khẩu hiệu"": [""tiếng Latinh"", "":"", ""Stet Fortuna Domus"", ""(Let the Fortune of the House Stand)"", ""tiếng Latinh"", "":"", ""Donorum Dei Dispensatio Fidelis"", ""(The Faithful Dispensation of the Gifts of God)""], ""Tôn giáo liên kết"": ""Giáo hội Anh"", ""Thành lập"": ""1572 ; 453 năm trước ( 1572 ) ( Hiến chương Hoàng gia )"", ""Sáng lập"": ""John Lyon of Preston"", ""Chủ tịch"": ""J P Batting"", ""Head Master"": ""Alastair Land"", ""Nhân viên"": ""~200 (full-time)"", ""Giới tính theo học"": ""Male"", ""Độ tuổi theo học"": ""13 đến 18"", ""Số Sinh viên"": ""~830 pupils"", ""Nhà"": ""12"", ""Màu"": ""Xanh và Trắng"", ""Xuất bản"": ""The Harrovian"", ""Học phí"": ""£41,775"", ""Former pupils"": ""Old Harrovians"", ""Badges"": [""The Harrow Lion"", ""The Silver Arrow""], ""Website"": ""Bản mẫu:Official url""}"
205,Trường Luật Harvard,University,https://vi.wikipedia.org/wiki/Tr%C6%B0%E1%BB%9Dng_Lu%E1%BA%ADt_Harvard,"{""Khẩu hiệu"": ""Veritas [ 1 ]"", ""Khẩu hiệu trong Tiếng Anh"": ""Truth"", ""Loại hình"": ""Tư thục"", ""Thành lập"": ""1817 ; 208 năm trước ( 1817 )"", ""Tổ chức mẹ"": ""Đại học Harvard"", ""Giám đốc"": ""John F. Manning"", ""Giảng viên"": ""391 [ 2 ]"", ""Sinh viên"": ""1,990 [ 3 ]"", ""Vị trí"": [""Cambridge"", "","", ""Massachusetts"", "","", ""Hoa Kỳ"", ""42°22′41″B"", ""71°07′07″T"", ""﻿ / ﻿"", ""42,378102°B 71,118552°T"", ""﻿ /"", ""42.378102; -71.118552""], ""Website"": ""hls .harvard .edu""}"
208,Trường Dịch vụ Đối ngoại,University,https://vi.wikipedia.org/wiki/Tr%C6%B0%E1%BB%9Dng_D%E1%BB%8Bch_v%E1%BB%A5_%C4%90%E1%BB%91i_ngo%E1%BA%A1i,"{""Khẩu hiệu"": ""Utraque Unum (From both, one)"", ""Loại hình"": ""Đại học tư thục , Đại học giáo dục khai phóng"", ""Thành lập"": ""1919 [ 1 ]"", ""Tổ chức mẹ"": ""Viện Đại học Georgetown ."", ""Liên kết"": ""APSIA"", ""Giám đốc"": ""Joel Hellman"", ""Giảng viên"": [""134 tại"", ""Washington, D.C."", ""52 tại"", ""Doha"", "","", ""Qatar"", ""["", ""2"", ""]""], ""Sinh viên"": ""2,273 [ 1 ]"", ""Sinh viên đại học"": ""1,423 [ 1 ]"", ""Sinh viên sau đại học"": ""850 [ 1 ]"", ""Địa chỉ"": [""Washington, D.C."", "","", ""Hoa Kỳ"", ""38°54′32″B"", ""77°4′25″T"", ""﻿ / ﻿"", ""38,90889°B 77,07361°T"", ""﻿ /"", ""38.90889; -77.07361""], ""Khuôn viên"": ""Thành thị""}"
210,Trường Bách khoa Paris,University,https://vi.wikipedia.org/wiki/Tr%C6%B0%E1%BB%9Dng_B%C3%A1ch_khoa_Paris,"{""Thành lập"": ""1794"", ""Loại hình"": ""Trường công"", ""Ngân sách"": ""71,3 triệu € (2006)"", ""Tổ chức quyên góp"": ""56,3 triệu € (2006)"", ""Địa điểm"": ""Palaiseau , Île-de-France , Pháp"", ""Sáng lập"": [""Jacques-Élie Lamblardie"", "","", ""Gaspard Monge"", "","", ""Lazare Carnot""], ""Hiệu trưởng"": ""François Bouchet"", ""Giáo viên"": ""452 (2011)"", ""Sinh viên"": ""2316 (2018)"", ""Trang web"": ""www.polytechnique.fr""}"
216,Trường Hành chính quốc gia (Pháp),University,https://vi.wikipedia.org/wiki/Tr%C6%B0%E1%BB%9Dng_Qu%E1%BB%91c_gia_H%C3%A0nh_ch%C3%ADnh_Ph%C3%A1p,{}
219,Trường Sĩ quan Chính trị - Đại học Chính trị,University,https://vi.wikipedia.org/wiki/Tr%C6%B0%E1%BB%9Dng_S%C4%A9_quan_Ch%C3%ADnh_tr%E1%BB%8B,{}
224,Trường Kinh tế và Khoa học Chính trị Luân Đôn,University,https://vi.wikipedia.org/wiki/Tr%C6%B0%E1%BB%9Dng_Kinh_t%E1%BA%BF_v%C3%A0_Khoa_h%E1%BB%8Dc_Ch%C3%ADnh_tr%E1%BB%8B_Lu%C3%A2n_%C4%90%C3%B4n,"{""Tọa độ"": ""51°30′50,4″B 0°07′0,12″T ﻿ / ﻿ 51,5°B 0,11667°T ﻿ / 51.50000; -0.11667"", ""Khẩu hiệu"": ""Rerum Cognoscere Causas \""To Understand the Causes of Things\"""", ""Thành lập"": ""1895"", ""Giám đốc"": ""Sir Howard Davies"", ""Visitor"": ""The Lord President of the Council ex officio"", ""Giảng viên"": ""1,303"", ""Số Sinh viên"": ""8,810 [ 1 ]"", ""Linh vật"": """", ""Người đoạt giải Nobel"": ""14"", ""Publications"": ""The Beaver , Clare Market Review"", ""Website"": ""http://www.lse.ac.uk/"", ""Hiệu trưởng danh dự"": ""Her Royal Highness, The Princess Royal - Công chúa Anne"", ""Sinh viên đại học"": ""3,860 [ 1 ]"", ""Sinh viên sau đại học"": ""4,950 [ 1 ]""}"
232,"Trường Trung học phổ thông chuyên Chu Văn An, Hà Nội",University,https://vi.wikipedia.org/wiki/Tr%C6%B0%E1%BB%9Dng_Trung_h%E1%BB%8Dc_ph%E1%BB%95_th%C3%B4ng_Chu_V%C4%83n_An%2C_H%C3%A0_N%E1%BB%99i,{}
233,"Trường Trung học phổ thông Nguyễn Đình Chiểu, Mỹ Tho",University,https://vi.wikipedia.org/wiki/Tr%C6%B0%E1%BB%9Dng_Trung_h%E1%BB%8Dc_ph%E1%BB%95_th%C3%B4ng_Nguy%E1%BB%85n_%C4%90%C3%ACnh_Chi%E1%BB%83u_%28Ti%E1%BB%81n_Giang%29,{}
234,Trường Trung học phổ thông chuyên Quốc Học – Huế,University,https://vi.wikipedia.org/wiki/Tr%C6%B0%E1%BB%9Dng_Trung_h%E1%BB%8Dc_ph%E1%BB%95_th%C3%B4ng_chuy%C3%AAn_Qu%E1%BB%91c_H%E1%BB%8Dc,{}
240,Trường Sĩ quan Lục quân (Đế quốc Nhật Bản),University,https://vi.wikipedia.org/wiki/Tr%C6%B0%E1%BB%9Dng_S%C4%A9_quan_L%E1%BB%A5c_qu%C3%A2n_%28%C4%90%E1%BA%BF_qu%E1%BB%91c_Nh%E1%BA%ADt_B%E1%BA%A3n%29,{}
244,Trường Trung học Albert Sarraut,University,https://vi.wikipedia.org/wiki/Tr%C6%B0%E1%BB%9Dng_Trung_h%E1%BB%8Dc_Albert_Sarraut,"{""Tên khác"": ""Lycée de Hanoi, Grand Lycée"", ""Loại"": ""Lycée"", ""Thành lập"": ""1913-1965""}"
249,Trường Quân sự Hoàng Phố,University,https://vi.wikipedia.org/wiki/Tr%C6%B0%E1%BB%9Dng_qu%C3%A2n_s%E1%BB%B1_Ho%C3%A0ng_Ph%E1%BB%91,{}
253,Đại học Công nghệ Quốc phòng Trung Quốc,University,https://vi.wikipedia.org/wiki/Tr%C6%B0%E1%BB%9Dng_%C4%90%E1%BA%A1i_h%E1%BB%8Dc_C%C3%B4ng_ngh%E1%BB%87_Qu%E1%BB%91c_ph%C3%B2ng_Trung_Qu%E1%BB%91c,{}
254,Đại học Kinh tế Quốc dân,University,https://vi.wikipedia.org/wiki/Tr%C6%B0%E1%BB%9Dng_%C4%90%E1%BA%A1i_h%E1%BB%8Dc_Kinh_t%E1%BA%BF_Qu%E1%BB%91c_d%C3%A2n,{}
255,Trường Đại học Luật Thành phố Hồ Chí Minh,University,https://vi.wikipedia.org/wiki/Tr%C6%B0%E1%BB%9Dng_%C4%90%E1%BA%A1i_h%E1%BB%8Dc_Lu%E1%BA%ADt_Th%C3%A0nh_ph%E1%BB%91_H%E1%BB%93_Ch%C3%AD_Minh,"{""Loại"": ""Đại học công lập"", ""Khẩu hiệu"": ""Sáng tri thức - Vững công minh"", ""Thành lập"": ""30 tháng 3 năm 1996 ; 29 năm trước ( 1996-03-30 )"", ""Hiệu trưởng"": ""TS. Lê Trường Sơn"", ""Website"": ""www .hcmulaw .edu .vn""}"
256,Đại học Panthéon-Sorbonne,University,https://vi.wikipedia.org/wiki/Tr%C6%B0%E1%BB%9Dng_%C4%90%E1%BA%A1i_h%E1%BB%8Dc_Paris_I,{}
257,Trường Đại học Paris II,University,https://vi.wikipedia.org/wiki/Tr%C6%B0%E1%BB%9Dng_%C4%90%E1%BA%A1i_h%E1%BB%8Dc_Panth%C3%A9on-Assas,{}
258,Trường Đại học Hà Nội,University,https://vi.wikipedia.org/wiki/Tr%C6%B0%E1%BB%9Dng_%C4%90%E1%BA%A1i_h%E1%BB%8Dc_H%C3%A0_N%E1%BB%99i,"{""Tên khác"": ""Trường Đại học Ngoại ngữ Thanh Xuân"", ""Tên cũ"": ""Trường Đại học Ngoại ngữ Hà Nội"", ""Loại"": ""Công lập"", ""Khẩu hiệu"": [""HANU brings you to the world"", ""(HANU đưa bạn ra thế giới)""], ""Thành lập"": ""1959; 66 năm trước"", ""Trạng thái"": ""Đang hoạt động"", ""Mã trường"": ""NHF"", ""Hiệu trưởng"": ""PGS TS Nguyễn Văn Trào [ 1 ]"", ""Màu"": ""Đỏ, vàng"", ""Website"": ""https://www.hanu.edu.vn"", ""Viết tắt"": ""HANU"", ""Phó hiệu trưởng"": ""Nguyễn Thị Cúc Phương""}"
259,Trường Đại học Khoa học Sài Gòn,University,https://vi.wikipedia.org/wiki/Tr%C6%B0%E1%BB%9Dng_%C4%90%E1%BA%A1i_h%E1%BB%8Dc_Khoa_h%E1%BB%8Dc_S%C3%A0i_G%C3%B2n,{}
260,Trường sau đại học,University,https://vi.wikipedia.org/wiki/Tr%C6%B0%E1%BB%9Dng_sau_%C4%91%E1%BA%A1i_h%E1%BB%8Dc,{}
261,Trường Đại học Paris II,University,https://vi.wikipedia.org/wiki/Tr%C6%B0%E1%BB%9Dng_%C4%90%E1%BA%A1i_h%E1%BB%8Dc_Paris_II,"{""Tên khác"": ""Trường Đại học Panthéon-Assas"", ""Loại"": ""Đại học công lập"", ""Thành lập"": ""1971"", ""Giám đốc"": ""Patrick Gérard"", ""Hiệu trưởng"": ""Louis Vogel"", ""Giáo viên"": ""277"", ""Số học sinh"": ""18000"", ""Website"": ""http://www.u-paris2.fr/""}"
263,Trường Trung học phổ thông chuyên Quốc Học – Huế,University,https://vi.wikipedia.org/wiki/Tr%C6%B0%E1%BB%9Dng_Trung_h%E1%BB%8Dc_ph%E1%BB%95_th%C3%B4ng_chuy%C3%AAn_Qu%E1%BB%91c_H%E1%BB%8Dc_%E2%80%93_Hu%E1%BA%BF,"{""Tên khác"": ""Quốc Học - Huế"", ""Loại"": ""Trung học phổ thông Chuyên"", ""Khẩu hiệu"": ""Hiền tài là nguyên khí quốc gia"", ""Thành lập"": ""1896"", ""Hiệu trưởng"": ""Nguyễn Phú Thọ"", ""Giáo viên"": ""khoảng 150"", ""Số học sinh"": ""khoảng 1500"", ""Website"": ""Trường Trung học phổ thông chuyên Quốc Học""}"
264,Trường Đại học Lao động Cộng sản Phương Đông,University,https://vi.wikipedia.org/wiki/Tr%C6%B0%E1%BB%9Dng_%C4%90%E1%BA%A1i_h%E1%BB%8Dc_Lao_%C4%91%E1%BB%99ng_C%E1%BB%99ng_s%E1%BA%A3n_Ph%C6%B0%C6%A1ng_%C4%90%C3%B4ng,{}
266,Trường Đảng Trung ương Đảng Cộng sản Trung Quốc,University,https://vi.wikipedia.org/wiki/Tr%C6%B0%E1%BB%9Dng_%C4%90%E1%BA%A3ng_Trung_%C6%B0%C6%A1ng,{}
267,Trường Đảng Trung ương Đảng Cộng sản Trung Quốc,University,https://vi.wikipedia.org/wiki/Tr%C6%B0%E1%BB%9Dng_%C4%90%E1%BA%A3ng_Trung_%C6%B0%C6%A1ng_%C4%90%E1%BA%A3ng_C%E1%BB%99ng_s%E1%BA%A3n_Trung_Qu%E1%BB%91c,"{""Loại"": ""Đảng cộng sản Trung Quốc"", ""Thành lập"": ""1933"", ""Số Sinh viên"": ""1300"", ""Khuôn viên"": ""Nội thành : quận Hải Điến"", ""Màu"": """", ""Website"": ""www .ccps .gov .cn"", ""Thành viên"": ""Ủy ban Trung ương Đảng Cộng sản Trung Quốc""}"
268,Trường Đại học Mỏ – Địa chất,University,https://vi.wikipedia.org/wiki/Tr%C6%B0%E1%BB%9Dng_%C4%90%E1%BA%A1i_h%E1%BB%8Dc_M%E1%BB%8F_%E2%80%93_%C4%90%E1%BB%8Ba_ch%E1%BA%A5t,"{""Tên cũ"": ""Khoa Mỏ – Địa chất, Trường Đại học Bách Khoa Hà Nội"", ""Loại"": ""Đại học công lập"", ""Khẩu hiệu"": ""Đoàn kết - Liêm chính - Trách nhiệm - Sáng tạo - Chất lượng"", ""Thành lập"": ""1966"", ""Hiệu trưởng"": ""GS.TS Trần Thanh Hải"", ""Số Sinh viên"": ""Khoảng 16.000 tính đến 31/12/2015"", ""Màu"": ""Xanh dương"", ""Website"": ""http://humg.edu.vn"", ""Viết tắt"": ""HUMG (MDC)"", ""Thành viên của"": ""Bộ Giáo dục và Đào tạo""}"
271,Trường Đại học Tổng hợp Thành phố Hồ Chí Minh,University,https://vi.wikipedia.org/wiki/Tr%C6%B0%E1%BB%9Dng_%C4%90%E1%BA%A1i_h%E1%BB%8Dc_T%E1%BB%95ng_h%E1%BB%A3p_Th%C3%A0nh_ph%E1%BB%91_H%E1%BB%93_Ch%C3%AD_Minh,{}
276,"Trường Đại học Khoa học Xã hội và Nhân văn, Đại học Quốc gia Thành phố Hồ Chí Minh",University,https://vi.wikipedia.org/wiki/Tr%C6%B0%E1%BB%9Dng_%C4%90%E1%BA%A1i_h%E1%BB%8Dc_Khoa_h%E1%BB%8Dc_X%C3%A3_h%E1%BB%99i_v%C3%A0_Nh%C3%A2n_v%C4%83n%2C_%C4%90%E1%BA%A1i_h%E1%BB%8Dc_Qu%E1%BB%91c_gia_Th%C3%A0nh_ph%E1%BB%91_H%E1%BB%93_Ch%C3%AD_Minh,"{""Tọa độ"": ""10°47′9,1″B 106°42′9,8″Đ ﻿ / ﻿ 10,78333°B 106,7°Đ ﻿ / 10.78333; 106.70000"", ""Tên khác"": [""HCMUSSH"", ""USSH-VNUHCM""], ""Tên cũ"": [""1957-1976: Đại học Văn khoa Sài Gòn"", ""[1]"", ""1977-1995: Đại học Tổng hợp Thành phố Hồ Chí Minh"", ""[2]""], ""Loại"": ""Đại học công lập"", ""Khẩu hiệu"": ""Sáng tạo - Dẫn dắt - Trách nhiệm"", ""Thành lập"": ""3 tháng 11 năm 1957 ; 67 năm trước ( 1957-11-03 )"", ""Trạng thái"": ""Đang hoạt động"", ""Mã trường"": ""QSX"", ""Hiệu trưởng"": ""GS.TS. Ngô Thị Phương Lan [3]"", ""Nhân viên"": ""1.000"", ""Ngôn ngữ"": ""Tiếng Việt , Tiếng Anh , Tiếng Pháp , Tiếng Nga , Tiếng Trung Quốc , Tiếng Nhật , Tiếng Tây Ban Nha , Tiếng Hàn , Tiếng Ý , Tiếng Thái , Tiếng Ả Rập , Tiếng Thái Lan"", ""Khuôn viên"": ""21 hectares"", ""Màu"": [""Màu vàng"", ""Màu đỏ"", ""Màu xanh dương""], ""Bài hát"": ""Tự nguyện - Trương Quốc Khánh"", ""Website"": ""www .hcmussh .edu .vn"", ""Thành viên của"": ""Đại học Quốc gia Thành phố Hồ Chí Minh"", ""Phó hiệu trưởng"": [""TS. Lê Hoàng Dũng"", ""[4]"", ""TS. Phan Thanh Định"", ""[5]"", ""PGS.TS. Lưu Văn Quyết"", ""[6]""], ""Webometrics(2020)"": ""8.476 [ 1 ]""}"
278,Trường Võ bị Quốc gia Đà Lạt,University,https://vi.wikipedia.org/wiki/Tr%C6%B0%E1%BB%9Dng_V%C3%B5_b%E1%BB%8B_Qu%E1%BB%91c_gia_%C4%90%C3%A0_L%E1%BA%A1t,"{""Hoạt động"": ""1948 - 1975"", ""Quốc gia"": ""Việt Nam Cộng hòa"", ""Phục vụ"": ""Quân lực Việt Nam Cộng hòa"", ""Quân chủng"": ""Quân trường"", ""Phân loại"": ""Đại học Quân sự"", ""Bộ phận của"": [""Tổng cục Quân huấn"", ""Bộ Tổng Tham mưu""], ""Khẩu hiệu"": ""Tự thắng để chỉ huy"", ""Chỉ huynổi tiếng"": [""Nguyễn Văn Thiệu"", ""Lê Văn Kim"", ""Hồ Văn Tố"", ""Lâm Quang Thi"", ""Lâm Quang Thơ"", ""Hiệu kỳ"", ""Khẩu hiệu"", ""Liên đoàn Sinh viên""]}"
281,Học viện Quân sự Hoa Kỳ,University,https://vi.wikipedia.org/wiki/United_States_Military_Academy,{}
288,Đại học Athens,University,https://vi.wikipedia.org/wiki/University_of_Athens,{}
290,"Đại học California, Berkeley",University,https://vi.wikipedia.org/wiki/University_of_California%2C_Berkeley,{}
291,Đại học Chicago,University,https://vi.wikipedia.org/wiki/University_of_Chicago,{}
299,Đại học Göttingen,University,https://vi.wikipedia.org/wiki/University_of_G%C3%B6ttingen,{}
302,Đại học Luân Đôn,University,https://vi.wikipedia.org/wiki/University_of_London,{}
306,Đại học North Carolina tại Chapel Hill,University,https://vi.wikipedia.org/wiki/University_of_North_Carolina_at_Chapel_Hill,{}
310,Đại học Virginia,University,https://vi.wikipedia.org/wiki/University_of_Virginia,{}
311,Học viện Công nghệ Georgia,University,https://vi.wikipedia.org/wiki/Vi%E1%BB%87n_C%C3%B4ng_ngh%E1%BB%87_Georgia,{}
312,Đại học Nam California,University,https://vi.wikipedia.org/wiki/University_of_Southern_California,{}
316,Viện Hàn lâm Khoa học xã hội thuộc Ủy ban Trung ương Đảng Cộng sản Liên Xô,University,https://vi.wikipedia.org/wiki/Vi%E1%BB%87n_H%C3%A0n_l%C3%A2m_Khoa_h%E1%BB%8Dc_x%C3%A3_h%E1%BB%99i_thu%E1%BB%99c_Trung_%C6%B0%C6%A1ng_%C4%90%E1%BA%A3ng_C%E1%BB%99ng_s%E1%BA%A3n_Li%C3%AAn_X%C3%B4,{}
317,Università Cattolica del Sacro Cuore,University,https://vi.wikipedia.org/wiki/Universit%C3%A0_Cattolica_del_Sacro_Cuore,{}
319,Viện Hàn lâm Khoa học Liên Xô,University,https://vi.wikipedia.org/wiki/Vi%E1%BB%87n_H%C3%A0n_l%C3%A2m_Khoa_h%E1%BB%8Dc_Li%C3%AAn_X%C3%B4,{}
332,Babeș-Bolyai University,University,https://en.wikipedia.org/wiki/Babe%C8%99-Bolyai_University,null
334,Viện Công nghệ California,University,https://vi.wikipedia.org/wiki/Vi%E1%BB%87n_C%C3%B4ng_ngh%E1%BB%87_California,"{""Loại"": ""Tư thục"", ""Thành lập"": ""1891"", ""Hiệu trưởng"": ""Jean-Lou Chameau"", ""Giảng viên"": [""294 khoa chuyên ngành"", ""1207 khoa khác"", ""["", ""2"", ""]""], ""Số Sinh viên"": ""2231 [ 1 ]"", ""Dạng thời khóa biểu"": ""Quarter"", ""Khuôn viên"": ""Ngoại ô, 124 mẫu Anh (50 ha)"", ""Màu"": ""Cam và Trắng"", ""Linh vật"": ""Hải ly"", ""Tài trợ"": ""1.747 tỉ đô la (2012) [ 3 ]"", ""Website"": ""caltech.edu"", ""Sinh viên đại học"": ""978 [ 1 ]"", ""Sinh viên sau đại học"": ""1253 [ 1 ]""}"
335,Trường Bách khoa Paris,University,https://vi.wikipedia.org/wiki/%C3%89cole_Polytechnique,{}
336,Trường Hành chính quốc gia (Pháp),University,https://vi.wikipedia.org/wiki/%C3%89cole_nationale_d%27administration,{}
337,Viện Khoa học Trung Quốc,University,https://vi.wikipedia.org/wiki/Vi%E1%BB%87n_Khoa_h%E1%BB%8Dc_Trung_Qu%E1%BB%91c,"{""Trụ sở chính"": ""Bắc Kinh"", ""Trang web"": ""http://www.cas.ac.cn/""}"
339,École nationale des ponts et chaussées,University,https://vi.wikipedia.org/wiki/%C3%89cole_nationale_des_ponts_et_chauss%C3%A9es,{}
340,École du Louvre,University,https://vi.wikipedia.org/wiki/%C3%89cole_du_Louvre,"{""Loại"": ""Trường công"", ""Thành lập"": ""1882"", ""Giám đốc"": ""Philippe Durey"", ""Website"": ""www.ecoledulouvre.fr"", ""Sinh viên đại học"": ""1200"", ""Sinh viên sau đại học"": ""400""}"
343,École spéciale militaire de Saint-Cyr,University,https://vi.wikipedia.org/wiki/%C3%89cole_sp%C3%A9ciale_militaire_de_Saint-Cyr,{}
344,École normale supérieure,University,https://vi.wikipedia.org/wiki/%C3%89cole_normale_sup%C3%A9rieure,{}
345,Viện Nghiên cứu Chính trị Paris,University,https://vi.wikipedia.org/wiki/Vi%E1%BB%87n_Nghi%C3%AAn_c%E1%BB%A9u_Ch%C3%ADnh_tr%E1%BB%8B_Paris,"{""Tên khác"": ""Sciences Po"", ""Tên cũ"": ""École libre des sciences politiques"", ""Loại"": ""Đại học công lập , Grande école"", ""Thành lập"": ""1872"", ""Giám đốc"": ""Mathias Vicherat"", ""Giảng viên"": ""3280"", ""Số Sinh viên"": ""14.000"", ""Linh vật"": ""Sư tử và cáo"", ""Biệt danh"": ""Sciences Po"", ""Tài trợ"": ""197 triệu Euro"", ""Website"": ""sciencespo.fr"", ""Sinh viên đại học"": ""4000"", ""Sinh viên sau đại học"": ""10000""}"
346,École normale supérieure de Lyon,University,https://vi.wikipedia.org/wiki/%C3%89cole_normale_sup%C3%A9rieure_de_Lyon,{}
347,Viện Đại học Đông Dương,University,https://vi.wikipedia.org/wiki/Vi%E1%BB%87n_%C4%90%E1%BA%A1i_h%E1%BB%8Dc_%C4%90%C3%B4ng_D%C6%B0%C6%A1ng,{}
348,École nationale supérieure des mines de Paris,University,https://vi.wikipedia.org/wiki/%C3%89cole_nationale_sup%C3%A9rieure_des_mines_de_Paris,{}
358,Đại học Adelaide,University,https://vi.wikipedia.org/wiki/%C4%90%E1%BA%A1i_h%E1%BB%8Dc_Adelaide,"{""Loại"": ""Đại học công lập"", ""Khẩu hiệu"": [""Sub Cruce Lumen"", ""\""The light (of learning) under the (Southern) Cross\""""], ""Thành lập"": ""1874"", ""Giám đốc"": ""Professor Warren Bebbington"", ""Nhân viên"": ""3,159"", ""Số Sinh viên"": ""25,000"", ""Khuôn viên"": [""Urban"", "":"", ""North Terrace, Adelaide"", ""Suburban"", "": Waite, Thebarton and the"", ""National Wine Centre of Australia"", ""Rural"", "":"", ""Roseworthy College"", ""Overseas Education Centre"", "": Singapore""], ""Màu"": ""White and Black"", ""Website"": ""www.adelaide.edu.au"", ""Thành viên"": ""Member of the Nhóm 8 Đại học (Úc) , Association of Southeast Asian Institutions of Higher Learning , Association of Commonwealth Universities"", ""Hiệu trưởng danh dự"": ""The Hon. Robert Hill (Australian diplomat)""}"
362,Viện Công nghệ Massachusetts,University,https://vi.wikipedia.org/wiki/Vi%E1%BB%87n_C%C3%B4ng_ngh%E1%BB%87_Massachusetts,"{""Khẩu hiệu"": ""Mens et Manus (tiếng Latinh)"", ""Khẩu hiệu trong Tiếng Anh"": ""\""Mind and Hand\"" [ 1 ]"", ""Loại hình"": ""Đại học nghiên cứu tư thục được cấp đất"", ""Thành lập"": ""10 tháng 4 năm 1861 ; 164 năm trước ( 1861-04-10 )"", ""Sáng lập"": ""William Barton Rogers"", ""Công nhận"": ""NECHE"", ""Liên kết học tập"": ""Hiệp hội Viện Đại học Mỹ AITU COFHE NAICU [ 2 ] UARC URA Sea grant Space grant"", ""Tài trợ"": ""24.6 tỷ đô la Mỹ (2024) [ 3 ]"", ""Viện trưởng"": ""Sally Kornbluth"", ""Phó hiệu trưởng"": ""Cynthia Barnhart"", ""Giảng viên"": ""1,090 [ 4 ]"", ""Sinh viên"": ""11,886 (2024–25) [ 5 ]"", ""Sinh viên đại học"": ""4,535 (2024–25) [ 5 ]"", ""Sinh viên sau đại học"": ""7,351 (2024–25) [ 5 ]"", ""Vị trí"": [""Cambridge, Massachusetts"", "","", ""Hoa Kỳ"", ""42°21′35″B"", ""71°5′31″T"", ""﻿ / ﻿"", ""42,35972°B 71,09194°T"", ""﻿ /"", ""42.35972; -71.09194""], ""Khuôn viên"": ""Thành phố cỡ trung [ 7 ] , 166 mẫu Anh (67,2 ha) [ 6 ]"", ""Tờ báo"": ""The Tech"", ""Màu"": [""Cardinal Red và Steel Gray"", ""["", ""8"", ""]""], ""Biệt danh"": ""Engineers"", ""Liên kết thể thao"": ""NCAA Division III – NEWMAC NEISA CWPA UVC EARC EAWRC"", ""Linh vật"": ""Tim the Beaver [ 9 ]"", ""Website"": ""web .mit .edu""}"
364,Đại học Aarhus,University,https://vi.wikipedia.org/wiki/%C4%90%E1%BA%A1i_h%E1%BB%8Dc_Aarhus,"{""Loại"": ""Đại học công"", ""Khẩu hiệu"": [""Solidum petit in profundis"", ""("", ""Latin"", "")"", ""(Seek a firm footing in the depths)""], ""Thành lập"": ""1927"", ""Hiệu trưởng"": ""Lauritz Broder Holm-Nielsen"", ""Nhân viên"": ""6.200 (2.800 teaching staff and researchers)"", ""Số Sinh viên"": ""41.000"", ""Website"": ""www.au.dk"", ""Thành viên"": ""EUA"", ""Nghiên cứu sinh"": ""740""}"
365,Đại học Athens,University,https://vi.wikipedia.org/wiki/%C4%90%E1%BA%A1i_h%E1%BB%8Dc_Athena,{}
366,Đại học Arkansas,University,https://vi.wikipedia.org/wiki/%C4%90%E1%BA%A1i_h%E1%BB%8Dc_Arkansas,"{""Tọa độ"": ""36°04′07″B 94°10′34″T ﻿ / ﻿ 36,068681°B 94,176012°T ﻿ / 36.068681; -94.176012"", ""Tên cũ"": ""Arkansas Industrial University"", ""Loại"": ""Public , Khu học sở chính , Land-grant và Space-grant state university"", ""Khẩu hiệu"": [""Veritate Duce Progredi"", ""("", ""Latin"", "")"", ""("", ""To Advance with Truth as our Leader"", "")""], ""Thành lập"": ""1871"", ""Giám đốc"": [""Sharon Gaber (Academic Affairs)"", ""Don Pederson (Finance and Administration)""], ""Hiệu trưởng"": ""Donald R. Bobbitt"", ""Vice Provost for Student Affairs & Dean of Student"": ""Daniel J. Pugh, Sr."", ""Nhân viên"": ""2,942"", ""Số Sinh viên"": ""26.301 [ 3 ]"", ""• Khác"": ""378 ( Law School )"", ""Khuôn viên"": [""College Town"", ""412 mẫu Anh (1,67 km"", ""2"", "")""], ""Màu"": [""Cardinal red and white"", ""["", ""5"", ""]""], ""Linh vật"": ""Tusk the Razorback & Big Red"", ""Biệt danh"": ""Razorbacks"", ""Tài trợ"": ""$ 920,6 triệu (2014) [ 1 ]"", ""Kinh phí"": ""$485 million (FY 2013) [ 4 ]"", ""Website"": ""www .uark .edu"", ""Thành viên"": ""Southeastern Conference"", ""Hiệu trưởng danh dự"": ""G. David Gearhart [ 2 ]"", ""Phó hiệu trưởng"": ""Sharon Gaber"", ""Sinh viên đại học"": ""22.283 [ 3 ]"", ""Sinh viên sau đại học"": ""4.018 [ 3 ]""}"
368,Đại học Amherst,University,https://vi.wikipedia.org/wiki/%C4%90%E1%BA%A1i_h%E1%BB%8Dc_Amherst,"{""Khẩu hiệu"": ""Terras Irradient ( Latin )"", ""Khẩu hiệu trong Tiếng Anh"": ""Let them enlighten the lands [ 1 ]"", ""Loại hình"": ""Tư thục , Phi lợi nhuận"", ""Thành lập"": ""1821"", ""Tài trợ"": ""$2.378 billion (2018) [ 2 ]"", ""Viện trưởng"": ""Carolyn Martin"", ""Giảng viên"": ""300 (Mùa thu 2018) [ 3 ]"", ""Sinh viên đại học"": ""1,855 (Mùa thu 2018) [ 3 ]"", ""Vị trí"": ""Amherst , Massachusetts , Hoa Kỳ"", ""Khuôn viên"": [""Nông thôn"", ""1,000 mẫu Anh (0,00405 km"", ""2"", "")""], ""Màu"": [""Màu tím và trắng"", ""["", ""4"", ""]""], ""Điền kinh"": ""NCAA Division III – NESCAC"", ""Liên kết thể thao"": [""Annapolis Group"", ""NEASC"", ""AICUM"", ""568 Group"", ""NAICU""], ""Linh vật"": [""Mammoths"", ""(trước đây là"", ""Lord Jeffs"", "")""], ""Website"": ""www .amherst .edu""}"
369,Đại học Amsterdam,University,https://vi.wikipedia.org/wiki/%C4%90%E1%BA%A1i_h%E1%BB%8Dc_Amsterdam,"{""Tên cũ"": [""Athenaeum Illustre"", ""(1632–1877)"", ""Municipal University of Amsterdam"", ""(1877–1961)""], ""Loại hình"": ""Đại học công lập"", ""Thành lập"": ""1632, trở thành đại học vào năm 1877 ; 148 năm trước ( 1877 )"", ""Viện trưởng"": ""Edith Hooge"", ""Rector Magnificus"": ""Peter-Paul Verbeek"", ""Giảng viên"": ""2,425 [ 3 ]"", ""Nhân viên quản lý"": ""2,369 [ 3 ]"", ""Tổng nhân viên"": ""5,777 (2022) [ 4 ]"", ""Sinh viên"": ""42,171 (2022) [ 5 ]"", ""Vị trí"": [""Amsterdam"", "","", ""Bắc Holland"", "","", ""Hà Lan"", ""52°22′6″B"", ""4°53′25″Đ"", ""﻿ / ﻿"", ""52,36833°B 4,89028°Đ"", ""﻿ /"", ""52.36833; 4.89028""], ""Khuôn viên"": ""Urban"", ""Màu"": [""Hồng y"", "","", ""đen"", "","", ""trắng"", ""và"", ""xám"", ""["", ""6"", ""]""], ""Liên kết"": ""LERU , UNICA , Hiệp hội đại học châu Âu , Universitas 21"", ""Website"": ""uva .nl""}"
370,Đại học Athens,University,https://vi.wikipedia.org/wiki/%C4%90%E1%BA%A1i_h%E1%BB%8Dc_Athens,"{""Loại"": ""công lập"", ""Thành lập"": ""3 tháng 5 năm 1837 [ 1 ]"", ""Hiệu trưởng"": ""Theodosis Pelegrinis [ 2 ] [ 3 ]"", ""Dạng thời khóa biểu"": ""Semester"", ""Khuôn viên"": ""Urban , Suburban"", ""Newspaper"": ""\""To Kapodistriako\"" [ 4 ]"", ""Website"": ""www.uoa.gr"", ""Thành viên"": ""C.U.M. , UNIMED , UNICA , EUA , ΕΑΙΕ , Atomium Culture"", ""Sinh viên đại học"": "">50,000""}"
372,Đại học Bagdad,University,https://vi.wikipedia.org/wiki/%C4%90%E1%BA%A1i_h%E1%BB%8Dc_Bagdad,{}
378,Đại học Tiểu bang Kentucky,University,https://vi.wikipedia.org/wiki/%C4%90%E1%BA%A1i_h%E1%BB%8Dc_Bang_Kentucky,{}
379,Đại học bang Ohio,University,https://vi.wikipedia.org/wiki/%C4%90%E1%BA%A1i_h%E1%BB%8Dc_Bang_Ohio,{}
385,Đại học Barcelona,University,https://vi.wikipedia.org/wiki/%C4%90%E1%BA%A1i_h%E1%BB%8Dc_Barcelona,"{""Khẩu hiệu"": ""Libertas perfundet omnia luce"", ""Khẩu hiệu trong Tiếng Anh"": ""Freedom bathes everything with light"", ""Loại hình"": ""Đại học công lập"", ""Thành lập"": ""3 tháng 11 năm 1450 ; 574 năm trước ( 1450-11-03 )"", ""Hiệu trưởng"": ""Joan Guàrdia"", ""Nhân viên quản lý"": ""5,715"", ""Sinh viên"": ""62,995"", ""Vị trí"": ""Barcelona , Catalunya , Tây Ban Nha"", ""Khuôn viên"": ""4 with 16 faculties and 9 affiliated centres"", ""Ngôn ngữ"": ""Tiếng Catalan [ 1 ]"", ""Màu"": ""Sky blue [ 2 ] [ 3 ]"", ""Liên kết"": [""Coimbra Group"", ""LERU"", ""Hiệp hội đại học châu Âu"", ""Mediterranean Universities Union"", ""International Research Universities Network"", ""Vives Network"", ""Sino-Spanish University Alliance (SSU)""], ""Website"": ""ub .edu""}"
387,Đại học Humboldt Berlin,University,https://vi.wikipedia.org/wiki/%C4%90%E1%BA%A1i_h%E1%BB%8Dc_Berlin,{}
389,Đại học Bocconi,University,https://vi.wikipedia.org/wiki/%C4%90%E1%BA%A1i_h%E1%BB%8Dc_Bocconi,{}
390,Đại học Basel,University,https://vi.wikipedia.org/wiki/%C4%90%E1%BA%A1i_h%E1%BB%8Dc_Basel,{}
391,Đại học Beograd,University,https://vi.wikipedia.org/wiki/%C4%90%E1%BA%A1i_h%E1%BB%8Dc_Beograd,"{""Tọa độ"": ""44°49′06″B 20°27′27″Đ ﻿ / ﻿ 44,818441°B 20,457422°Đ ﻿ / 44.818441; 20.457422"", ""Loại"": ""Công"", ""Thành lập"": ""1808 [ 1 ]"", ""Hiệu trưởng"": ""Vladimir Bumbaširević"", ""Giảng viên"": ""4.289"", ""Số Sinh viên"": ""89.827"", ""Khuôn viên"": ""đô thị"", ""Màu"": """", ""Website"": ""www.bg.ac.rs"", ""Thành viên"": ""EUA , Erasmus , DAAD , AUF , DRC""}"
392,Đại học Belgrano,University,https://vi.wikipedia.org/wiki/%C4%90%E1%BA%A1i_h%E1%BB%8Dc_Belgrano,"{""Loại"": ""Tư nhân"", ""Khẩu hiệu"": ""Ad omnes pro scientia et cultura ( Latin )"", ""Thành lập"": ""11 tháng 9 1964"", ""Hiệu trưởng"": ""Avelino Porto"", ""Số Sinh viên"": ""ca. 10.000"", ""Website"": ""www.ub.edu.ar""}"
393,Đại học Boston,University,https://vi.wikipedia.org/wiki/%C4%90%E1%BA%A1i_h%E1%BB%8Dc_Boston,"{""Khẩu hiệu"": ""Αἰὲν ἀριστεύειν ( tiếng Hy Lạp )"", ""Loại hình"": ""Đại học nghiên cứu tư thục"", ""Thành lập"": ""1863 ; 162 năm trước ( 1863 )"", ""Sáng lập"": ""John McElroy"", ""Tôn giáo"": ""Công giáo La Mã ( Dòng Tên )"", ""Tài trợ"": ""2,58 tỷ Đô-la Mỹ (2020) [ 1 ]"", ""Phó viện trưởng"": ""David Quigley"", ""Giảng viên"": ""1.848 [ 2 ]"", ""Nhân viên quản lý"": ""2.690 [ 2 ]"", ""Sinh viên"": ""14.559 (Học kỳ Mùa Thu 2019) [ 2 ]"", ""Sinh viên đại học"": ""9.370 (Học kỳ Mùa Thu 2019) [ 2 ]"", ""Sinh viên sau đại học"": ""4.322 (Học kỳ Mùa Thu 2019) [ 2 ]"", ""Vị trí"": [""Chestnut Hill"", "","", ""Massachusetts"", "","", ""Hoa Kỳ"", ""42°20′6″B"", ""71°10′13″T"", ""﻿ / ﻿"", ""42,335°B 71,17028°T"", ""﻿ /"", ""42.33500; -71.17028""], ""Khuôn viên"": [""Ngoại ô"", ""- Tổng diện tích 340,0 mẫu Anh (137,6 ha)"", ""["", ""chuyển đổi: số không hợp lệ"", ""]"", ""["", ""2"", ""]"", ""Khuôn viên chính:"", ""Chestnut Hill"", ""175 mẫu Anh (71 ha)"", ""Cơ sở khác:"", ""Cơ sở Newton"", ""40 mẫu Anh (16 ha)"", ""Cơ sở Brighton"", ""65 mẫu Anh (26 ha)""], ""Màu"": ""Maroon và Vàng [ 3 ]""}"
397,Đại học Bonn,University,https://vi.wikipedia.org/wiki/%C4%90%E1%BA%A1i_h%E1%BB%8Dc_Bonn,"{""Loại hình"": ""Đại học công lập"", ""Thành lập"": [""1777"", ""; 248 năm trước"", ""("", ""1777"", "")"", ""("", ""Kurkölnische Akademie Bonn"", "");"", ""18 tháng 10 năm 1818"", ""; 207 năm trước"", ""("", ""1818-10-18"", "")"", ""(Đại học Bonn)""], ""Kinh phí"": ""850,2 triệu euro (không bao gồm bệnh viện đại học) [ 2 ]"", ""Hiệu trưởng"": ""Michael Hoch"", ""Giảng viên"": ""4,537 [ 3 ]"", ""Nhân viên quản lý"": ""1,759 [ 3 ]"", ""Sinh viên"": ""35,619 [ 3 ]"", ""Vị trí"": ""Bonn , Đức"", ""Khuôn viên"": ""Đô thị"", ""Màu"": ""Xanh, vàng, xám"", ""Liên kết"": ""Hiệp hội đại học châu Âu , German U15 , FGU , Erasmus , Excellence Initiative"", ""Website"": ""uni-bonn .de""}"
398,Đại học Brown,University,https://vi.wikipedia.org/wiki/%C4%90%E1%BA%A1i_h%E1%BB%8Dc_Brown,"{""Tên cũ"": ""Rhode Island College (1764–1804)"", ""Khẩu hiệu"": ""In Deo Speramus ( tiếng Latinh )"", ""Khẩu hiệu trong Tiếng Anh"": ""\""In God We Hope\"" [ 2 ]"", ""Loại hình"": ""Đại học nghiên cứu tư thục"", ""Thành lập"": ""15 tháng 9 năm 1764 ; 261 năm trước ( 1764-09-15 )"", ""Công nhận"": ""NECHE"", ""Liên kết học tập"": ""Hiệp hội Viện Đại học Mỹ COFHE URA NAICU Space-grant"", ""Tài trợ"": ""7,2 tỷ đô la Mỹ (2024) [ 3 ]"", ""Kinh phí"": ""1,28 tỷ đô la Mỹ (2023) [ 4 ]"", ""Viện trưởng"": ""Christina Paxson"", ""Phó hiệu trưởng"": ""Francis J. Doyle III"", ""Giảng viên"": ""848 [ 5 ]"", ""Sinh viên"": ""10,737 [ 5 ]"", ""Sinh viên đại học"": ""7,222 [ 5 ]"", ""Sinh viên sau đại học"": [""2,920"", ""["", ""5"", ""]"", ""595"", ""sinh viên y khoa"", ""["", ""5"", ""]""], ""Vị trí"": [""Providence"", "","", ""Rhode Island"", "","", ""Hoa Kỳ"", ""41°49′34″B"", ""71°24′11″T"", ""﻿ / ﻿"", ""41,82611°B 71,40306°T"", ""﻿ /"", ""41.82611; -71.40306""], ""Khuôn viên"": ""Midsize city, 143 mẫu Anh (58 ha)"", ""Những khuôn viên khác"": ""Groton Madrid"", ""Tờ báo"": ""The Brown Daily Herald"", ""Màu"": [""Seal Brown, Cardinal Red, và White"", ""["", ""6"", ""]""], ""Biệt danh"": ""Bears"", ""Liên kết thể thao"": ""NCAA Division I FCS – Ivy League ECAC Hockey EARC EAWRC NEISA CWPA IRA"", ""Linh vật"": ""Bruno the Bear"", ""Website"": ""brown.edu""}"
399,"Đại học California, Berkeley",University,https://vi.wikipedia.org/wiki/%C4%90%E1%BA%A1i_h%E1%BB%8Dc_California%2C_Berkeley,{}
400,Đại học Bách khoa Hồng Kông,University,https://vi.wikipedia.org/wiki/%C4%90%E1%BA%A1i_h%E1%BB%8Dc_B%C3%A1ch_khoa_H%E1%BB%93ng_K%C3%B4ng,"{""Khẩu hiệu"": ""開物成務 勵學利民 [ 1 ]"", ""Khẩu hiệu trong Tiếng Anh"": ""To learn and to apply, for the benefit of mankind [ 2 ]"", ""Loại hình"": ""Đại học công lập"", ""Thành lập"": [""1937"", ""1994 (granted university status)""], ""Chủ tịch Hội đồng trường"": ""Lâm Đại Huy"", ""Chưởng ấn"": [""Đặc khu trưởng Hồng Kông"", ""(Đương nhiệm:"", ""Lâm Trịnh Nguyệt Nga"", "")""], ""Viện trưởng"": ""Đằng Cẩm Quang"", ""Phó hiệu trưởng"": ""Trần Chính Hào"", ""Giảng viên"": ""1.352 [ 3 ]"", ""Sinh viên"": ""27.088 [ 3 ]"", ""Vị trí"": [""Hồng Khám"", "","", ""Cửu Long"", "","", ""Hồng Kông"", ""22°18′16,5″B"", ""114°10′49,4″Đ"", ""﻿ / ﻿"", ""22,3°B 114,16667°Đ"", ""﻿ /"", ""22.30000; 114.16667""], ""Khuôn viên"": [""Urban"", ""9,46"", ""hécta"", ""(0,0946"", ""km"", ""2"", "")"", ""["", ""4"", ""]""], ""Màu"": ""Red and Grey [ 5 ]"", ""Website"": ""polyu .edu .hk""}"
401,Đại học Buenos Aires,University,https://vi.wikipedia.org/wiki/%C4%90%E1%BA%A1i_h%E1%BB%8Dc_Buenos_Aires,"{""Loại"": ""công lập"", ""Khẩu hiệu"": ""Argentina Virtus Robur et Studium"", ""Thành lập"": ""1821"", ""Hiệu trưởng"": ""Rubén E. Hallú"", ""Giảng viên"": ""28.490"", ""Số Sinh viên"": ""308.594 (kể cả 5.532 học sinh trung học)"", ""Khuôn viên"": ""nội thành"", ""Website"": ""www.uba.ar"", ""Sinh viên đại học"": ""289.526"", ""Sinh viên sau đại học"": ""13.614""}"
405,Đại học Calcutta,University,https://vi.wikipedia.org/wiki/%C4%90%E1%BA%A1i_h%E1%BB%8Dc_Calcutta,"{""Khẩu hiệu"": ""Advancement of Learning"", ""Loại hình"": ""Public"", ""Thành lập"": ""ngày 24 tháng 1 năm 1857 ; Lỗi: Tham số đầu tiên không thể được phân tích như một ngày hoặc thời gian. ( ngày 24 tháng 1 năm 1857 )"", ""Chưởng ấn"": ""Bản mẫu:WB governor , ( Governor of West Bengal )"", ""Phó giám đốc"": ""Sonali Chakravarti Banerjee [ 1 ]"", ""Sinh viên"": ""22,520 [ 2 ]"", ""Sinh viên đại học"": ""3,715 [ 2 ]"", ""Sinh viên sau đại học"": ""15,750 [ 2 ]"", ""Nghiên cứu sinh"": ""1,631 [ 2 ]"", ""Vị trí"": [""Kolkata"", "","", ""Tây Bengal"", "","", ""Ấn Độ"", ""22°34′35″B"", ""88°21′43″Đ"", ""﻿ / ﻿"", ""22,57639°B 88,36194°Đ"", ""﻿ /"", ""22.57639; 88.36194""], ""Khuôn viên"": ""Urban"", ""Acronym"": ""CU"", ""Màu"": [""White"", ""Sky Blue""], ""Biệt danh"": ""CU"", ""Liên kết"": ""UGC , NAAC , AIU , AICTE"", ""Website"": ""www .caluniv .ac .in""}"
406,Đại học Cairo,University,https://vi.wikipedia.org/wiki/%C4%90%E1%BA%A1i_h%E1%BB%8Dc_Cairo,"{""Tên cũ"": [""Đại học Ai Cập"", ""(1908–1940)"", ""Đại học Fuad I"", ""(1940–1954)""], ""Khẩu hiệu"": ""التميز في التعليم الجامعي"", ""Khẩu hiệu trong Tiếng Anh"": ""Excellence in Higher Education."", ""Loại hình"": ""Đại học công lập"", ""Thành lập"": ""1908 ; 117 năm trước ( 1908 )"", ""Sáng lập"": [""Fuad I"", ""(Tiêu biểu nhất)""], ""Liên kết học tập"": [""UNIMED"", ""AAU"", ""AUF""], ""Viện trưởng"": ""Mohamed Samy Abdel-Sadak"", ""Giảng viên"": ""14.518+ (2024)"", ""Sinh viên"": ""207.853+ (2024)"", ""Vị trí"": [""Giza"", "","", ""Giza"", "","", ""Ai Cập"", ""30°01′39″B"", ""31°12′37″Đ"", ""﻿ / ﻿"", ""30,0276°B 31,21014°Đ"", ""﻿ /"", ""30.02760; 31.21014""], ""Khuôn viên"": ""Đô thị"", ""Du học sinh"": ""6.963+ (2024)"", ""Linh vật"": ""Thoth"", ""Website"": [""cu"", "".edu"", "".eg"", ""/Home"", ""("", ""English version"", "")""]}"
408,"Đại học California, Berkeley",University,https://vi.wikipedia.org/wiki/%C4%90%E1%BA%A1i_h%E1%BB%8Dc_California_t%E1%BA%A1i_Berkeley,"{""Loại"": ""Công lập"", ""Khẩu hiệu"": [""Fiat lux"", ""("", ""Latinh"", "")"", ""(Hãy có ánh sáng)""], ""Thành lập"": ""23 tháng 3 năm 1868 ; 157 năm trước ( 1868-03-23 )"", ""Giảng viên"": ""1.950"", ""Khuôn viên"": ""Nội Thành , 1.232 acre (5 km²)\nTổng diện tích sở hữu: 6,679 acre (27 km²)"", ""Linh vật"": ""Oski the Bear"", ""Tài trợ"": ""$4.6 tỉ (2018)"", ""Thể thao"": ""California Golden Bears"", ""Website"": ""www.berkeley.edu"", ""Hiệu trưởng danh dự"": ""Robert Birgeneau"", ""Sinh viên đại học"": ""30.853"", ""Sinh viên sau đại học"": ""11.666""}"
410,Đại học Cao Ly,University,https://vi.wikipedia.org/wiki/%C4%90%E1%BA%A1i_h%E1%BB%8Dc_Cao_Ly,"{""Tên cũ"": [""Bosung College"", ""(1905–1921)"", ""Bosung Professional College"", ""(1922–1945)""], ""Khẩu hiệu"": [""Libertas, Justitia, Veritas"", ""자유, 정의, 진리"", ""(自由, 正義, 眞理)"", ""(Tự do, Chính nghĩa, Chân lý)"", ""["", ""2"", ""]""], ""Khẩu hiệu trong Tiếng Anh"": ""\""Liberty, Justice, Truth\"""", ""Loại hình"": ""Đại học tư thục"", ""Thành lập"": ""5 tháng 5 năm 1905 ; 120 năm trước ( 1905-05-05 )"", ""Viện trưởng"": ""Jin-taek Chung [ 3 ]"", ""Giảng viên"": [""1,442 toàn thời gian"", ""2,834 bán thời gian"", ""(2019)"", ""["", ""4"", ""]""], ""Sinh viên"": ""29,757 (2019) [ 4 ]"", ""Sinh viên đại học"": ""21,165 (2019) [ 4 ]"", ""Sinh viên sau đại học"": ""8,592 (2019) [ 4 ]"", ""Vị trí"": ""Seongbuk-gu , Seoul , Hàn Quốc"", ""Khuôn viên"": ""Nội đô"", ""Màu"": ""Đỏ thắm"", ""Điền kinh"": ""Bóng đá , Bóng bầu dục , Bóng chày , Bóng rổ , Khúc côn cầu trên băng"", ""Biệt danh"": ""Anam Tigers"", ""Liên kết"": [""Hiệp hội các trường chuyên nghiệp về quan hệ quốc tế"", ""Đại học Mở Tanzania"", ""Đại học Washington tại St. Louis"", ""McDonnell International Scholars Academy"", ""["", ""5"", ""]""], ""Linh vật"": ""Hổ"", ""Website"": [""www.korea.edu"", ""(Tiếng Anh)"", ""www.korea.ac.kr"", ""(Tiếng Hàn)""], ""Hangul"": ""고려 대학교"", ""Hanja"": ""高麗 大學校"", ""Romaja quốc ngữ"": ""Goryeo Daehakgyo"", ""McCune–Reischauer"": ""Koryŏ Taehakkyo""}"
411,Đại học California,University,https://vi.wikipedia.org/wiki/%C4%90%E1%BA%A1i_h%E1%BB%8Dc_California,"{""Loại"": ""Hệ thống đại học tiểu bang công lập"", ""Khẩu hiệu"": ""Fiat lux ( Latin )"", ""Thành lập"": ""March 23, 1868 ; 157 năm trước ( March 23, 1868 )"", ""Nhân viên"": ""173,300 (2024) [ 1 ]"", ""Giảng viên"": ""25,400 (2024) [ 1 ]"", ""Số Sinh viên"": ""295,573 (2023) [ 2 ]"", ""Số cơ sở"": ""10 viện đại học, 1 trường luật, 1 phòng thí nghiệm quốc gia"", ""Màu"": [""Xanh & Vàng"", ""["", ""3"", ""]""], ""Kinh phí"": ""51,4 tỷ đô la (2023–2024) [ 1 ]"", ""Website"": ""www .universityofcalifornia .edu"", ""Sinh viên đại học"": ""233,272 (2023) [ 2 ]"", ""Sinh viên sau đại học"": ""62,229 (2023) [ 2 ]""}"
413,Đại học Karl tại Praha,University,https://vi.wikipedia.org/wiki/%C4%90%E1%BA%A1i_h%E1%BB%8Dc_Charles_%E1%BB%9F_Praha,{}
416,Đại học Bắc Kinh,University,https://vi.wikipedia.org/wiki/%C4%90%E1%BA%A1i_h%E1%BB%8Dc_B%E1%BA%AFc_Kinh,"{""Loại"": ""công lập"", ""Thành lập"": ""1898"", ""Hiệu trưởng"": ""Hứa Trí Hoành (许智宏)"", ""Giảng viên"": ""4.206"", ""Khuôn viên"": ""nội thành"", ""Website"": ""www.pku.edu.cn"", ""Thành viên"": ""IARU , APRU , BESETOHA , Universitas 21"", ""Sinh viên đại học"": ""15.128"", ""Sinh viên sau đại học"": ""15.039""}"
417,"Đại học California, Los Angeles",University,https://vi.wikipedia.org/wiki/%C4%90%E1%BA%A1i_h%E1%BB%8Dc_California%2C_Los_Angeles,"{""Loại"": ""Công lập"", ""Khẩu hiệu"": [""Fiat lux"", ""("", ""Latinh"", "")"", ""(Hãy có ánh sáng)""], ""Thành lập"": ""1881 , hơn 140 năm trước. Trở thành một phần của hệ thống UC vào năm 1919"", ""Hiệu trưởng"": ""Julio Frenk [ 4 ]"", ""Nhân viên"": ""32.883 (mùa thu 2023) [ 2 ]"", ""Giảng viên"": ""7.941 [ 3 ]"", ""Khuôn viên"": ""Nội thành , 419 acre (1.7 km²). Tổng diện tích sở hữu: 814 acre (3.2 km²)"", ""Màu"": [""Xanh da trời & vàng kim loại"", ""["", ""7"", ""]""], ""Linh vật"": ""Joe Bruin , Josephine Bruin"", ""Biệt danh"": ""gấu Bruin"", ""Tài trợ"": ""1,7 tỉ USD [ 1 ]"", ""Website"": ""www.ucla.edu"", ""Sinh viên đại học"": ""33.040 (mùa thu 2023) [ 5 ]"", ""Sinh viên sau đại học"": ""13.636 (mùa thu 2023) [ 6 ]""}"
419,Đại học Chiang Mai,University,https://vi.wikipedia.org/wiki/%C4%90%E1%BA%A1i_h%E1%BB%8Dc_Chiang_Mai,"{""Thành lập"": ""1964"", ""Hiệu trưởng"": ""Pongsak Angkasith"", ""Website"": ""http://www.cmu.ac.th""}"
421,Đại học Carnegie Mellon,University,https://vi.wikipedia.org/wiki/%C4%90%E1%BA%A1i_h%E1%BB%8Dc_Carnegie_Mellon,"{""Tên cũ"": [""Carnegie Technical Schools (1900–1912)"", ""Viện Công nghệ Carnegie (1912–1967)"", ""Viện Nghiên cứu Công nghiệp Mellon"", ""(1913–1967)""], ""Khẩu hiệu"": ""\""My heart is in the work\"" – Andrew Carnegie"", ""Loại hình"": ""Đại học nghiên cứu tư thục"", ""Thành lập"": ""15 tháng 11 năm 1900 ; 124 năm trước ( 1900-11-15 ) [ 1 ]"", ""Sáng lập"": ""Andrew Carnegie Andrew Mellon Richard B. Mellon"", ""Công nhận"": ""MSCHE"", ""Liên kết học tập"": ""Hiệp hội Viện Đại học Mỹ AITU NAICU ORAU URA Space-grant"", ""Tài trợ"": ""4,0 tỷ đô la Mỹ (2024) [ 2 ]"", ""Viện trưởng"": ""Farnam Jahanian"", ""Phó hiệu trưởng"": ""James Garrett"", ""Giảng viên"": ""1,483 [ 3 ]"", ""Sinh viên"": ""16,335 (2023) [ 4 ]"", ""Sinh viên đại học"": ""7,604 (2023) [ 4 ]"", ""Sinh viên sau đại học"": ""8,542 (2023) [ 4 ]"", ""Vị trí"": [""Pittsburgh"", "", Pennsylvania"", "","", ""Hoa Kỳ"", ""40°26′33″B"", ""79°56′36″T"", ""﻿ / ﻿"", ""40,4425°B 79,94333°T"", ""﻿ /"", ""40.44250; -79.94333""], ""Khuôn viên"": ""Thành phố lớn [ 6 ] , 157,2 mẫu Anh (63,6 ha) [ 5 ]"", ""Những khuôn viên khác"": ""Hoa Kỳ: Los Angeles Thành phố New York Mountain View Washington, D.C. Quốc tế: Doha Kigali Trực tuyến"", ""Tờ báo"": ""The Tartan"", ""Màu"": [""Red, black, steel gray, and iron gray"", ""["", ""7"", ""]"", ""["", ""8"", ""]""], ""Biệt danh"": ""Tartans"", ""Liên kết thể thao"": ""NCAA Division III – UAA PAC ACHA IRA [ 9 ]"", ""Linh vật"": ""Scotty the Scottish Terrier [ 10 ]"", ""Website"": ""cmu .edu""}"
425,Đại học Chulalongkorn,University,https://vi.wikipedia.org/wiki/%C4%90%E1%BA%A1i_h%E1%BB%8Dc_Chulalongkorn,"{""Tên cũ"": ""Royal Pages School Civil Service College of King Chulalongkorn"", ""Khẩu hiệu"": ""เกียรติภูมิจุฬาฯ คือเกียรติแห่งการรับใช้ประชาชน (không chính thức) เสาหลักแห่งแผ่นดิน (vision statement)"", ""Khẩu hiệu trong Tiếng Anh"": ""Honour of Chula is the Honour of Serving the Public (không chính thức) Pillar of the Kingdom (vision statement)"", ""Loại hình"": ""Đại học công lập tự chủ"", ""Thành lập"": ""26 tháng 3 năm 1917 ; 108 năm trước ( 1917-03-26 )"", ""Sáng lập"": ""Vajiravudh"", ""Liên kết học tập"": ""ASAIHL , Hệ thống Đại học ASEAN , APRU , Học viện Học giả Quốc tế McDonnell tại Đại học Washington ở St. Louis [ 1 ]"", ""Kinh phí"": ""5.535 triệu baht (FY2019)"", ""Viện trưởng"": ""Wilert Puriwat"", ""Sinh viên"": ""37.626 [ 2 ]"", ""Sinh viên đại học"": ""26.202 [ 2 ]"", ""Sinh viên sau đại học"": ""8.029 [ 2 ]"", ""Nghiên cứu sinh"": ""2.627 [ 2 ]"", ""Vị trí"": [""Pathum Wan"", "","", ""Băng Cốc"", "","", ""Thái Lan"", ""13°44′18″B"", ""100°31′56″Đ"", ""﻿ / ﻿"", ""13,738359°B 100,532097°Đ"", ""﻿ /"", ""13.738359; 100.532097""], ""Khuôn viên"": ""Đô thị 2,0944 km 2 (0,8087 dặm vuông Anh) [ chuyển đổi: số không hợp lệ ]"", ""Hiệu ca"": [""\""Maha Chulalongkorn\"""", ""(\""Great Chulalongkorn\"")""], ""Màu"": ""Pink"", ""Linh vật"": ""Samanea saman"", ""Website"": [""www"", "".chula"", "".ac"", "".th"", ""www"", "".chula"", "".ac"", "".th"", ""/en""]}"
426,Đại học Chicago,University,https://vi.wikipedia.org/wiki/%C4%90%E1%BA%A1i_h%E1%BB%8Dc_Chicago,"{""Khẩu hiệu"": ""Crescat scientia; vita excolatur ( tiếng Latinh )"", ""Khẩu hiệu trong Tiếng Anh"": ""\""Let knowledge grow from more to more; and so be human life enriched\"" [ 3 ]"", ""Loại hình"": ""Đại học nghiên cứu tư thục"", ""Thành lập"": ""1890 ; 135 năm trước ( 1890 ) [ 4 ]"", ""Sáng lập"": ""John D. Rockefeller"", ""Công nhận"": ""HLC"", ""Liên kết học tập"": ""Hiệp hội Viện Đại học Mỹ COFHE NAICU URA Space-grant"", ""Tài trợ"": ""10,4 tỷ đô la Mỹ (2024) [ 5 ]"", ""Viện trưởng"": ""Paul Alivisatos"", ""Phó hiệu trưởng"": ""Katherine Baicker"", ""Giảng viên"": ""2,859 [ 6 ]"", ""Nhân viên quản lý"": ""15,949 (bao gồm Trung tâm Y khoa Đại học Chicago ) [ 6 ]"", ""Sinh viên"": ""18,452"", ""Sinh viên đại học"": ""7,559 [ 7 ]"", ""Sinh viên sau đại học"": ""10,893 [ 7 ]"", ""Vị trí"": [""Chicago"", "","", ""Illinois"", "","", ""Hoa Kỳ"", ""41°47′23″B"", ""87°35′59″T"", ""﻿ / ﻿"", ""41,78972°B 87,59972°T"", ""﻿ /"", ""41.78972; -87.59972""], ""Khuôn viên"": ""Thành phố lớn [ 8 ] , 217 mẫu Anh (87,8 ha) (khuôn viên chính) [ 7 ]"", ""Những khuôn viên khác"": ""Bắc Kinh Chikaming Township, Michigan [ 9 ] Delhi Hồng Kông Luân Đôn Luxor Paris [ 10 ]"", ""Tờ báo"": ""The Chicago Maroon"", ""Màu"": ""Maroon [ 11 ]"", ""Biệt danh"": ""Maroons"", ""Liên kết thể thao"": ""NCAA Division III – UAA MWC CCIW"", ""Linh vật"": ""Phil the Phoenix"", ""Website"": ""uchicago .edu""}"
427,Đại học Chiết Giang,University,https://vi.wikipedia.org/wiki/%C4%90%E1%BA%A1i_h%E1%BB%8Dc_Chi%E1%BA%BFt_Giang,"{""Khẩu hiệu"": ""求是创新 [ 1 ]"", ""Loại hình"": ""Công lập"", ""Thành lập"": ""1897"", ""Giảng viên"": ""4191"", ""Sinh viên"": ""60739 [ 2 ]"", ""Sinh viên đại học"": ""29209"", ""Sinh viên sau đại học"": ""31531"", ""Vị trí"": [""Tây Hồ"", "","", ""Hàng Châu"", "","", ""Cộng hòa nhân dân Trung Hoa"", ""30°15′49″B"", ""120°07′15″Đ"", ""﻿ / ﻿"", ""30,26361°B 120,12083°Đ"", ""﻿ /"", ""30.26361; 120.12083""], ""Khuôn viên"": ""Đô thị, 6.22 km²"", ""Màu"": ""Xanh và đỏ"", ""Linh vật"": ""Đại bàng cầu thị 求是鹰 [ 3 ]""}"
428,Đại học Comenius,University,https://vi.wikipedia.org/wiki/%C4%90%E1%BA%A1i_h%E1%BB%8Dc_Comenius,{}
429,Đại học Colgate,University,https://vi.wikipedia.org/wiki/%C4%90%E1%BA%A1i_h%E1%BB%8Dc_Colgate,"{""Tọa độ"": ""42°49′10″B 75°32′11″T ﻿ / ﻿ 42,81944°B 75,53639°T ﻿ / 42.81944; -75.53639"", ""Loại"": ""Tư"", ""Khẩu hiệu"": ""Deo Ac Veritati ( For God and Truth )"", ""Thành lập"": ""1819"", ""Hiệu trưởng"": ""Brian Casey [ 2 ]"", ""Giảng viên"": ""249"", ""Khuôn viên"": ""2.08 km² [ 4 ]"", ""Màu"": [""Đỏ đun"", ""và"", ""trắng"", ""["", ""5"", ""]""], ""Linh vật"": ""Raider"", ""Biệt danh"": ""Raiders"", ""Tài trợ"": ""849 triệu USD [ 1 ]"", ""Website"": ""www .colgate .edu"", ""Sinh viên đại học"": ""2,927 [ 3 ]"", ""Sinh viên sau đại học"": ""12""}"
430,Đại học Copenhagen,University,https://vi.wikipedia.org/wiki/%C4%90%E1%BA%A1i_h%E1%BB%8Dc_Copenhagen,"{""Loại"": ""Công lập"", ""Khẩu hiệu"": ""Coelestem adspicit lucem ( Latin )"", ""Thành lập"": ""1479"", ""Hiệu trưởng"": ""Ralf Hemmingsen"", ""Nhân viên"": ""App. 7.000 persons/app. 5.500 full-time equivalents"", ""Số Sinh viên"": ""37.986 ngày 1.10.2007"", ""Website"": ""www.ku.dk/english/"", ""Thành viên"": ""IARU , EUA , LAOTSE""}"
433,Đại học Cornell,University,https://vi.wikipedia.org/wiki/%C4%90%E1%BA%A1i_h%E1%BB%8Dc_Cornell,"{""Loại"": ""tư thục với 14 trường và cao đẳng."", ""Khẩu hiệu"": [""\""Tôi sẽ thành lập một trường mà bất cứ người nào cũng có thể tìm thấy hướng dẫn về bất cứ ngành nào.\"""", ""–Ezra Cornell, 1865"", ""["", ""1"", ""]""], ""Thành lập"": ""1865"", ""Hiệu trưởng"": ""David J. Skorton"", ""Giảng viên"": [""1.594 Ithaca"", ""1.005 New York City"", ""34 Qatar†""], ""Khuôn viên"": ""4.800 acres (19 km²)"", ""Màu"": ""Carnelian và trắng"", ""Linh vật"": ""The Cornell University Athletic Logo Không có. Mascot không chính thức là con gấu đôi khi được gọi là [ 4 ]"", ""Biệt danh"": ""Big Red"", ""Tài trợ"": ""10.0 tỉ $ [ 2 ]"", ""Website"": ""www.cornell.edu"", ""Thành viên"": ""Ivy League , AAU"", ""Sinh viên đại học"": ""13.515 Ithaca"", ""Sinh viên sau đại học"": [""5.932 Ithaca"", ""818 New York City"", ""135 Qatar"", ""["", ""3"", ""]""]}"
434,Đại học Cát Lâm,University,https://vi.wikipedia.org/wiki/%C4%90%E1%BA%A1i_h%E1%BB%8Dc_C%C3%A1t_L%C3%A2m,"{""Khẩu hiệu"": ""求实创新 励志图强 [ 1 ]"", ""Khẩu hiệu trong Tiếng Anh"": ""Truth · Innovation · Aspiration [ 2 ]"", ""Loại hình"": ""Đại học công lập"", ""Thành lập"": ""1946 ; 79 năm trước ( 1946 )"", ""Viện trưởng"": ""Trương Hy ( 张希 ) [ 3 ]"", ""Giảng viên"": ""6.624 (tháng 6 năm 2019)"", ""Nhân viên quản lý"": ""15.626 [ cần dẫn nguồn ]"", ""Sinh viên đại học"": ""41.734 (tháng 6 năm 2019)"", ""Sinh viên sau đại học"": ""26.872 (tháng 6 năm 2019)"", ""Nghiên cứu sinh"": ""7.813 (tháng 6 năm 2019)"", ""Vị trí"": ""Trường Xuân , Cát Lâm , Trung Quốc"", ""Khuôn viên"": ""611 hécta (1.510 mẫu Anh)"", ""Biệt danh"": ""吉大"", ""Liên kết"": [""BRICS Universities League"", ""Double First-Class Construction"", ""Đề án 211"", ""Đề án 985""], ""Website"": ""www .jlu .edu .cn"", ""Giản thể"": ""吉林大学"", ""Phồn thể"": ""吉林大學"", ""Phiên âm"": ""Phiên âm Tiếng Hán tiêu chuẩn Bính âm Hán ngữ Jílín Dàxué"", ""Bính âm Hán ngữ"": ""Jílín Dàxué""}"
435,Đại học Complutense Madrid,University,https://vi.wikipedia.org/wiki/%C4%90%E1%BA%A1i_h%E1%BB%8Dc_Complutense_Madrid,"{""Tên cũ"": ""Estudio de Escuelas Generales de Alcalá (1293-1499)"", ""Khẩu hiệu"": ""tiếng Latinh: Libertas Perfundet Omnia Luce (\""Tự do mang ánh sáng tràn khắp vạn vật\"")"", ""Loại hình"": ""Đại học công lập"", ""Thành lập"": ""20 tháng 5 năm 1293"", ""Kinh phí"": ""607.559.030 euro"", ""Hiệu trưởng"": ""Carlos Andradas Heranz"", ""Nhân viên quản lý"": ""11.162"", ""Sinh viên đại học"": ""74.771"", ""Sinh viên sau đại học"": ""11.388"", ""Vị trí"": ""Madrid , Tây Ban Nha"", ""Khuôn viên"": ""Nội ô (các quận Ciudad Universitaria và Somosaguas)"", ""Màu"": ""Amaranth & Dijon"", ""Liên kết"": ""Europaeum, Nhóm Đại học Compostela, Mạng lưới Utrecht, Mạng lưới các trường đại học thủ đô châu Âu (UNICA), Hiệp hội Đại học Quốc tế (IAU)"", ""Website"": ""www .ucm .es""}"
440,Đại học Columbia,University,https://vi.wikipedia.org/wiki/%C4%90%E1%BA%A1i_h%E1%BB%8Dc_Columbia,"{""Tên cũ"": [""King's College"", ""(1754–1784)"", ""Columbia College"", ""(1784–1896)""], ""Khẩu hiệu"": ""In lumine Tuo videbimus lumen ( tiếng Latinh )"", ""Khẩu hiệu trong Tiếng Anh"": ""\""In Thy light shall we see light\"" [ 2 ]"", ""Loại hình"": ""Đại học nghiên cứu tư thục"", ""Thành lập"": ""25 tháng 5 năm 1754 ; 271 năm trước ( 1754-05-25 )"", ""Công nhận"": ""MSCHE"", ""Liên kết học tập"": ""AAU NAICU URA Space-grant"", ""Tài trợ"": ""14,8 tỷ đô la Mỹ (2024) [ 3 ]"", ""Kinh phí"": ""6,6 tỷ đô la Mỹ (2024) [ 4 ]"", ""Viện trưởng"": ""Claire Shipman (quyền)"", ""Phó hiệu trưởng"": ""Angela Olinto"", ""Giảng viên"": ""4,628 [ 5 ]"", ""Sinh viên"": ""36,649 [ 6 ]"", ""Sinh viên đại học"": ""9,761 [ 6 ]"", ""Sinh viên sau đại học"": ""26,888 [ 6 ]"", ""Vị trí"": [""Thành phố New York"", "","", ""New York"", "","", ""Hoa Kỳ"", ""40°48′27″B"", ""73°57′43″T"", ""﻿ / ﻿"", ""40,8075°B 73,96194°T"", ""﻿ /"", ""40.80750; -73.96194""], ""Khuôn viên"": ""Đô thị , 299 mẫu Anh (1,21 km 2 )"", ""Tờ báo"": ""Columbia Daily Spectator"", ""Màu"": [""Columbia Blue và White"", ""["", ""7"", ""]""], ""Biệt danh"": ""Lions"", ""Liên kết thể thao"": ""NCAA Division I FCS – Ivy League EARC IRA EAWRC"", ""Linh vật"": ""Roar-ee the Lion"", ""Website"": ""columbia .edu""}"
441,Đại học Công giáo Hoa Kỳ,University,https://vi.wikipedia.org/wiki/%C4%90%E1%BA%A1i_h%E1%BB%8Dc_C%C3%B4ng_gi%C3%A1o_Hoa_K%E1%BB%B3,{}
445,Đại học Chung-Ang,University,https://vi.wikipedia.org/wiki/%C4%90%E1%BA%A1i_h%E1%BB%8Dc_Chung-Ang,"{""Tọa độ"": ""37°30′18″B 126°57′18″Đ ﻿ / ﻿ 37,50489°B 126,95503°Đ ﻿ / 37.50489; 126.95503"", ""Loại"": ""Tư thục"", ""Khẩu hiệu"": ""Sống trong sự thật, sống cho công lý"", ""Thành lập"": ""Là trường mẫu giáo vào năm 1918, được cấp phép thành đại học năm 1953."", ""Hiệu trưởng"": ""Giáo sư Lee Yong-Goo"", ""Giảng viên"": ""700 giáo sư và hơn 500 cán bộ giảng dạy bán thời gian [ 1 ]"", ""Số Sinh viên"": ""33600 sinh viên đại học + 5,200 sinh viên đã tốt nghiệp. [ 1 ]"", ""Khuôn viên"": ""Thành phố"", ""Màu"": ""Màu xanh"", ""Linh vật"": ""Rồng Xanh"", ""Biệt danh"": ""중대 (Jungdae)"", ""Website"": [""neweng.cau.ac.kr"", ""(Tiếng Anh)"", ""www.cau.ac.kr"", ""(Tiếng Hàn Quốc)""]}"
446,Đại học Cambridge,University,https://vi.wikipedia.org/wiki/%C4%90%E1%BA%A1i_h%E1%BB%8Dc_Cambridge,"{""Loại"": ""Công lập"", ""Khẩu hiệu"": [""Hinc lucem et pocula sacra"", ""("", ""tiếng Latinh"", "")"", ""Dịch nghĩa:"", ""Từ đây, ánh sáng và chén thánh"", ""Hàm ý:"", ""Từ nơi này chúng ta đạt được sự khai minh và tri thức quý giá""], ""Thành lập"": ""Khoảng năm 1209"", ""Hiệu trưởng"": ""David Sainsbury"", ""Nhân viên"": ""3,142 [ 2 ]"", ""Giảng viên"": ""5,999 [ 2 ]"", ""Số Sinh viên"": ""18,448 [ 2 ]"", ""Khuôn viên"": [""Nội thị"", ""366.444 mét vuông (36,6444 ha) (không kể các trường thành viên)"", ""["", ""3"", ""]""], ""Màu"": ""Cambridge Blue [ 4 ]"", ""Tài trợ"": ""4,3 tỉ bảng Anh (2011, bao gồm những trường thành viên) [ 1 ]"", ""Website"": ""www.cam.ac.uk"", ""Sinh viên đại học"": ""12,077 [ 2 ]"", ""Sinh viên sau đại học"": ""6,371 [ 2 ]""}"
449,Đại học Công nghiệp Cáp Nhĩ Tân,University,https://vi.wikipedia.org/wiki/%C4%90%E1%BA%A1i_h%E1%BB%8Dc_C%C3%B4ng_nghi%E1%BB%87p_C%C3%A1p_Nh%C4%A9_T%C3%A2n,"{""Khẩu hiệu"": ""规格严格，功夫到家"", ""Khẩu hiệu trong Tiếng Anh"": ""Rigor and Mastery"", ""Loại hình"": ""Đại học công lập"", ""Thành lập"": ""1920 ; 105 năm trước ( 1920 )"", ""Viện trưởng"": ""Hàn Kiệt Tài"", ""Giảng viên"": ""2.957"", ""Sinh viên đại học"": ""25.002"", ""Sinh viên sau đại học"": ""12.710"", ""Vị trí"": ""Cáp Nhĩ Tân , Hắc Long Giang Uy Hải , Sơn Đông Thâm Quyến , Quảng Đông"", ""Khuôn viên"": ""1.060.823 mẫu Anh (429.300 ha)"", ""Liên kết"": [""Liên minh C9"", ""Excellence League"", ""APRU"", ""Sino-Spanish University Alliance (SSU)"", ""Guangdong-Hong Kong-Macao University Alliance (GHMUA)"", ""UASR""], ""Website"": [""hit"", "".edu"", "".cn"", ""en"", "".hit"", "".edu"", "".cn""], ""Giản thể"": ""哈尔滨工业大学"", ""Phồn thể"": ""哈爾濱工業大學"", ""Phiên âm"": ""Phiên âm Tiếng Hán tiêu chuẩn Bính âm Hán ngữ Hā'ěrbīn Gōngyè Dàxué"", ""Bính âm Hán ngữ"": ""Hā'ěrbīn Gōngyè Dàxué""}"
454,Đại học Damas,University,https://vi.wikipedia.org/wiki/%C4%90%E1%BA%A1i_h%E1%BB%8Dc_Damascus,{}
458,Đại học Drexel,University,https://vi.wikipedia.org/wiki/%C4%90%E1%BA%A1i_h%E1%BB%8Dc_Drexel,"{""Tọa độ"": ""39°57′23″B 75°11′19″T ﻿ / ﻿ 39,956441°B 75,188686°T ﻿ / 39.956441; -75.188686"", ""Loại"": ""công lập"", ""Khẩu hiệu"": ""Khoa học, Công nghệ, Nghệ thuật"", ""Thành lập"": ""1891"", ""Hiệu trưởng"": ""John Anderson Fry"", ""Nhân viên"": ""1.404"", ""Số Sinh viên"": ""22.493"", ""Dạng thời khóa biểu"": ""Quarter"", ""Khuôn viên"": ""Thành thị"", ""Màu"": ""Blue và Gold"", ""Linh vật"": ""Rồng , \""Mario the Magnificent\"""", ""Tài trợ"": ""408 triệu USD [ 1 ]"", ""Website"": ""www.drexel.edu"", ""Phó hiệu trưởng"": ""TS. Mark Greenberg"", ""Sinh viên đại học"": ""13.484 [ 2 ]"", ""Sinh viên sau đại học"": ""9.009 [ 2 ]""}"
460,Đại học Delaware,University,https://vi.wikipedia.org/wiki/%C4%90%E1%BA%A1i_h%E1%BB%8Dc_Delaware,"{""Khẩu hiệu"": ""Scientia Sol Mentis Est ( tiếng Latin )"", ""Khẩu hiệu trong Tiếng Anh"": ""Kiến thức là ánh sáng của tâm trí"", ""Loại hình"": ""trường đại học nghiên cứu tư thục - công lập"", ""Thành lập"": ""1833 ; 192 năm trước ( 1833 ) (antecedent school founded 1743 and chartered 1769)"", ""Liên kết học tập"": [""Sea-grant"", ""Space-grant""], ""Tài trợ"": ""$1.466 billion (2019) [ 1 ]"", ""Viện trưởng"": ""Dennis Assanis"", ""Giảng viên"": ""1.172 (2012) [ 2 ]"", ""Nhân viên quản lý"": ""4.004"", ""Sinh viên"": ""24.120 (mùa Thu 2018) [ 3 ]"", ""Sinh viên đại học"": ""18.221 (mùa Thu 2018) [ 3 ]"", ""Sinh viên sau đại học"": ""4.164 (mùa Thu 2018) [ 3 ]"", ""Sinh viên khác"": ""1.735 (mùa Thu 2018) [ 3 ]"", ""Vị trí"": ""Newark , Delaware , Hoa Kỳ"", ""Khuôn viên"": ""Ngoại ô 2.012 mẫu Anh (8,14 km 2 ) [ 4 ]"", ""Màu"": [""Xanh biển vàng kim"", ""["", ""5"", ""]""], ""Biệt danh"": ""Fightin' Blue Hens"", ""Liên kết thể thao"": ""NCAA Division I FCS – CAA"", ""Linh vật"": ""YoUDee"", ""Website"": ""www .udel .edu""}"
461,Đại học Bang Florida,University,https://vi.wikipedia.org/wiki/%C4%90%E1%BA%A1i_h%E1%BB%8Dc_Bang_Florida,"{""Tên cũ"": [""Viện Florida (1854–1857)"", ""Học viện Nữ Tallahassee (1843–1858)"", ""Chủng viện Tây Florida (1857–1860; 1865–1901)"", ""Viện Quân sự và Đại học Florida (1860–1865)"", ""Trường Cao đẳng Văn học của Đại học Florida (1883–1885)"", ""Đại học Florida (1885–1903)"", ""Cao đẳng Bang Florida (1901–1905)"", ""Cao đẳng Nữ Florida (1905)"", ""Cao đẳng Bang Florida cho Phụ nữ (1905–1947)""], ""Khẩu hiệu"": ""Vires, Artes, Mores ( Latinh )"", ""Khẩu hiệu trong Tiếng Anh"": ""\""Sức mạnh, Kỹ năng, Phẩm chất\"""", ""Loại hình"": ""Công lập Đại học nghiên cứu"", ""Thành lập"": [""24 tháng 1 năm 1851"", "";"", ""174 năm trước"", ""("", ""1851-01-24"", "")"", ""["", ""note 1"", ""]""], ""Tổ chức mẹ"": ""Hệ thống Đại học Bang Florida"", ""Công nhận"": ""SACSCOC"", ""Liên kết học tập"": ""ORAU URA Sea-grant Space-grant"", ""Tài trợ"": ""947 triệu USD (2023) [ 4 ]"", ""Kinh phí"": ""3 tỷ USD (2024) [ 5 ]"", ""Viện trưởng"": ""Richard D. McCullough [ 6 ]"", ""Phó hiệu trưởng"": ""James J. Clark [ 7 ]"", ""Giảng viên"": ""2.727 [ 8 ]"", ""Nhân viên quản lý"": ""3.920 [ 8 ]"", ""Sinh viên"": ""43.701 (mùa thu 2023) [ 9 ]"", ""Sinh viên đại học"": ""31.933 (mùa thu 2023) [ 10 ]"", ""Sinh viên sau đại học"": ""11.768 (mùa thu 2023) [ 10 ]"", ""Vị trí"": [""Tallahassee"", "","", ""Florida"", "","", ""Hoa Kỳ"", ""30°26′31″B"", ""84°17′53″T"", ""﻿ / ﻿"", ""30,442°B 84,298°T"", ""﻿ /"", ""30.442; -84.298""], ""Khuôn viên"": [""Thành phố cỡ trung"", ""["", ""12"", ""]"", "", 487,5 mẫu Anh (1,973 km"", ""2"", "") (Khuôn viên chính)"", ""["", ""11"", ""]"", ""Tổng cộng, 1.715,5 mẫu Anh (6,942 km"", ""2"", "")""], ""Các khuôn viên khác"": ""Daytona Beach Fort Pierce Orlando Panama City Pensacola Sarasota London Florence Panama City Valencia"", ""Báo chí"": ""The Capital Collegian FSView & Florida Flambeau"", ""Màu"": [""Garnet và Gold"", ""["", ""13"", ""]"", ""["", ""14"", ""]""], ""Biệt danh"": ""Seminoles Noles"", ""Liên kết thể thao"": ""NCAA Division I FBS – ACC"", ""Linh vật"": ""Osceola and Renegade Cimarron"", ""Website"": ""fsu .edu""}"
465,Đại học Cần Thơ,University,https://vi.wikipedia.org/wiki/%C4%90%E1%BA%A1i_h%E1%BB%8Dc_C%E1%BA%A7n_Th%C6%A1,"{""Tên cũ"": ""Viện Đại học Cần Thơ [ 1 ]"", ""Loại"": ""Đại học đa ngành hệ công lập định hướng đại học đa thành viên"", ""Khẩu hiệu"": ""Đồng thuận - Tận tâm - Chuẩn mực - Sáng tạo"", ""Thành lập"": ""31 tháng 3 năm 1966 ; 59 năm trước ( 1966-03-31 )"", ""Hội đồng trường"": ""GS.TS. Nguyễn Thanh Phương ( Chủ tịch )"", ""Hiệu trưởng"": ""PGS.TS. Trần Trung Tính [ 3 ]"", ""Giảng viên"": ""1.104 người (trong đó có 597 Tiến sĩ với 20 người có chức danh Giáo sư và 175 người chức danh Phó Giáo sư) (2024)"", ""Viết tắt"": [""CTU"", ""Đại học CTU""], ""Thành viên của"": [""Sở Giáo dục và Đào tạo Thành phố CầnThơ"", ""["", ""2"", ""]"", ""Hệ thống Đại học ASEAN""], ""Thành viên"": ""Trường Trung học phổ thông Thực hành Sư phạm [ 5 ]"", ""Phó hiệu trưởng"": [""PGS.TS."", ""Nguyễn Hiếu Trung"", ""GS.TS."", ""Trần Ngọc Hải""], ""Sinh viên đại học"": [""33.190 người hệ chính quy (2024)"", ""3.484 người hệ vừa làm vừa học (2024)"", ""["", ""4"", ""]""], ""Sinh viên sau đại học"": ""2.263 người (2024) [ 4 ]"", ""Nghiên cứu sinh"": ""283 người (2024) [ 4 ]""}"
466,Đại học Dickinson,University,https://vi.wikipedia.org/wiki/%C4%90%E1%BA%A1i_h%E1%BB%8Dc_Dickinson,"{""Loại"": ""Tư thục , khai phóng"", ""Khẩu hiệu"": ""Pietate et doctrina tuta libertas (Tín ngưỡng và giáo dục, thành trì bảo vệ tự do)"", ""Thành lập"": ""1783"", ""Hiệu trưởng"": ""Giáo sư William G. Durden"", ""Nhân viên"": ""210"", ""Khuôn viên"": [""Ngoại thành"", "", 170"", ""acre"", ""(0.7"", ""km"", ""²)""], ""Biệt danh"": ""Quỷ đỏ"", ""Tài trợ"": ""$280.1 triệu đôla Mỹ"", ""Website"": ""http://www.dickinson.edu/"", ""Sinh viên đại học"": ""2.300""}"
470,Đại học Exeter,University,https://vi.wikipedia.org/wiki/%C4%90%E1%BA%A1i_h%E1%BB%8Dc_Exeter,"{""Khẩu hiệu"": ""tiếng Latinh : Lucem sequimur"", ""Khẩu hiệu trong Tiếng Anh"": ""We Follow The Light"", ""Loại hình"": ""công lập"", ""Thành lập"": [""1838 - St Luke's College"", ""1855 - Exeter School of Art"", ""1863 - Exeter School of Science"", ""1955 - University of Exeter (received"", ""royal charter"", "")""], ""Tài trợ"": ""38,2 triệu bảng Anh (thời điểm 31 tháng 7 năm 2018) [ 1 ]"", ""Kinh phí"": ""415,5 triệu bảng Anh (2017-18) [ 1 ]"", ""Chưởng ấn"": ""The Lord Myners"", ""Phó giám đốc"": ""Lisa Roberts"", ""Visitor"": ""Elizabeth II ex officio"", ""Giảng viên"": ""2.323 (2018/19) [ 2 ]"", ""Nhân viên quản lý"": ""2.647 (2018/19) [ 2 ]"", ""Sinh viên"": ""23.613 (2018/19)"", ""Sinh viên đại học"": ""18.932 (2018/19)"", ""Sinh viên sau đại học"": ""4.681 (2018/19)"", ""Vị trí"": [""Exeter"", "", Devon"", ""Penryn, Cornwall"", "","", ""Anh"", ""50°44′11″B"", ""3°32′04″T"", ""﻿ / ﻿"", ""50,736509°B 3,534422°T"", ""﻿ /"", ""50.736509; -3.534422""], ""Khuôn viên"": [""Streatham"", ""– 350 mẫu Anh (140 ha)"", ""["", ""3"", ""]"", ""Penryn"", ""– 70 mẫu Anh (28 ha)"", ""["", ""4"", ""]"", ""St Luke's"", ""– 16 mẫu Anh (6,5 ha)""], ""Màu"": ""Xanh lá và trắng"", ""Liên kết"": [""Russell Group"", ""Universities UK"", ""EUA"", ""ACU"", ""AMBA"", ""SETsquared"", ""GW4""], ""Website"": ""exeter .ac .uk""}"
472,Đại học Eötvös Loránd,University,https://vi.wikipedia.org/wiki/%C4%90%E1%BA%A1i_h%E1%BB%8Dc_E%C3%B6tv%C3%B6s_Lor%C3%A1nd,{}
473,Đại học Firenze,University,https://vi.wikipedia.org/wiki/%C4%90%E1%BA%A1i_h%E1%BB%8Dc_Firenze,"{""Loại"": ""State-supported"", ""Thành lập"": ""1321"", ""Hiệu trưởng"": ""Prof. Augusto Marinelli"", ""Nhân viên"": ""2.288"", ""Số Sinh viên"": ""ca 59.500"", ""Sports teams"": ""CUS Firenze ( http://www.cus.firenze.it/ )"", ""Website"": ""www.unifi.it"", ""Thành viên"": ""EUA""}"
475,Trường Đại học Gadjah Mada,University,https://vi.wikipedia.org/wiki/%C4%90%E1%BA%A1i_h%E1%BB%8Dc_Gadjah_Mada,{}
477,Đại học Genève,University,https://vi.wikipedia.org/wiki/%C4%90%E1%BA%A1i_h%E1%BB%8Dc_Geneva,{}
479,Đại học Freiburg,University,https://vi.wikipedia.org/wiki/%C4%90%E1%BA%A1i_h%E1%BB%8Dc_Freiburg,"{""Loại"": ""Đại học công lập"", ""Khẩu hiệu"": ""Die Wahrheit wird euch frei machen (\""The Truth Will Set You free\"")"", ""Thành lập"": ""1457"", ""Hiệu trưởng"": ""Prof. Dr. Hans-Jochen Schiewer"", ""Nhân viên"": ""4.578 cán bộ khoa học (gồm cả trung tâm y tế)"", ""Số Sinh viên"": ""21.622"", ""Màu"": ""Xanh da trời, đỏ, trắng"", ""Tài trợ"": ""268,3 triệu EUR p.a., [ 1 ] Medical Center ca. 560 mio EUR p.a. [ 2 ]"", ""Website"": ""www.uni-freiburg.de"", ""Thành viên"": ""EUA , IFPU , EUCOR LERU""}"
480,Đại học George Washington,University,https://vi.wikipedia.org/wiki/%C4%90%E1%BA%A1i_h%E1%BB%8Dc_George_Washington,"{""Tên cũ"": [""Cao đẳng Columbian"", ""["", ""1"", ""]"", ""Đại học Columbian"", ""["", ""2"", ""]""], ""Khẩu hiệu"": ""tiếng Latinh : Deus Nobis Fiducia"", ""Khẩu hiệu trong Tiếng Anh"": ""God is Our Trust [ 3 ] (Chúa là đức tin của chúng ta)"", ""Loại hình"": ""Tư thục"", ""Thành lập"": ""9 tháng 2 năm 1821"", ""Liên kết học tập"": ""CUWMA — NAICU — ORAU — SURA"", ""Tài trợ"": ""1,73 tỷ đô la Mỹ (2017) [ 4 ]"", ""Viện trưởng"": ""Thomas LeBlanc"", ""Phó hiệu trưởng"": ""Forrest Maltzman"", ""Giảng viên"": ""2.663"", ""Sinh viên"": ""27.159 (2016) [ 5 ]"", ""Sinh viên đại học"": ""11.244 (2016) [ 5 ]"", ""Sinh viên sau đại học"": ""15.486 (2016) [ 5 ]"", ""Sinh viên khác"": ""429 (2016) [ 5 ]"", ""Vị trí"": ""Washington, D.C. , Hoa Kỳ"", ""Khuôn viên"": [""Thành thị"", ""("", ""Foggy Bottom"", "")"", ""ngoại ô"", ""(khu trường sở núi Vernon và Virginia)""], ""Màu"": [""Nâu da bò và Xanh da trời"", ""["", ""6"", ""]""], ""Biệt danh"": ""Colonials"", ""Liên kết thể thao"": ""NCAA Division I – A-10"", ""Linh vật"": ""George [ 7 ]"", ""Website"": ""www .gwu .edu""}"
481,Đại học Edinburgh,University,https://vi.wikipedia.org/wiki/%C4%90%E1%BA%A1i_h%E1%BB%8Dc_Edinburgh,"{""Loại"": ""Đại học công lập / Đại học cổ đại"", ""Thành lập"": ""1582 (nhận sinh viên 1583) [ 1 ]"", ""Hiệu trưởng"": ""Ann Henderson"", ""Nhân viên"": ""5188 FTE [ 3 ]"", ""Số Sinh viên"": ""36,491 (2016/17) [ 4 ]"", ""Khuôn viên"": ""Đô thị"", ""Màu"": """", ""Tài trợ"": ""392.1 triệu bảng Anh (tính đến ngày 31 tháng 7 năm 2017) [ 2 ]"", ""Kinh phí"": ""905.8 triệu bảng Anh (2016–17) [ 2 ]"", ""Website"": ""www.ed.ac.uk"", ""Thành viên"": [""Nhóm Russell"", ""Nhóm Coimbra"", ""LERU"", ""Universitas 21"", ""Hiệp hội đại học châu Âu"", ""Universities UK"", ""Universities Scotland""], ""Hiệu trưởng danh dự"": ""Anne của Liên hiệp Anh"", ""Sinh viên đại học"": ""23,301 [ 4 ]"", ""Sinh viên sau đại học"": ""13,190 [ 4 ]""}"
482,Đại học Gdańsk,University,https://vi.wikipedia.org/wiki/%C4%90%E1%BA%A1i_h%E1%BB%8Dc_Gda%C5%84sk,"{""Khẩu hiệu"": ""In mari via tua (In sea your way)"", ""Thành lập"": ""20 tháng 3 năm 1970"", ""Hiệu trưởng"": ""Prof. UG dr hab. Jerzy Gwizdała"", ""Giảng viên"": ""1,700"", ""Sinh viên"": ""27,200"", ""Vị trí"": ""Gdańsk , Pomeranian Voivodeship , Ba Lan"", ""Website"": ""http://en.ug.edu.pl""}"
484,Đại học Duke,University,https://vi.wikipedia.org/wiki/%C4%90%E1%BA%A1i_h%E1%BB%8Dc_Duke,"{""Tên cũ"": ""Brown School (1838–1841) Union Institute (1841–1851) Normal College (1851–1859) Trinity College (1859–1924)"", ""Khẩu hiệu"": ""Eruditio et Religio ( Tiếng Latinh ) [ 1 ]"", ""Loại hình"": ""Tư thục"", ""Thành lập"": ""1838"", ""Tài trợ"": ""$12.70 tỉ (2021) [ 2 ] (Trường cũng là nguồn hưởng hoa lợi chính (32%) của tổ chức độc lập Duke Endowment trị giá $3.4 tỉ) [ 3 ]"", ""Kinh phí"": ""$7.7 tỉ (trong năm tài khóa 2022) [ 4 ]"", ""Giảng viên"": ""3,522 (Thu 2016) [ 3 ]"", ""Nhân viên quản lý"": ""8,435 Nhân viên khuôn viên 37,142 Nhân viên toàn hệ thống đại học và y tế (tính tới tháng 7 năm 2015) [ 3 ]"", ""Sinh viên"": ""14,832 (Thu 2016) [ 3 ]"", ""Sinh viên đại học"": ""6,449 (Thu 2016) [ 3 ]"", ""Sinh viên sau đại học"": ""8,383 (Thu 2016) [ 3 ]"", ""Vị trí"": [""Durham"", "","", ""North Carolina"", "","", ""Mỹ"", ""36°0′4″B"", ""78°56′20″T"", ""﻿ / ﻿"", ""36,00111°B 78,93889°T"", ""﻿ /"", ""36.00111; -78.93889""], ""Khuôn viên"": ""Ngoại ô 8.691 mẫu Anh (35,2 km 2 ) [ 3 ]"", ""Màu"": [""màu xanh Duke, trắng"", ""["", ""5"", ""]"", ""["", ""6"", ""]""]}"
485,Đại học Giao thông Thượng Hải,University,https://vi.wikipedia.org/wiki/%C4%90%E1%BA%A1i_h%E1%BB%8Dc_Giao_th%C3%B4ng_Th%C6%B0%E1%BB%A3ng_H%E1%BA%A3i,"{""Tên cũ"": ""Nanyang Public School Nan Yang College of Chiao Tung Đại học Giao thông Quốc gia Đại học Giao thông"", ""Khẩu hiệu"": [""饮水思源"", ""("", ""Yǐnshuǐsīyuán"", "")"", ""爱国荣校"", ""("", ""Àiguóróngxiào"", "")"", ""["", ""1"", ""]""], ""Khẩu hiệu trong Tiếng Anh"": ""Gratitude and Responsibility [ 2 ]"", ""Loại hình"": ""Đại học công lập"", ""Thành lập"": ""1896 ; 129 năm trước ( 1896 )"", ""Viện trưởng"": ""Đinh Khuê Lĩnh [ 3 ]"", ""Bí thư Đảng ủy"": ""Dương Chấn Bân"", ""Giảng viên"": ""3.061 [ 4 ]"", ""Sinh viên đại học"": ""16.221 [ 5 ]"", ""Sinh viên sau đại học"": ""21.768 [ 6 ]"", ""Vị trí"": [""Thượng Hải"", "","", ""Trung Quốc"", ""31°12′3″B"", ""121°25′47″Đ"", ""﻿ / ﻿"", ""31,20083°B 121,42972°Đ"", ""﻿ /"", ""31.20083; 121.42972"", ""﻿ ("", ""Shanghai Jiao Tong University"", "")""], ""Khuôn viên"": ""340 hécta (840 mẫu Anh)"", ""Liên kết"": ""C9 , Universitas 21 , Double First-Class Construction Đề án 985 , Đề án 211"", ""Website"": ""sjtu .edu .cn en .sjtu .edu .cn"", ""Giản thể"": ""上海交通大学"", ""Phồn thể"": ""上海交通大學"", ""Phiên âm"": ""Phiên âm Tiếng Hán tiêu chuẩn Bính âm Hán ngữ Shànghǎi Jiāotōng Dàxué Wade–Giles Shang-hai Chiao-t'ung Ta-hsüeh Tiếng Ngô Latinh hóa tiếng Thượng Hải Zånhae Jiohton Da-oh"", ""Bính âm Hán ngữ"": ""Shànghǎi Jiāotōng Dàxué"", ""Wade–Giles"": ""Shang-hai Chiao-t'ung Ta-hsüeh"", ""Latinh hóatiếng Thượng Hải"": ""Zånhae Jiohton Da-oh""}"
488,Đại học Giao thông Tây An,University,https://vi.wikipedia.org/wiki/%C4%90%E1%BA%A1i_h%E1%BB%8Dc_Giao_th%C3%B4ng_T%C3%A2y_An,"{""Tọa độ"": ""34°14′50″B 108°58′45″Đ ﻿ / ﻿ 34,24722°B 108,97917°Đ ﻿ / 34.24722; 108.97917"", ""Loại"": ""Đại học công lập chung cho nam và nữ"", ""Khẩu hiệu"": ""精勤求学，敦笃励志，果毅力行，忠恕任事"", ""Thành lập"": ""1896"", ""Hiệu trưởng"": ""Wang Shuguo 王树国"", ""Giảng viên"": ""5583"", ""Khuôn viên"": ""Nội thành"", ""Website"": ""en .xjtu .edu .cn"", ""Thành viên"": ""C9"", ""Sinh viên đại học"": ""32.000""}"
490,Đại học Graz,University,https://vi.wikipedia.org/wiki/%C4%90%E1%BA%A1i_h%E1%BB%8Dc_Graz,"{""Loại"": ""Công lập"", ""Thành lập"": ""1585"", ""Hiệu trưởng"": ""Alfred Gutschelhofer"", ""Nhân viên"": ""3.000"", ""Số Sinh viên"": ""22.000"", ""Website"": ""http://www.uni-graz.at"", ""Thành viên"": ""Coimbra Group , Utrecht Network""}"
491,Đại học Groningen,University,https://vi.wikipedia.org/wiki/%C4%90%E1%BA%A1i_h%E1%BB%8Dc_Groningen,"{""Loại"": ""State University"", ""Khẩu hiệu"": [""Verbum domini lucerna pedibus nostris"", ""(\""The word of the Lord is a light for our feet\"")""], ""Thành lập"": ""1614"", ""Hiệu trưởng"": ""Professor Sibrand Poppema"", ""Giảng viên"": ""5,000 employees"", ""Số Sinh viên"": ""27,699"", ""Website"": ""www.rug.nl""}"
492,Đại học Goethe Frankfurt,University,https://vi.wikipedia.org/wiki/%C4%90%E1%BA%A1i_h%E1%BB%8Dc_Goethe_Frankfurt,"{""Tên cũ"": ""Königliche Universität zu Frankfurt am Main [ 1 ]"", ""Loại hình"": ""Public"", ""Thành lập"": ""18 tháng 10 năm 1914 ( 1914-10-18 ) [ 1 ]"", ""Kinh phí"": ""€ 644.6 Mio. (2018) [ 2 ]"", ""Chưởng ấn"": ""Albrecht Fester [ 3 ]"", ""Viện trưởng"": ""Birgitta Wolff [ 4 ]"", ""Phó viện trưởng"": ""Simone Fulda , Rolf van Dick , Roger Erb , Manfred Schubert-Zsilavecz [ 5 ]"", ""Giảng viên"": ""3,055.97 ( FTE , 2018) [ 2 ]"", ""Nhân viên quản lý"": ""2,038.56 ( FTE , 2018) [ 2 ]"", ""Sinh viên"": ""46,325 (2019) [ 6 ]"", ""Sinh viên đại học"": ""21,366 (2019) [ 6 ]"", ""Sinh viên sau đại học"": ""7,169 (2019) [ 6 ]"", ""Nghiên cứu sinh"": ""1,664 (2019) [ 6 ]"", ""Sinh viên khác"": ""6,279 ( teacher education ) (2019) [ 6 ]"", ""Địa chỉ"": [""Campus Westend:"", ""Theodor-W.-Adorno-Platz 1"", "","", ""Frankfurt am Main"", "","", ""Hessen"", "","", ""60323"", "","", ""Germany"", ""50°7′40″B"", ""8°40′0″Đ"", ""﻿ / ﻿"", ""50,12778°B 8,66667°Đ"", ""﻿ /"", ""50.12778; 8.66667""], ""Khuôn viên"": ""multiple sites"", ""Ngôn ngữ"": ""Tiếng Đức"", ""Website"": ""www .goethe-university-frankfurt .de""}"
493,Đại học Glasgow,University,https://vi.wikipedia.org/wiki/%C4%90%E1%BA%A1i_h%E1%BB%8Dc_Glasgow,"{""Loại"": ""Công lập"", ""Khẩu hiệu"": [""Via, Veritas, Vita"", ""(Con đường, Sự thật và Cuộc sống)""], ""Thành lập"": ""1451"", ""Hiệu trưởng"": ""Mordechai Vanunu"", ""Nhân viên"": ""5.807 [ 2 ]"", ""Số Sinh viên"": ""20.018 [ 3 ]"", ""Màu"": [""Graduate"", ""Thạc sĩ Thần học"", ""Nha khoa"", ""Nursing""], ""Tài trợ"": ""£ 361.7 triệu [ 1 ]"", ""Website"": ""http://www.gla.ac.uk"", ""Thành viên"": ""Russell Group , Universitas 21"", ""Hiệu trưởng danh dự"": ""Sir Kenneth Calman"", ""Sinh viên đại học"": ""15.397 [ 4 ]"", ""Sinh viên sau đại học"": ""4.682 [ 4 ]""}"
494,Đại học Gothenburg,University,https://vi.wikipedia.org/wiki/%C4%90%E1%BA%A1i_h%E1%BB%8Dc_Gothenburg,"{""Khẩu hiệu"": ""Tradita innovare innovata tradere"", ""Khẩu hiệu trong Tiếng Anh"": ""Renew our heritage and pass it on renewed"", ""Loại hình"": ""Đại học công lập"", ""Thành lập"": ""1891 ; 134 năm trước ( 1891 )"", ""Liên kết"": ""EMU EUTOPIA"", ""Phó giám đốc"": ""Malin Broberg"", ""Sinh viên"": ""53,624 (2023), [ 2 ] 28,462 ( FTE ) [ 2 ]"", ""Nghiên cứu sinh"": ""801 [ 2 ]"", ""Vị trí"": ""Göteborg , Thụy Điển"", ""Khuôn viên"": ""Đô thị"", ""Màu"": ""blue, white"", ""Website"": ""www .gu .se /en /""}"
499,Đại học La Habana,University,https://vi.wikipedia.org/wiki/%C4%90%E1%BA%A1i_h%E1%BB%8Dc_Havana,{}
500,Đại học Hamburg,University,https://vi.wikipedia.org/wiki/%C4%90%E1%BA%A1i_h%E1%BB%8Dc_Hamburg,"{""Khẩu hiệu"": ""Der Forschung, der Lehre, der Bildung"", ""Khẩu hiệu trong Tiếng Anh"": ""For research, for teaching, for education"", ""Loại hình"": ""Đại học công lập"", ""Thành lập"": ""1919 ; 106 năm trước ( 1919 )"", ""Liên kết học tập"": ""EUA , Campus Europae , German U15 , German Excellence Initiative"", ""Kinh phí"": ""700 triệu euro [ 2 ]"", ""Chưởng ấn"": ""Martin Hecht"", ""Viện trưởng"": ""Hauke Heekeren [ de ]"", ""Giảng viên"": ""15,331 [ 2 ]"", ""Nhân viên quản lý"": ""8,896 [ 2 ]"", ""Sinh viên"": ""42,819 [ 2 ]"", ""Nghiên cứu sinh"": ""5,898 [ 2 ]"", ""Vị trí"": ""Hamburg , Đức"", ""Khuôn viên"": ""Đô thị"", ""Màu"": [""Red and white""], ""Website"": ""uni-hamburg .de""}"
501,Đại học Greenwich,University,https://vi.wikipedia.org/wiki/%C4%90%E1%BA%A1i_h%E1%BB%8Dc_Greenwich,"{""Tên cũ"": [""Trường Bách khoa Woolwich"", ""(1890–1970)"", ""Trường Bách khoa Thames"", ""(1970–1992)""], ""Khẩu hiệu"": ""tiếng Latinh : Discere, Agere, Conficere"", ""Khẩu hiệu trong Tiếng Anh"": ""\""To learn, to do, to achieve\"""", ""Loại hình"": ""Đại học công lập"", ""Thành lập"": [""1890"", ""("", ""1890"", "")"", ""- Trường Bách khoa Woolwich"", ""1992 - Đại học""], ""Kinh phí"": ""329,4 triệu bảng Anh (2023/2024) [ 1 ]"", ""Chưởng ấn"": ""Lord Boateng"", ""Phó giám đốc"": ""Jane Harrington"", ""Sinh viên"": ""(2019/20) [ 2 ]"", ""Sinh viên đại học"": ""(2019/20) [ 2 ]"", ""Sinh viên sau đại học"": ""(2019/20) [ 2 ]"", ""Vị trí"": [""Luân Đôn"", "","", ""Vương quốc Liên hiệp Anh và Bắc Ireland"", ""51°29′00″B"", ""0°00′22″T"", ""﻿ / ﻿"", ""51,483372°B 0,006075°T"", ""﻿ /"", ""51.483372; -0.006075""], ""Khuôn viên"": ""Multiple sites"", ""Màu"": ""Blue -"", ""Liên kết"": [""University Alliance"", ""Universities UK"", ""Association of Commonwealth Universities"", ""EUA""], ""Website"": ""gre .ac .uk""}"
505,Đại học Heidelberg,University,https://vi.wikipedia.org/wiki/%C4%90%E1%BA%A1i_h%E1%BB%8Dc_Heidelberg,"{""Khẩu hiệu"": ""Semper apertus ( tiếng Latinh ) [ 4 ]"", ""Khẩu hiệu trong Tiếng Anh"": ""Always open"", ""Loại hình"": ""Đại học công lập"", ""Thành lập"": ""18 tháng 10 năm 1386 ; 639 năm trước ( 1386-10-18 )"", ""Kinh phí"": ""764,9 triệu euro (2018) [ 5 ]"", ""Chưởng ấn"": ""Holger Schroeter"", ""Viện trưởng"": ""Frauke Melchior"", ""Nhân viên quản lý"": ""8,397 [ 6 ]"", ""Sinh viên"": ""28,959 (SS2024) [ 7 ]"", ""Sinh viên đại học"": ""10,458 [ 7 ]"", ""Sinh viên sau đại học"": ""13,410 [ 7 ]"", ""Nghiên cứu sinh"": ""4,114 [ 7 ]"", ""Vị trí"": [""Heidelberg"", "","", ""Baden-Württemberg"", "","", ""Đức""], ""Khuôn viên"": ""Đô thị / Làng đại học và ngoại ô"", ""Màu"": [""Sandstone red and gold""], ""Liên kết"": ""German Universities Excellence Initiative , LERU , Coimbra Group , U15 , Hiệp hội đại học châu Âu"", ""Website"": ""www .uni-heidelberg .de /en""}"
508,Đại học Helsinki,University,https://vi.wikipedia.org/wiki/%C4%90%E1%BA%A1i_h%E1%BB%8Dc_Helsinki,"{""Tọa độ"": ""60°10′10″B 024°57′0″Đ ﻿ / ﻿ 60,16944°B 24,95°Đ ﻿ / 60.16944; 24.95000"", ""Loại"": ""Công"", ""Thành lập"": ""1640"", ""Hiệu trưởng"": ""Thomas Wilhelmsson"", ""Nhân viên"": ""8.150"", ""Số Sinh viên"": ""35.200"", ""Khuôn viên"": ""Đô thị"", ""Tài trợ"": ""€ 624 triệu"", ""Website"": ""www.helsinki.fi/university"", ""Thành viên"": [""LERU"", ""Unica"", ""Utrecht Network"", ""Europaeum""], ""Hiệu trưởng danh dự"": ""Ilkka Niiniluoto"", ""Sinh viên đại học"": ""28.600"", ""Sinh viên sau đại học"": ""5.600""}"
509,Đại học Hebrew của Jerusalem,University,https://vi.wikipedia.org/wiki/%C4%90%E1%BA%A1i_h%E1%BB%8Dc_Hebrew_c%E1%BB%A7a_Jerusalem,"{""Loại"": ""công lập"", ""Thành lập"": ""1918"", ""Hiệu trưởng"": ""Giáo sư Sarah Stroumsa"", ""Giảng viên"": ""1.200"", ""Số Sinh viên"": ""22.000"", ""Biệt danh"": ""Hebrew U, HUJI"", ""Website"": ""http://new.huji.ac.il/en"", ""Thành viên"": ""UNIMED"", ""Sinh viên đại học"": ""12.000"", ""Sinh viên sau đại học"": ""10.000""}"
510,Đại học Cao Ly,University,https://vi.wikipedia.org/wiki/%C4%90%E1%BA%A1i_h%E1%BB%8Dc_H%C3%A0n_Qu%E1%BB%91c,{}
511,Đại học Nhà vua Luân Đôn,University,https://vi.wikipedia.org/wiki/%C4%90%E1%BA%A1i_h%E1%BB%8Dc_Ho%C3%A0ng_%C4%91%E1%BA%BF_Lu%C3%A2n_%C4%90%C3%B4n,{}
514,Đại học Göttingen,University,https://vi.wikipedia.org/wiki/%C4%90%E1%BA%A1i_h%E1%BB%8Dc_G%C3%B6ttingen,"{""Khẩu hiệu"": ""In publica commoda ( tiếng Latinh ) [ 2 ]"", ""Khẩu hiệu trong Tiếng Anh"": ""For the good of all"", ""Loại hình"": ""Đại học công lập"", ""Thành lập"": ""1734 ; 291 năm trước ( 1734 )"", ""Kinh phí"": ""1,438 tỷ euro [ 3 ]"", ""Viện trưởng"": ""Metin Tolan"", ""Giảng viên"": ""4,551 (2021) [ 4 ]"", ""Nhân viên quản lý"": ""8,825 (2021) [ 4 ]"", ""Sinh viên"": ""30,200 (2020–2021) [ 5 ]"", ""Nghiên cứu sinh"": ""713 (2021)"", ""Vị trí"": ""Göttingen , Niedersachsen , Đức"", ""Khuôn viên"": ""Làng đại học"", ""Màu"": ""Dark blue [ 6 ]"", ""Liên kết"": ""German Excellence Universities , Coimbra Group , U15 , EUA , U4 Network, Guild of European Research-Intensive Universities"", ""Website"": ""uni-goettingen .de""}"
515,Đại học Howard,University,https://vi.wikipedia.org/wiki/%C4%90%E1%BA%A1i_h%E1%BB%8Dc_Howard,"{""Loại"": ""Tư nhân"", ""Khẩu hiệu"": ""Veritas et Utilitas ( Truth and Service )"", ""Thành lập"": ""tháng 3 năm 1867"", ""Hiệu trưởng"": ""H. Patrick Swygert"", ""Nhân viên"": ""2.120"", ""Khuôn viên"": ""Đô thị"", ""Linh vật"": ""Bison"", ""Tài trợ"": ""424 triệu USD [ 1 ]"", ""Athletics"": ""NCAA Division 1\n16 sports teams"", ""Website"": ""www.howard.edu"", ""Sinh viên đại học"": ""12.000"", ""Sinh viên sau đại học"": ""3.617""}"
516,Đại học Harvard,University,https://vi.wikipedia.org/wiki/%C4%90%E1%BA%A1i_h%E1%BB%8Dc_Harvard,"{""Loại"": ""Tư thục"", ""Khẩu hiệu"": [""Veritas"", ""["", ""1"", ""]"", ""(Chân lý)""], ""Thành lập"": ""1636 [ 2 ]"", ""Hiệu trưởng"": ""Lawrence Bacow"", ""Nhân viên"": ""4 671 (2019) [ 5 ]"", ""Giảng viên"": ""2.100 (2009) [ 6 ]"", ""Số Sinh viên"": ""18 819 (2019) [ 4 ]"", ""Dạng thời khóa biểu"": ""Học kỳ"", ""Khuôn viên"": ""Nội thị . Khuôn viên chính: 210 mẫu Anh (85 ha); khu y khoa: 21 mẫu Anh (8,5 ha); khu Allston: 360 mẫu Anh (150 ha); những nơi khác: 4.500 mẫu Anh (1.800 ha) [ 7 ]"", ""Màu"": ""Đỏ thắm"", ""Biệt danh"": ""Harvard Crimson"", ""Tài trợ"": ""53,2 tỉ USD (2021) [ 3 ]"", ""Tờ báo"": ""The Harvard Crimson"", ""Website"": ""Harvard .edu"", ""Sinh viên đại học"": ""6 669 (2019) [ 4 ]"", ""Sinh viên sau đại học"": ""13 120 (2019) [ 4 ]""}"
518,Đại học Georgetown,University,https://vi.wikipedia.org/wiki/%C4%90%E1%BA%A1i_h%E1%BB%8Dc_Georgetown,"{""Tọa độ"": ""38°54′26″B 77°4′22″T ﻿ / ﻿ 38,90722°B 77,07278°T ﻿ / 38.90722; -77.07278"", ""Loại"": ""Đại học nghiên cứu phi lợi nhuận tư thục thành lập bởi hiến chương quốc hội"", ""Khẩu hiệu"": [""Utraque Unum"", ""(từ hai thành một)""], ""Thành lập"": ""23 tháng 1, 1789 [ 1 ]"", ""Sáng lập"": ""John Carroll"", ""Hiệu trưởng"": ""John J. DeGioia"", ""Nhân viên"": ""1.500 [ 4 ]"", ""Giảng viên"": [""Tổng cộng: 2.610"", ""["", ""3"", ""]"", ""1,389 toàn thời gian"", ""1,196 bán thời gian""], ""Số Sinh viên"": [""Tổng cộng: 19.005"", ""7.463 đại học"", ""11.542 sau đại học""], ""Khuôn viên"": ""nội đô , rộng 104 mẫu Anh (42,1 ha) [ 5 ]"", ""Màu"": [""Xanh biển"", ""Xám"", ""["", ""6"", ""]""], ""Biệt danh"": ""Hoyas"", ""Tài trợ"": ""2,59 tỷ USD (2021) [ 2 ]"", ""Website"": ""georgetown .edu""}"
519,Đại học Georgia,University,https://vi.wikipedia.org/wiki/%C4%90%E1%BA%A1i_h%E1%BB%8Dc_Georgia,"{""Khẩu hiệu"": ""tiếng Latinh : Et docere et rerum exquirere causas"", ""Khẩu hiệu trong Tiếng Anh"": ""\""To teach, to serve, and to inquire into the nature of things.\"" \""To serve\"" được bổ sung vào khẩu hiệu nhưng vẫn giữ nguyên khẩu hiệu cũ trên con dấu; khẩu hiệu trong tiếng Latinh nghĩa là \""Giảng dạy và cách vật trí tri.\"""", ""Loại hình"": ""Đại học nghiên cứu được cấp đất công lập hàng đầu [ 1 ] [ 2 ]"", ""Thành lập"": ""27 tháng 1 năm 1785 ; 240 năm trước ( 1785-01-27 )"", ""Tổ chức mẹ"": ""Hệ thống đại học Georgia"", ""Công nhận"": ""SACS"", ""Liên kết học tập"": ""GRA ORAU Sea-grant Space-grant"", ""Tài trợ"": ""1,82 tỷ đô la Mỹ (2021) [ 3 ] [ 4 ]"", ""Kinh phí"": ""1,79 tỷ đô la Mỹ (2022) [ 5 ]"", ""Viện trưởng"": ""Jere W. Morehead"", ""Phó hiệu trưởng"": ""S. Jack Hu [ 6 ]"", ""Giảng viên"": ""3.119 [ 7 ]"", ""Sinh viên"": ""40.118 (Thu 2021) [ 7 ]"", ""Sinh viên đại học"": ""30.166 (Thu 2021) [ 7 ]"", ""Sinh viên sau đại học"": ""9.952 (Thu 2021) [ 7 ]"", ""Vị trí"": [""Athens"", "","", ""Georgia"", "","", ""Hoa Kỳ"", ""33°57′21″B"", ""83°22′28″T"", ""﻿ / ﻿"", ""33,9558°B 83,3745°T"", ""﻿ /"", ""33.9558; -83.3745""], ""Khuôn viên"": [""Thành phố cỡ trung bình /"", ""Thị xã đại học"", "", 762 mẫu Anh (3,08 km"", ""2"", "") (khuôn viên chính)"", ""41,539 mẫu Anh (0,16810 km"", ""2"", "") (total)"", ""["", ""7"", ""]""], ""Tờ báo"": ""The Red & Black"", ""Màu"": [""Red và Black"", ""["", ""8"", ""]""], ""Biệt danh"": ""Bulldogs"", ""Liên kết thể thao"": ""NCAA Division I FBS – SEC"", ""Linh vật"": ""Uga XI ( chó bò Anh )"", ""Website"": ""www .uga .edu""}"
521,Đại học Hồng Kông,University,https://vi.wikipedia.org/wiki/%C4%90%E1%BA%A1i_h%E1%BB%8Dc_H%E1%BB%93ng_K%C3%B4ng,"{""Khẩu hiệu"": [""Sapientia et Virtus"", ""("", ""Latin"", "")"", ""明德格物 ("", ""tiếng Trung"", "")""], ""Loại hình"": ""Công lập"", ""Thành lập"": ""30 tháng 3 năm 1911 ; 114 năm trước ( 1911-03-30 )"", ""Chủ tịch Hội đồng trường"": ""Lý Quốc Chương"", ""Chưởng ấn"": ""Lý Gia Siêu ( Đặc khu trưởng Hồng Kông )"", ""Viện trưởng"": ""Trương Tường"", ""Phó viện trưởng"": [""La Triết Cơ"", ""Cung Bành"", ""Hà Lập Nhân"", ""Thân Tác Quân"", ""Điền Chi Nam""], ""Pro-chancellor"": ""David Li"", ""Giảng viên"": ""8266 [ 1 ]"", ""Nhân viên quản lý"": ""4295 [ 1 ]"", ""Sinh viên"": ""29.791 [ 2 ]"", ""Sinh viên đại học"": ""17.106 (57,4%) [ 2 ]"", ""Sinh viên sau đại học"": ""9.813 (32,9%) [ 2 ]"", ""Vị trí"": [""Bạc Phù Lâm"", "","", ""Hồng Kông"", ""22°17′3″B"", ""114°08′16″Đ"", ""﻿ / ﻿"", ""22,28417°B 114,13778°Đ"", ""﻿ /"", ""22.28417; 114.13778""], ""Khuôn viên"": [""Urban"", ""53,5"", ""hécta"", ""(0,535"", ""km"", ""2"", "")"", ""["", ""3"", ""]""], ""Báo chí"": ""Undergrad HKUSU (tiếng Trung)"", ""Màu"": ""Lục đậm [ 4 ]"", ""Liên kết"": ""ASAIHL , Universitas 21 , ACU , JUPAS , AACSB , EQUIS , APRU , UGC , Heads of Universities Committee, Joint Quality Review Committee, Washington University in St. Louis McDonnell International Scholars Academy [ 5 ]"", ""Linh vật"": ""Sư tử"", ""Website"": ""hku.hk""}"
522,Đại học Dartmouth,University,https://vi.wikipedia.org/wiki/%C4%90%E1%BA%A1i_h%E1%BB%8Dc_Dartmouth,"{""Tọa độ"": ""43°42′12″B 72°17′18″T ﻿ / ﻿ 43,70333°B 72,28833°T ﻿ / 43.70333; -72.28833"", ""Loại"": ""Tư"", ""Khẩu hiệu"": [""Vox clamantis in deserto"", ""(Tiếng người hô trong hoang địa)""], ""Thành lập"": ""Ngày 13 tháng 12 năm 1769"", ""Hiệu trưởng"": ""Sian Leah Beilock"", ""Giảng viên"": ""647 [ 2 ]"", ""Khuôn viên"": ""nội thành, 269 acre (1.1 km²)"", ""Màu"": ""Dartmouth màu xanh lá cây và màu trắng"", ""Linh vật"": ""Indian, [ 4 ] Keggy the Keg , [ 5 ] and Dartmouth Moose [ 6 ] (all unofficial)"", ""Biệt danh"": ""Big Green"", ""Tài trợ"": ""8.1 tỉ USD [ 1 ]"", ""Website"": ""www.dartmouth.edu"", ""Thành viên"": ""University of the Arctic"", ""Sinh viên đại học"": ""4,556 [ 3 ]"", ""Sinh viên sau đại học"": ""1.701 [ 3 ]""}"
530,Đại học Indonesia,University,https://vi.wikipedia.org/wiki/%C4%90%E1%BA%A1i_h%E1%BB%8Dc_Indonesia,"{""Tên cũ"": ""tiếng Hà Lan : School tot Opleiding van Inlandsche Artsen (School for the Education of Native Physicians)"", ""Khẩu hiệu"": ""Veritas, Probitas, Iustitia ( tiếng Latinh )"", ""Khẩu hiệu trong Tiếng Anh"": ""Truth, Honesty, Justice"", ""Loại hình"": ""Đại học công lập"", ""Thành lập"": [""1924 (as 'RHS/"", ""Rechts Hogeschool"", ""and GHS/"", ""Geneeskundige Hogeschool"", "")"", ""1947 (as"", ""Universiteit van Indonesië"", "")"", ""1950 (as"", ""Universiteit Indonesia"", "")""], ""Hiệu trưởng"": ""GS TS Ir. Heri Hermansyah, S.T., M.ENG., IPU"", ""Giảng viên"": ""7,300"", ""Sinh viên"": ""47.357 (năm học 2010) [ 1 ]"", ""Sinh viên đại học"": ""33.516 (năm học 2010) [ 1 ]"", ""Sinh viên sau đại học"": ""13.841 (năm học 2010) [ 1 ]"", ""Vị trí"": ""Jakarta , Indonesia [ a ]"", ""Khuôn viên"": ""Đô thị : khuôn viên Salemba Ngoại ô : khuôn viên Depok Diện tích tổng cộng 359 ha (888 mẫu Anh)"", ""Màu"": [""Đại học"", ""Khoa"", ""Khoa Y"", ""Khoa Nha khoa"", ""Khoa Toán và Khoa học tự nhiên"", ""Khoa Kỹ thuật"", ""Khoa Tin học"", ""Khoa Luật"", ""Khoa Kinh tế và Kinh doanh"", ""Khoa Nhân văn"", ""Khoa Tâm lý học"", ""Khoa Khoa học hành chính"", ""Khoa Khoa học xã hội và chính trị"", ""Khoa Y tế công cộng"", ""Khoa Điều dưỡng"", ""Khoa Dược"", ""Khoa Khoa học môi trường"", ""Trường Nghiên cứu chiến lược và toàn cầu"", ""Chương trình dạy nghề""], ""Liên kết"": ""Mạng lưới Đại học ASEAN , ASAIHL , APRU , ASEAN-European University Network (ASEA UNINET), [ 2 ] FUIW , [ 3 ] SEAMEO, Association of Universities of Asia and the Pacific (AUAP) [ 4 ] Washington University in St. Louis McDonnell International Scholars Academy [ 5 ]"", ""Website"": ""www .ui .ac .id""}"
531,Đại học Jagiellonia,University,https://vi.wikipedia.org/wiki/%C4%90%E1%BA%A1i_h%E1%BB%8Dc_Jagiellonia,"{""Tọa độ"": ""50°3′39″B 19°55′58″Đ ﻿ / ﻿ 50,06083°B 19,93278°Đ ﻿ / 50.06083; 19.93278"", ""Loại"": ""công"", ""Khẩu hiệu"": [""Plus ratio quam vis"", ""("", ""Let reason prevail over force"", "")""], ""Thành lập"": ""1364"", ""Hiệu trưởng"": ""Giáo sư Karol Musioł"", ""Số Sinh viên"": ""49.379 (2010)"", ""Khuôn viên"": ""đô thị"", ""Website"": ""http://www.uj.edu.pl/"", ""Thành viên"": ""EUA , Coimbra Group , Europaeum , Mạng Utrecht , EAIE , IRUN"", ""Sinh viên đại học"": ""43.762"", ""Sinh viên sau đại học"": ""3.212"", ""Nghiên cứu sinh"": ""2.405"", ""Sinh viên chuyên nghiệp"": ""2.885""}"
537,Đại học Johns Hopkins,University,https://vi.wikipedia.org/wiki/%C4%90%E1%BA%A1i_h%E1%BB%8Dc_Johns_Hopkins,"{""Khẩu hiệu"": ""Veritas vos liberabit ( tiếng Latinh )"", ""Khẩu hiệu trong Tiếng Anh"": ""\"" The truth will set you free \"""", ""Loại hình"": ""Đại học nghiên cứu tư thục"", ""Thành lập"": ""22 tháng 2 năm 1876 ; 149 năm trước ( 1876-02-22 )"", ""Công nhận"": ""MSCHE"", ""Liên kết học tập"": ""Hiệp hội Viện Đại học Mỹ COFHE CUWMA NAICU ORAU UARC URA Space-grant"", ""Tài trợ"": ""13,06 tỷ đô la Mỹ ( FY 2024) [ 3 ]"", ""Viện trưởng"": ""Ronald J. Daniels"", ""Phó hiệu trưởng"": ""Ray Jayawardhana"", ""Tổng nhân viên"": ""27,300 [ 4 ]"", ""Sinh viên"": ""30,549 (2022)"", ""Sinh viên đại học"": ""5,318 (2022) [ 5 ] :19"", ""Sinh viên sau đại học"": ""25,231 (2022) [ 5 ] :19"", ""Vị trí"": [""Baltimore"", "","", ""Maryland"", "","", ""Hoa Kỳ"", ""39°19′44″B"", ""76°37′13″T"", ""﻿ / ﻿"", ""39,32889°B 76,62028°T"", ""﻿ /"", ""39.32889; -76.62028""], ""Khuôn viên"": ""Thành phố lớn [ 6 ] , 140 mẫu Anh (57 ha)"", ""Other campuses"": ""Aberdeen California Columbia Elkridge Laurel Owings Mills Rockville St. Petersburg Washington Bologna Nam Kinh Singapore"", ""Tờ báo"": ""The Johns Hopkins News-Letter"", ""Màu"": [""Heritage blue and spirit blue"", ""["", ""7"", ""]""], ""Biệt danh"": ""Blue Jays"", ""Liên kết thể thao"": ""NCAA Division III - Centennial Big Ten MAWPC"", ""Linh vật"": ""Blue Jay"", ""Website"": ""Bản mẫu:Official url""}"
540,Đại học Istanbul,University,https://vi.wikipedia.org/wiki/%C4%90%E1%BA%A1i_h%E1%BB%8Dc_Istanbul,"{""Tên cũ"": [""Sahn-ı Seman Medresesi"", ""(1453–1846)"", ""Dârülfünûn-ı Şâhâne"", ""(1846–1912)"", ""İstanbul Dârülfünûnu"", ""(1912–1933)""], ""Khẩu hiệu"": ""tiếng Thổ Nhĩ Kỳ : Tarihten Geleceğe Bilim Köprüsü"", ""Khẩu hiệu trong Tiếng Anh"": ""Science Bridge from Past to the Future"", ""Loại hình"": ""Đại học nghiên cứu công lập"", ""Thành lập"": ""30 tháng 5 năm 1453 ; 572 năm trước ( 1453-05-30 )"", ""Sáng lập"": ""Mehmed II"", ""Kinh phí"": ""411 triệu đô la Mỹ (2025) [ 1 ]"", ""Hiệu trưởng"": ""GS TS Osman Bülent Zülfikar"", ""Giảng viên"": ""4.339 [ 2 ]"", ""Nhân viên quản lý"": ""5.885 [ 2 ]"", ""Sinh viên"": ""58.809 [ 2 ]"", ""Sinh viên đại học"": ""42.066 [ 2 ]"", ""Sinh viên sau đại học"": ""16.268 [ 2 ]"", ""Vị trí"": [""Istanbul"", "","", ""Thổ Nhĩ Kỳ"", ""41°00′46,93″B"", ""28°57′49,95″Đ"", ""﻿ / ﻿"", ""41°B 28,95°Đ"", ""﻿ /"", ""41.00000; 28.95000""], ""Khuôn viên"": ""Đô thị"", ""Nhà xuất bản đại học"": ""Istanbul University Press"", ""Màu"": """", ""Liên kết"": ""Coimbra Group EUA Bologna Process Erasmus Programme UNIMED UNAI AACSB"", ""Website"": ""www .istanbul .edu .tr""}"
543,Đại học Khoa học và Kỹ thuật Hoa Trung,University,https://vi.wikipedia.org/wiki/%C4%90%E1%BA%A1i_h%E1%BB%8Dc_Khoa_h%E1%BB%8Dc_v%C3%A0_K%E1%BB%B9_thu%E1%BA%ADt_Hoa_Trung,{}
548,Đại học Keio,University,https://vi.wikipedia.org/wiki/%C4%90%E1%BA%A1i_h%E1%BB%8Dc_Keio,"{""Loại"": ""Đại học tư thục"", ""Khẩu hiệu"": [""Calamvs gladio fortior"", ""("", ""Latin"", "":"", ""Ngòi bút sắc bén hơn đao kiếm"", "")""], ""Thành lập"": ""1858"", ""Nhân viên"": ""2.722 [ 1 ]"", ""Giảng viên"": ""chính thức 2.604 [ 1 ]"", ""Số Sinh viên"": ""33.825 [ 2 ]"", ""Khuôn viên"": ""Đô thị"", ""Màu"": ""Xanh lam và Đỏ"", ""Bài hát"": ""Wakaki chi"", ""Thể thao"": ""39 đội"", ""Biệt danh"": ""Unicorns , vân vân"", ""Website"": ""Đại học Keio"", ""Thành viên"": ""ASAIHL"", ""Hiệu trưởng danh dự"": ""Giáo sư Haseyama Akira"", ""Sinh viên đại học"": ""28.931 [ 2 ]"", ""Sinh viên sau đại học"": ""4.894 [ 2 ]"", ""Nghiên cứu sinh"": ""1.234 [ 2 ] [ 3 ]"", ""Sinh viên chuyên nghiệp"": ""789 [ 1 ]""}"
549,Đại học Kinh tế Quốc dân Plekhanov,University,https://vi.wikipedia.org/wiki/%C4%90%E1%BA%A1i_h%E1%BB%8Dc_Kinh_t%E1%BA%BF_Qu%E1%BB%91c_d%C3%A2n_Plekhanov,"{""Khẩu hiệu"": ""Phục vụ nước Nga!"", ""Thành lập"": ""1907"", ""Hiệu trưởng"": ""Viktor Ivanovich Grishin"", ""Nhân viên"": ""1.600"", ""Số Sinh viên"": ""17.000"", ""Khuôn viên"": ""Nội đô"", ""Website"": ""http://rea.ru"", ""Thành viên"": ""EUA , [ 1 ] EFMD [ 2 ]""}"
552,Đại học Kansas,University,https://vi.wikipedia.org/wiki/%C4%90%E1%BA%A1i_h%E1%BB%8Dc_Kansas,"{""Khẩu hiệu"": ""Videbo visionem hanc magnam quare non comburatur rubus ( tiếng Latinh )"", ""Khẩu hiệu trong Tiếng Anh"": ""\""I will see this great vision in which the bush does not burn.\"" ( Exodus 3:3) [ 1 ]"", ""Loại hình"": ""Đại học nghiên cứu công lập"", ""Thành lập"": ""21 tháng 3 năm 1864 ; 161 năm trước ( 1864-03-21 ) [ 2 ]"", ""Tổ chức mẹ"": ""Kansas Board of Regents"", ""Công nhận"": ""HLC"", ""Liên kết học tập"": ""Hiệp hội Viện Đại học Mỹ Space-grant"", ""Tài trợ"": ""2.36 tỷ đô la Mỹ (2023) [ 3 ]"", ""Kinh phí"": ""761.2 triệu đô la Mỹ (2022) [ a ] [ 4 ]"", ""Chưởng ấn"": ""Doug Girod"", ""Phó hiệu trưởng"": ""Barbara Bichelmeyer"", ""Giảng viên"": ""1,566 (kỳ thu năm 2022) [ b ] [ 5 ]"", ""Tổng nhân viên"": ""13,763 (kỳ thu năm 2022) [ b ] [ 6 ]"", ""Sinh viên"": ""30,770 (kỳ thu năm 2025) [ b ] [ 7 ] [ 8 ]"", ""Sinh viên đại học"": ""22,085 (kỳ thu năm 2024) [ b ] [ 9 ]"", ""Sinh viên sau đại học"": ""7,707 (kỳ thu năm 2024) [ b ] [ 9 ]"", ""Vị trí"": [""Lawrence"", "","", ""Kansas"", "","", ""Hoa Kỳ"", ""38°57′30″B"", ""95°14′52″T"", ""﻿ / ﻿"", ""38,9584°B 95,2478°T"", ""﻿ /"", ""38.9584; -95.2478""], ""Khuôn viên"": ""Làng đại học [ 10 ] , 1.000 mẫu Anh (4,0 km 2 )"", ""Khuôn viên khác"": ""Garden City Hays Leavenworth Kansas City Overland Park Parsons Salina Topeka Wichita Online"", ""Tờ báo"": ""The University Daily Kansan"", ""Màu"": [""Crimson và Blue"", ""["", ""11"", ""]""], ""Biệt danh"": ""Jayhawks"", ""Liên kết thể thao"": ""NCAA Division I FBS – Big 12"", ""Linh vật"": ""Big Jay Baby Jay Jay Doc (Medical Center)"", ""Website"": ""www .ku .edu"", ""Tên chính thức"": ""University of Kansas East Historic District"", ""Loại"": ""District"", ""Tiêu chuẩn"": ""Architecture, Education"", ""Đề cử"": ""January 8, 2014 [ 13 ]"", ""Số tham khảo"": ""13001038""}"
558,Đại học Kỹ thuật Quốc gia Donetsk,University,https://vi.wikipedia.org/wiki/%C4%90%E1%BA%A1i_h%E1%BB%8Dc_K%E1%BB%B9_thu%E1%BA%ADt_Qu%E1%BB%91c_gia_Donetsk,"{""Loại"": ""Đại học"", ""Thành lập"": ""1921"", ""Khuôn viên"": ""khu đô thị"", ""Website"": ""Official website"", ""Thành viên"": ""Bộ Giáo dục và khoa học Ukraina"", ""Phó hiệu trưởng"": ""Liashok Yaroslav"", ""Sinh viên đại học"": ""28000""}"
560,Đại học Kyōto,University,https://vi.wikipedia.org/wiki/%C4%90%E1%BA%A1i_h%E1%BB%8Dc_Kyoto,{}
561,Đại học Kỹ thuật Berlin,University,https://vi.wikipedia.org/wiki/%C4%90%E1%BA%A1i_h%E1%BB%8Dc_K%E1%BB%B9_thu%E1%BA%ADt_Berlin,"{""Khẩu hiệu"": ""Wir haben die Ideen für die Zukunft ( Tiếng Đức )"", ""Khẩu hiệu trong Tiếng Anh"": ""We've got the brains for the future [ 1 ]"", ""Loại hình"": ""Đại học công lập"", ""Thành lập"": ""1770 (Königliche Bergakademie zu Berlin) 1799 (Königliche Bauakademie zu Berlin) 1879 (Königlich Technische Hochschule zu Berlin) 1946 as Technische Universität Berlin"", ""Kinh phí"": ""€492,1 million (2017) [ 2 ]"", ""Viện trưởng"": ""Christian Thomsen (since 2014)"", ""Giảng viên"": ""3,120 [ 3 ]"", ""Nhân viên quản lý"": ""2,258 [ 3 ]"", ""Sinh viên"": ""35,570 [ 3 ]"", ""Vị trí"": [""Berlin"", "","", ""Berlin"", "","", ""Đức"", ""52°30′43″B"", ""13°19′35″Đ"", ""﻿ / ﻿"", ""52,51194°B 13,32639°Đ"", ""﻿ /"", ""52.51194; 13.32639""], ""Khuôn viên"": ""Urban"", ""Liên kết"": ""TIME , TU9 , EUA , CESAER , DFG , SEFI , PEGASUS , German Excellence Initiative , Berlin University Alliance"", ""Website"": ""www .tu .berlin""}"
562,Đại học La Habana,University,https://vi.wikipedia.org/wiki/%C4%90%E1%BA%A1i_h%E1%BB%8Dc_La_Habana,"{""Loại"": ""Công lập"", ""Thành lập"": ""1728"", ""Hiệu trưởng"": ""Rubén Zardoya Loureda"", ""Giảng viên"": ""15"", ""Số Sinh viên"": ""6.000"", ""Website"": ""www.uh.cu/""}"
564,Đại học Kobe,University,https://vi.wikipedia.org/wiki/%C4%90%E1%BA%A1i_h%E1%BB%8Dc_Kobe,"{""Loại"": ""Đại học Quốc gia"", ""Khẩu hiệu"": ""Liêm chính - Tự do - Hợp tác"", ""Thành lập"": ""1949"", ""Hiệu trưởng"": ""Takeda Hiroshi"", ""Nhân viên"": ""1,981"", ""Giảng viên"": ""1,704"", ""Khuôn viên"": ""Đô thị"", ""Website"": ""www .kobe-u .ac .jp"", ""Sinh viên đại học"": ""11,596"", ""Sinh viên sau đại học"": ""4,660"", ""Nghiên cứu sinh"": ""1,529 [ 1 ]""}"
565,Đại học Laval,University,https://vi.wikipedia.org/wiki/%C4%90%E1%BA%A1i_h%E1%BB%8Dc_Laval,{}
566,Đại học Kỹ thuật München,University,https://vi.wikipedia.org/wiki/%C4%90%E1%BA%A1i_h%E1%BB%8Dc_K%E1%BB%B9_thu%E1%BA%ADt_M%C3%BCnchen,"{""Khẩu hiệu"": ""Die unternehmerische Universität"", ""Khẩu hiệu trong Tiếng Anh"": ""Trường đại học khởi nghiệp"", ""Loại hình"": ""Công lập"", ""Thành lập"": ""1868 ( 1868 )"", ""Sáng lập"": ""Ludwig II của Bayern"", ""Liên kết học tập"": [""ATHENS"", ""CESAER"", ""EAIE"", ""EUA"", ""Eurotech"", ""GUEI"", ""PEGASUS"", ""TIME"", ""TU9""], ""Kinh phí"": ""1,407 tỷ euro (2016) [ 1 ]"", ""Viện trưởng"": ""Wolfgang A. Herrmann"", ""Giảng viên"": ""6.854 [ 2 ]"", ""Nhân viên quản lý"": ""3.249 [ 2 ]"", ""Sinh viên"": ""41.000 (2017) [ 3 ]"", ""Địa chỉ"": [""Arcisstraße 21"", "","", ""Munich"", "","", ""Bayern"", "","", ""80333"", "","", ""Đức"", ""48°08′56″B"", ""11°34′01″Đ"", ""﻿ / ﻿"", ""48,149°B 11,567°Đ"", ""﻿ /"", ""48.149; 11.567""], ""Khuôn viên"": ""Thành thị"", ""Màu"": ""Xanh biển"", ""Website"": ""www .tum .de""}"
567,Đại học Leipzig,University,https://vi.wikipedia.org/wiki/%C4%90%E1%BA%A1i_h%E1%BB%8Dc_Leipzig,"{""Loại"": ""công"", ""Khẩu hiệu"": ""Aus Tradition Grenzen überschreiten"", ""Thành lập"": ""1409"", ""Hiệu trưởng"": ""Beate Schücking"", ""Nhân viên"": ""3.246 (2009)"", ""Số Sinh viên"": ""28.125 (mùa Đông 2011/2012)"", ""Khuôn viên"": ""thành thị"", ""Website"": ""www.uni-leipzig.de/""}"
568,Đại học Latvia,University,https://vi.wikipedia.org/wiki/%C4%90%E1%BA%A1i_h%E1%BB%8Dc_Latvia,"{""Loại"": ""Đại học công lập"", ""Khẩu hiệu"": ""Scientiae et patriae ( Vì Khoa học và Tổ quốc )"", ""Thành lập"": ""1919"", ""Hiệu trưởng"": ""Mārcis Auziņš"", ""Số Sinh viên"": ""19,095 (2011)"", ""Dạng thời khóa biểu"": ""Học kỳ"", ""Website"": ""www.lu.lv"", ""Thành viên"": ""Utrecht Network , Hiệp hội Đại học châu Âu ( European University Association -EUA)"", ""Sinh viên đại học"": ""14,339 (2011)"", ""Nghiên cứu sinh"": ""853 (2011)""}"
571,Đại học Leiden,University,https://vi.wikipedia.org/wiki/%C4%90%E1%BA%A1i_h%E1%BB%8Dc_Leiden,"{""Loại"": ""Public"", ""Khẩu hiệu"": [""Libertatis Praesidium"", ""(Pháo đài tự do)""], ""Thành lập"": ""1575"", ""Hiệu trưởng"": ""Carel Stolker"", ""Giảng viên"": ""5.500"", ""Số Sinh viên"": ""25.800 (2015-2016)"", ""Người đoạt giải Nobel"": [""Heike Kamerlingh Onnes"", "","", ""Hendrik Lorentz"", "","", ""Pieter Zeeman"", "","", ""Willem Einthoven""], ""Website"": ""http://www.leiden.edu""}"
572,Đại học Kỹ thuật Quốc gia Moskva Bauman,University,https://vi.wikipedia.org/wiki/%C4%90%E1%BA%A1i_h%E1%BB%8Dc_K%E1%BB%B9_thu%E1%BA%ADt_Qu%E1%BB%91c_gia_Moskva_Bauman,"{""Loại"": ""Đại học kỹ thuật"", ""Khẩu hiệu"": [""\""Мужество, Воля, Труд, Упорство!\"""", ""\""Dũng cảm, Ý chí, Lao động, Kiên trì!\""""], ""Thành lập"": ""1830"", ""Hiệu trưởng"": ""Viện sĩ Viện Hàn lâm Khoa học Nga Anatoly Aleksandrovich Aleksandrov [ 1 ]"", ""Giảng viên"": ""4.500"", ""Khuôn viên"": ""Thành thị"", ""Website"": ""http://bmstu.ru/"", ""Sinh viên đại học"": ""19.000"", ""Sinh viên sau đại học"": ""3.000""}"
574,Đại học Kyung Hee,University,https://vi.wikipedia.org/wiki/%C4%90%E1%BA%A1i_h%E1%BB%8Dc_Kyung_Hee,"{""Tên cũ"": [""Cao đẳng Sin Heung"", ""Đại học Sin Heung""], ""Khẩu hiệu"": [""\""학원의 민주화, 사상의 민주화, 생활의 민주화\"""", ""\""Dân chủ hóa học đường, dân chủ hóa tư tưởng, dân chủ hóa đời sống\"""", ""["", ""1"", ""]""], ""Khẩu hiệu trong Tiếng Anh"": ""\""Democratization of school, democratization of thought, democratization of living\"""", ""Loại hình"": ""Tư thục"", ""Thành lập"": ""1949"", ""Giảng viên"": ""1.407 (2020) [ 2 ]"", ""Nhân viên quản lý"": ""594 (2020) [ 2 ]"", ""Sinh viên"": ""33.373 (2020) [ 2 ]"", ""Sinh viên đại học"": ""25.875 (2018) [ 2 ]"", ""Sinh viên sau đại học"": ""7.498 (2020) [ 2 ]"", ""Vị trí"": ""Seoul và Suwon , Hàn Quốc"", ""Khuôn viên"": ""Đô thị"", ""Ngôn ngữ"": ""Tiếng Hàn Quốc và tiếng Anh"", ""Màu"": ""Đỏ thắm"", ""Linh vật"": ""Sư tử cười [ 3 ]""}"
576,Đại học Linköping,University,https://vi.wikipedia.org/wiki/%C4%90%E1%BA%A1i_h%E1%BB%8Dc_Link%C3%B6ping,"{""Loại"": ""Đại học công lập"", ""Thành lập"": ""1969/1975"", ""Hiệu trưởng"": ""GS. Mille Millnert"", ""Nhân viên"": ""3.284"", ""Số Sinh viên"": ""17.200 ( FTE , 2009) [ 1 ]"", ""Khuôn viên"": ""3: Campus Valla, Campus US, Campus Norrköping"", ""Website"": ""www.liu.se"", ""Thành viên"": ""EUA , ECIU"", ""Nghiên cứu sinh"": ""1.248""}"
579,Đại học Luân Đôn,University,https://vi.wikipedia.org/wiki/%C4%90%E1%BA%A1i_h%E1%BB%8Dc_London,{}
580,Đại học Ludwig Maximilian München,University,https://vi.wikipedia.org/wiki/%C4%90%E1%BA%A1i_h%E1%BB%8Dc_Ludwig_Maximilian_Munich,{}
581,Đại học Ljubljana,University,https://vi.wikipedia.org/wiki/%C4%90%E1%BA%A1i_h%E1%BB%8Dc_Ljubljana,{}
585,Đại học Lisboa,University,https://vi.wikipedia.org/wiki/%C4%90%E1%BA%A1i_h%E1%BB%8Dc_Lisboa,"{""Loại"": ""Đại học công lập"", ""Khẩu hiệu"": ""de Lisboa para o Mundo (Từ Lisboa đến thế giới)"", ""Thành lập"": [""1911 (Đại học Lisboa)"", ""2013 (hợp nhất trường Đại học Lisboa với Đại học Kỹ thuật Lisboa trước đây)""], ""Hiệu trưởng"": ""António da Cruz Serra"", ""Nhân viên"": ""2.425 (2012) [ 1 ]"", ""Giảng viên"": ""3.494 (2012)"", ""Số Sinh viên"": ""46.989 (2013/2014)"", ""Khuôn viên"": ""vài địa điểm, Lisbon Metropolitan Area"", ""Màu"": [""Đen và trắng (Đại học; hiệu trưởng)"", ""Khoa"", ""["", ""2"", ""]"", ""Xanh lá cây nhạt ("", ""Nông nghiệp"", "")"", ""TÍm (Kiến trúc)"", ""Xanh hoàng gia (Nghệ thuật)"", ""Vàng hoàng gia (Nha khoa)"", ""Đỏ (Kinh tế và Quản lý)"", ""Nâu Nhạt (Giáo dục)"", ""Hồng (Mỹ thuật)"", ""Xanh lá cây đậm (Địa lý và Thiết kế Không gian)"", ""Nâu đậm (Human Motricity)"", ""Đỏ đậm (Luật)"", ""Vàng (Y học)"", ""Violet (Dược)"", ""Cam (Tâm lý học)"", ""Đỏ (Khoa học xã hội và chính trị)"", ""Xanh Tây Ban Nha (Khoa học xã hội)"", ""Xanh da trời (Khoa học tự nhiên)"", ""Xanh lá mạ ("", ""Kỹ thuật"", "")"", ""Vàng hoàng gia (Thú y)""], ""Website"": ""www .ulisboa .pt"", ""Sinh viên đại học"": ""35.175 (2013/2014)"", ""Sinh viên sau đại học"": ""11.814 (2013/2014)""}"
589,Đại học Ludwig Maximilian München,University,https://vi.wikipedia.org/wiki/%C4%90%E1%BA%A1i_h%E1%BB%8Dc_Ludwig_Maximilian_M%C3%BCnchen,"{""Loại"": ""Công lập"", ""Thành lập"": ""1472 (tên gọi Đại học Ingolstadt cho đến 1802)"", ""Hiệu trưởng"": ""GSTS. Bernd Huber"", ""Nhân viên"": ""13.602; 700 giáo sư (2009/2010)"", ""Số Sinh viên"": ""45.539 (2009/2010; 15% quốc tế)"", ""Màu"": ""Xanh là cây và trắng"", ""Website"": ""www .en .uni-muenchen .de"", ""Thành viên"": [""Các trường đại học xuất sắc Đức"", ""LERU""]}"
590,Đại học Luân Đôn,University,https://vi.wikipedia.org/wiki/%C4%90%E1%BA%A1i_h%E1%BB%8Dc_Lu%C3%A2n_%C4%90%C3%B4n,"{""Loại"": ""Công lập"", ""Thành lập"": ""1836"", ""Giám đốc"": ""Giáo sư Geoffrey Crossick"", ""Visitor"": [""The Rt Hon"", ""Nick Clegg"", ""As"", ""Lord President of the Council""], ""Số Sinh viên"": [""135,090 internal (2005-2006)"", ""["", ""1"", ""]"", ""50,000 International Programmes"", ""["", ""2"", ""]""], ""Màu"": """", ""Website"": ""london.ac.uk"", ""Hiệu trưởng danh dự"": ""The Princess Royal""}"
591,Đại học Marburg,University,https://vi.wikipedia.org/wiki/%C4%90%E1%BA%A1i_h%E1%BB%8Dc_Marburg,"{""Loại"": ""Đại học công lập"", ""Thành lập"": ""1 tháng 07 năm 1527"", ""Hiệu trưởng"": ""Prof. Dr. Katharina Krause"", ""Nhân viên"": ""ca. 7,500 (incl. hospital staff - 2005)"", ""Số Sinh viên"": ""ca. 25,000"", ""Website"": ""http://www.uni-marburg.de""}"
595,Đại học Malta,University,https://vi.wikipedia.org/wiki/%C4%90%E1%BA%A1i_h%E1%BB%8Dc_Malta,"{""Loại"": ""Công cộng"", ""Khẩu hiệu"": [""Ut Fructificemus Deo"", ""("", ""Latin"", "")""], ""Thành lập"": ""1769"", ""Hiệu trưởng"": ""Professor Juanito Camilleri"", ""Giảng viên"": ""600"", ""Số học sinh"": ""11,342"", ""Liên kết"": ""European University Association , European Access Network , Association of Commonwealth Universities , Utrecht Network , Santander Network , Compostela Group , EUCEN , ISEP"", ""Athletics"": ""Câu lạc bộ thể thao Đại học Malta"", ""Website"": ""www .um .edu .mt""}"
596,Đại học Marmara,University,https://vi.wikipedia.org/wiki/%C4%90%E1%BA%A1i_h%E1%BB%8Dc_Marmara,{}
597,Đại học Malaya,University,https://vi.wikipedia.org/wiki/%C4%90%E1%BA%A1i_h%E1%BB%8Dc_Malaya,"{""Loại"": ""Công lập"", ""Khẩu hiệu"": [""Ilmu Punca Kemajuan"", ""\""Tri thức là chìa khóa thành công\""""], ""Thành lập"": ""1949"", ""Giám đốc"": ""Datuk Rafiah Salim"", ""Website"": ""www.um.edu.my"", ""Thành viên"": ""ASAIHL , ASEAN University Network"", ""Hiệu trưởng danh dự"": ""Duli Yang Maha Mulia Paduka Seri Sultan Azlan Muhibbuddin Shah ibni Almarhum Sultan Yusuff Izzuddin Shah Ghafarullahu-Lah""}"
598,Đại học Lund,University,https://vi.wikipedia.org/wiki/%C4%90%E1%BA%A1i_h%E1%BB%8Dc_Lund,"{""Loại"": ""Public"", ""Khẩu hiệu"": ""Ad utrumque ( Prepared for both ) [ 1 ]"", ""Thành lập"": ""1666"", ""Rector magnificusvàVice Chancellor"": ""Prof. Per Eriksson"", ""Nhân viên"": ""5.300 tổng (bao gồm phi khoa học)"", ""Số Sinh viên"": ""42,000 (2016) [ 2 ]"", ""Khuôn viên"": ""Thành thị"", ""Màu"": ""Xanh da trời tối và đồng"", ""Website"": ""http://www.lunduniversity.lu.se"", ""Thành viên"": [""Universitas 21"", ""LERU"", ""EUA"", ""ASAIHL""], ""Nghiên cứu sinh"": ""3.200""}"
599,Đại học Leeds,University,https://vi.wikipedia.org/wiki/%C4%90%E1%BA%A1i_h%E1%BB%8Dc_Leeds,"{""Tọa độ"": ""53°48′26″B 1°33′6″T ﻿ / ﻿ 53,80722°B 1,55167°T ﻿ / 53.80722; -1.55167"", ""Loại"": ""Công lập"", ""Khẩu hiệu"": [""tiếng Latinh"", "":"", ""Et augebitur scientia"", ""(\""Và tri thức sẽ được tăng lên\"")""], ""Thành lập"": [""1904 - Đại học Leeds"", ""1887 - đạt được"", ""trạng thái đại học"", ""là một phần của"", ""đại học Victoria"", ""1831 -"", ""trường y Leeds""], ""Giám đốc"": ""Alan Langlands"", ""Visitor"": [""Nick Clegg"", ""As"", ""Lord President of the Council""], ""Nhân viên"": ""8,000 [ 2 ] :3"", ""Số Sinh viên"": ""33,585 [ 3 ]"", ""Khuôn viên"": ""Đô thị , ngoại ô"", ""Màu"": ""[ 4 ]"", ""Tài trợ"": ""67,7 triệu bảng Anh (tính đến ngày 31 tháng 7 năm 2015) [ 1 ]"", ""Báo"": ""Học sinh Leeds"", ""Website"": ""www.leeds.ac.uk"", ""Thành viên"": [""ACU"", ""Hiệp hội MBA"", ""CDIO"", ""EQUIS"", ""EUA"", ""Nhóm N8"", ""Nhóm Russell"", ""Mạng lưới Santander"", ""Universities UK"", ""Côngxoocxiom Hoa hồng Trắng"", ""WUN""], ""Hiệu trưởng danh dự"": ""Melvyn Bragg"", ""Sinh viên đại học"": ""24,080 [ 3 ]"", ""Sinh viên sau đại học"": ""9,505 [ 3 ]""}"
600,Đại học Masaryk,University,https://vi.wikipedia.org/wiki/%C4%90%E1%BA%A1i_h%E1%BB%8Dc_Masaryk,"{""Loại"": ""Đại học công lập"", ""Thành lập"": ""1919"", ""Hiệu trưởng"": ""Prof. Martin Bareš"", ""Nhân viên"": ""3,000"", ""Giảng viên"": ""2,200 [ 1 ]"", ""Số Sinh viên"": ""35,115 [ 1 ]"", ""Khuôn viên"": ""Đô thị"", ""Màu"": ""blue"", ""Website"": ""www .muni .cz"", ""Thành viên"": [""Hiệp hội đại học châu Âu"", ""Nhóm các trường đại học Compostela"", ""Mạng Utrecht""]}"
603,Đại học McMaster,University,https://vi.wikipedia.org/wiki/%C4%90%E1%BA%A1i_h%E1%BB%8Dc_McMaster,"{""Tọa độ"": ""43°15′48″B 79°55′8″T ﻿ / ﻿ 43,26333°B 79,91889°T ﻿ / 43.26333; -79.91889"", ""Loại"": ""Đại học công lập"", ""Khẩu hiệu"": [""tiếng Hy Lạp"", "":"", ""ΤΑ·ΠΑΝΤΑ·ΕΝ·ΧΡΙΣΤΩΙ·"", ""ΣΥΝΕΣΤΗΚΕΝ"", ""(All things cohere in Christ)""], ""Thành lập"": ""23 tháng 4 năm 1887 [ 1 ]"", ""Hiệu trưởng"": ""Patrick Deane"", ""Nhân viên"": ""6,437 [ 2 ]"", ""Giảng viên"": ""1,394 [ 2 ]"", ""Khuôn viên"": ""Thành thị , 152,4 hécta (377 mẫu Anh)"", ""Màu"": ""Maroon và Grey [ 3 ]"", ""Linh vật"": ""Mac the Marauder [ 2 ]"", ""Biệt danh"": ""Marauders"", ""Tài trợ"": ""C$ 655.5 million [ 4 ]"", ""Website"": ""mcmaster.ca"", ""Thành viên"": ""ACU , ATS , AUCC , CARL , CIS , COU , CUP , Fields Institute , IAU , U15 ."", ""Hiệu trưởng danh dự"": ""Suzanne Labarge"", ""Sinh viên đại học"": ""25,174 [ 2 ]"", ""Sinh viên sau đại học"": ""4,237 [ 2 ]""}"
604,Đại học Miami (Florida),University,https://vi.wikipedia.org/wiki/%C4%90%E1%BA%A1i_h%E1%BB%8Dc_Miami,{}
605,Đại học Milano,University,https://vi.wikipedia.org/wiki/%C4%90%E1%BA%A1i_h%E1%BB%8Dc_Milan,{}
606,Viện Đại học Minnesota,University,https://vi.wikipedia.org/wiki/%C4%90%E1%BA%A1i_h%E1%BB%8Dc_Minnesota,{}
609,Đại học Milano,University,https://vi.wikipedia.org/wiki/%C4%90%E1%BA%A1i_h%E1%BB%8Dc_Milano,"{""Loại"": ""chính phủ hỗ trợ"", ""Thành lập"": ""1924"", ""Hiệu trưởng"": ""GS Enrico Decleva"", ""Nhân viên"": ""2.455"", ""Số Sinh viên"": ""62.801"", ""Sports teams"": ""CUS Milano ( http://www.cusmilano.it/ )"", ""Website"": ""www.unimi.it/""}"
613,Đại học Quốc gia Moskva,University,https://vi.wikipedia.org/wiki/%C4%90%E1%BA%A1i_h%E1%BB%8Dc_Moskva,{}
614,Đại học Melbourne,University,https://vi.wikipedia.org/wiki/%C4%90%E1%BA%A1i_h%E1%BB%8Dc_Melbourne,"{""Tọa độ"": ""37°47′47″N 144°57′41″Đ ﻿ / ﻿ 37,7963°N 144,9614°Đ ﻿ / -37.7963; 144.9614"", ""Loại"": ""công lập"", ""Khẩu hiệu"": [""Postera Crescam Laude"", ""("", ""Latin"", "": Phát triển trong sự coi trọng của thế hệ mai sau)""], ""Thành lập"": ""1853"", ""Giám đốc"": ""Glyn Davis"", ""Nhân viên"": ""3729 [ 2 ]"", ""Số Sinh viên"": ""42.563 [ 2 ]"", ""Khuôn viên"": [""Chính"", ""(Parkville)"", ""36 hécta (0,4 km"", ""2"", "")"", ""["", ""3"", ""]"", ""cùng nhiều khuôn viên khác""], ""Màu"": ""lam sẫm trắng"", ""Tài trợ"": ""1,335 tỷ đô la Úc [ 1 ]"", ""Website"": ""unimelb.edu.au/"", ""Thành viên"": ""Universitas 21 , Nhóm 8 , APRU , ACU"", ""Hiệu trưởng danh dự"": ""Elizabeth Alexander"", ""Nghiên cứu sinh"": ""3.521 [ 2 ]""}"
617,Đại học Middlebury,University,https://vi.wikipedia.org/wiki/%C4%90%E1%BA%A1i_h%E1%BB%8Dc_Middlebury,"{""Khẩu hiệu"": ""Scientia et Virtus ( Latin )"", ""Khẩu hiệu trong Tiếng Anh"": ""Knowledge and Virtue"", ""Loại hình"": ""Trường Đại học Giáo dục Khai phóng"", ""Thành lập"": ""1 tháng 11 năm 1800 ( 1800-11-01 )"", ""Tài trợ"": ""$ 1.124 billion [ 1 ] (2018)"", ""Viện trưởng"": ""Laurie L. Patton"", ""Giảng viên"": ""311 (2017) [ 2 ]"", ""Sinh viên đại học"": ""2,549 (2017) [ 2 ]"", ""Vị trí"": [""Middlebury"", "","", ""Vermont"", "","", ""Hoa Kỳ"", ""44°00′32″B"", ""73°10′38″T"", ""﻿ / ﻿"", ""44,00889°B 73,17722°T"", ""﻿ /"", ""44.00889; -73.17722""], ""Khuôn viên"": ""Rural , 350 mẫu Anh (1,4 km 2 )"", ""Màu"": [""Xanh dương & Trắng""], ""Điền kinh"": ""NCAA Division III – NESCAC"", ""Biệt danh"": ""Panthers"", ""Liên kết"": ""NAICU Annapolis Group Oberlin Group CLAC 568 Group"", ""Website"": ""www .middlebury .edu""}"
618,Đại học Ludwig Maximilian München,University,https://vi.wikipedia.org/wiki/%C4%90%E1%BA%A1i_h%E1%BB%8Dc_Munich,{}
619,Đại học Ludwig Maximilian München,University,https://vi.wikipedia.org/wiki/%C4%90%E1%BA%A1i_h%E1%BB%8Dc_M%C3%BCnchen,{}
627,Đại học Nebraska Omaha,University,https://vi.wikipedia.org/wiki/%C4%90%E1%BA%A1i_h%E1%BB%8Dc_Nebraska_t%E1%BA%A1i_Omaha,{}
631,Đại học NapoliFederico II,University,https://vi.wikipedia.org/wiki/%C4%90%E1%BA%A1i_h%E1%BB%8Dc_Napoli_Federico_II,"{""Loại"": ""Đại học công lập quốc gia"", ""Khẩu hiệu"": [""Ad Scientiarum Haustum et Seminarium Doctrinarum"", ""(Dành cho sự truyền thụ khoa học và phổ biến kiến thức)""], ""Thành lập"": ""1224"", ""Hiệu trưởng"": ""Giáo sư Gaetano Manfredi"", ""Nhân viên"": ""5.517 (2013)"", ""Số Sinh viên"": ""81.875 (2014)"", ""Khuôn viên"": ""Nội thành"", ""Tài trợ"": ""Chính phủ"", ""Website"": ""unina.it"", ""Thành viên"": ""Campus Europae , UNIMED , PEGASUS""}"
632,Đại học Michigan,University,https://vi.wikipedia.org/wiki/%C4%90%E1%BA%A1i_h%E1%BB%8Dc_Michigan,"{""Tên cũ"": ""Catholepistemiad (1817–1821)"", ""Khẩu hiệu"": ""tiếng Latinh : Artes, Scientia, Veritas"", ""Khẩu hiệu trong Tiếng Anh"": ""\""Arts, Knowledge, Truth\"""", ""Loại hình"": ""Đại học nghiên cứu công lập"", ""Thành lập"": ""26 tháng 8 năm 1817 ; 208 năm trước ( 1817-08-26 ) [ 1 ]"", ""Sáng lập"": [""John Monteith"", ""Gabriel Richard""], ""Công nhận"": ""HLC"", ""Liên kết học tập"": ""Hiệp hội Viện Đại học Mỹ ORAU URA URC Sea-grant Space-grant"", ""Tài trợ"": ""19,2 tỷ đô la Mỹ (2024) [ 2 ]"", ""Kinh phí"": ""13,1 tỷ đô la Mỹ (2024) [ 3 ]"", ""Viện trưởng"": ""Santa Ono"", ""Phó hiệu trưởng"": ""Laurie McCauley"", ""Giảng viên"": ""8,426 (2024) [ 4 ]"", ""Nhân viên quản lý"": ""24,812 (2024) [ 4 ]"", ""Sinh viên"": ""52,855 (kỳ thu năm 2024) [ 4 ]"", ""Sinh viên đại học"": ""34,454 (kỳ thu năm 2024) [ 4 ]"", ""Sinh viên sau đại học"": ""18,401 (kỳ thu năm 2024) [ 4 ]"", ""Vị trí"": [""Ann Arbor"", "","", ""Michigan"", "","", ""Hoa Kỳ"", ""42°16′37″B"", ""83°44′17″T"", ""﻿ / ﻿"", ""42,27694°B 83,73806°T"", ""﻿ /"", ""42.27694; -83.73806""], ""Khuôn viên"": [""Midsize city"", ""["", ""6"", ""]"", "", 3.177 mẫu Anh (12,86 km"", ""2"", "")"", ""Total: 20.965 mẫu Anh (84,84 km"", ""2"", ""), including arboretum"", ""["", ""5"", ""]""], ""Tờ báo"": ""The Michigan Daily The Michigan Review"", ""Kỷ yếu"": ""Michiganensian"", ""Màu"": [""Maize and blue"", ""["", ""7"", ""]""], ""Biệt danh"": ""Wolverines"", ""Liên kết thể thao"": ""NCAA Division I FBS – Big Ten CWPA"", ""Website"": ""umich .edu""}"
635,Đại học McGill,University,https://vi.wikipedia.org/wiki/%C4%90%E1%BA%A1i_h%E1%BB%8Dc_McGill,"{""Tên cũ"": ""Học viện McGill hoặc Đại học Học viện McGill (1821–1885)"", ""Loại"": ""Đại học công lập"", ""Khẩu hiệu"": [""Grandescunt Aucta Labore"", ""("", ""Latin"", "")"", ""(Nhờ lao động, mọi thứ đều tiến lên và phát triển"", ""["", ""1"", ""]"", "")""], ""Thành lập"": ""1821 ( 1821 )"", ""Hiệu trưởng"": ""Suzanne Fortier"", ""Visitor"": ""Julie Payette ( Toàn quyền Canada )"", ""Nhân viên"": ""3.457 [ 6 ]"", ""Giảng viên"": ""1.684 [ 6 ]"", ""Số Sinh viên"": ""40,971 [ 4 ]"", ""• Khác"": ""3,741 [ 4 ]"", ""Ngôn ngữ"": ""Tiếng Anh và tiếng Pháp"", ""Khuôn viên"": [""Urban"", ""Downtown"", "": 32 ha (80 mẫu Anh)"", ""["", ""5"", ""]"", ""Macdonald Campus"", "": 650 ha (1.600 mẫu Anh)"", ""["", ""5"", ""]""], ""Màu"": ""đỏ tươi và trắng"", ""Linh vật"": ""Marty the Martlet"", ""Biệt danh"": ""McGill Redmen and Martlets"", ""Tài trợ"": ""1.63 tỷ C$ [ 2 ]"", ""Kinh phí"": ""1.26 tỷ C$ [ 3 ]"", ""Website"": ""mcgill .ca"", ""Thành viên"": ""AAU , ACU , AUCC , AUF , ATS , CARL , CBIE , CREPUQ , CUSID , GULF , Universitas 21 , UArctic , UNAI , U15 , URA"", ""Hiệu trưởng danh dự"": ""Michael Meighen"", ""Sinh viên đại học"": ""27,526 [ 4 ]"", ""Sinh viên sau đại học"": ""9,704 [ 4 ]""}"
636,Đại học Nam Kinh,University,https://vi.wikipedia.org/wiki/%C4%90%E1%BA%A1i_h%E1%BB%8Dc_Nam_Kinh,"{""Tên cũ"": ""Trường Sư phạm Tam Giang hoặc Trường Sư phạm Lưỡng Giang (1902–1914) Trường Sư phạm Cao đẳng Nam Kinh (1915–1923) Đại học Đông Nam Quốc gia (1921–1927) Đại học Trung ương Quốc gia (1928–1949)"", ""Khẩu hiệu"": ""诚朴雄伟励学敦行 [ 1 ]"", ""Khẩu hiệu trong Tiếng Anh"": ""Sincerity with Aspiration, Perseverance and Integrity [ 2 ]"", ""Loại hình"": ""Đại học công lập"", ""Thành lập"": ""1902 ; 123 năm trước ( 1902 )"", ""Viện trưởng"": ""Đàm Triết Mẫn"", ""Giảng viên"": ""2.135"", ""Sinh viên đại học"": ""13.865"", ""Sinh viên sau đại học"": ""12.793"", ""Vị trí"": ""Nam Kinh , Giang Tô , Trung Quốc"", ""Màu"": ""Tím"", ""Liên kết"": ""Liên minh C9 , APRU , AEARU , WUN , Service-Learning Asia Network"", ""Website"": ""nju .edu .cn /en"", ""Giản thể"": ""南京大学"", ""Phồn thể"": ""南京大學"", ""Phiên âm"": ""Phiên âm Tiếng Hán tiêu chuẩn Bính âm Hán ngữ Nánjīng Dàxué Chú âm phù hiệu ㄋㄢˊ ㄐㄧㄥ ㄉㄚˋ ㄒㄩㄝˊ Wade–Giles Nan 2 -ching 1 Ta 4 -hsüeh 2 Bính âm Thông dụng Nán-jing Dà-syué IPA [nǎn.tɕíŋ tâ.ɕɥě]"", ""Bính âm Hán ngữ"": ""Nánjīng Dàxué"", ""Chú âm phù hiệu"": ""ㄋㄢˊ ㄐㄧㄥ ㄉㄚˋ ㄒㄩㄝˊ"", ""Wade–Giles"": ""Nan 2 -ching 1 Ta 4 -hsüeh 2"", ""Bính âm Thông dụng"": ""Nán-jing Dà-syué"", ""IPA"": ""[nǎn.tɕíŋ tâ.ɕɥě]""}"
637,Đại học New South Wales,University,https://vi.wikipedia.org/wiki/%C4%90%E1%BA%A1i_h%E1%BB%8Dc_New_South_Wales,"{""Tọa độ"": ""33°55′4″N 151°13′52″Đ ﻿ / ﻿ 33,91778°N 151,23111°Đ ﻿ / -33.91778; 151.23111"", ""Loại"": ""Công cộng"", ""Khẩu hiệu"": [""Scientia Manu et Mente"", ""Latin"", "":"", ""Kiến thức bằng tay và trí óc""], ""Thành lập"": [""1949""], ""Giám đốc"": ""Giáo sư Fred Hilmer"", ""Nhân viên"": ""6.500"", ""Số Sinh viên"": ""40.000"", ""Khuôn viên"": ""Kensington, New South Wales"", ""Tài trợ"": ""$884 triệu [ cần dẫn nguồn ]"", ""Website"": ""www.unsw.edu.au"", ""Thành viên"": ""Nhóm 8 trường đại học , 21 trường tổng hợp"", ""Hiệu trưởng danh dự"": ""David Gonski""}"
639,Đại học Nhà vua Luân Đôn,University,https://vi.wikipedia.org/wiki/%C4%90%E1%BA%A1i_h%E1%BB%8Dc_Nh%C3%A0_vua_Lu%C3%A2n_%C4%90%C3%B4n,"{""Khẩu hiệu"": ""tiếng Latinh : Sancte et Sapienter"", ""Loại hình"": ""Đại học nghiên cứu công lập"", ""Thành lập"": ""1829 (ghi nhận sớm nhất về việc giảng dạy là vào năm 1561, tại trường y) [ 2 ]"", ""Tài trợ"": ""301 triệu bảng Anh (2023) [ 3 ]"", ""Kinh phí"": ""1,23 tỷ bảng Anh (2022/23) [ 3 ]"", ""Chưởng ấn"": [""Vương nữ Vương thất"", ""(với tư cách là Hiệu trưởng của"", ""Đại học Luân Đôn"", "")""], ""Phó hiệu trưởng và Chủ tịch"": ""Shitij Kapur"", ""Giảng viên"": ""5.715 (2021/22) [ 4 ]"", ""Nhân viên quản lý"": ""4.240 (2021/22) [ 4 ]"", ""Sinh viên"": ""41.490 (2021/22) [ 5 ]"", ""Sinh viên đại học"": ""23.225 (2021/22) [ 5 ]"", ""Sinh viên sau đại học"": ""18.270 (2021/22) [ 5 ]"", ""Vị trí"": [""Luân Đôn"", "","", ""Anh""], ""Khuôn viên"": ""Đô thị"", ""Màu"": ""Blue & King's red [ 6 ]"", ""Liên kết"": ""ACU EUA The Guild PLuS Alliance Nhóm Russell SES UNICA Đại học Luân Đôn Universities UK"", ""Linh vật"": ""Reggie Sư tử"", ""Website"": ""kcl .ac .uk""}"
640,Đại học Nam California,University,https://vi.wikipedia.org/wiki/%C4%90%E1%BA%A1i_h%E1%BB%8Dc_Nam_California,"{""Khẩu hiệu"": ""tiếng Latinh : Palmam qui meruit ferat"", ""Khẩu hiệu trong Tiếng Anh"": ""\""Let whoever earns the palm bear it\"""", ""Loại hình"": ""Đại học nghiên cứu tư thục"", ""Thành lập"": ""6 tháng 10 năm 1880 ; 145 năm trước ( 1880-10-06 )"", ""Công nhận"": ""WSCUC"", ""Tôn giáo"": ""Không giáo phái, từng là Phong trào Giám lý"", ""Liên kết học tập"": ""Hiệp hội Viện Đại học Mỹ APRU NAICU [ 1 ] UARC Sea-grant Space-grant"", ""Tài trợ"": ""8,2 tỷ đô la Mỹ (2024) [ 2 ]"", ""Kinh phí"": ""7,4 tỷ đô la Mỹ (2023–24) [ 3 ]"", ""Viện trưởng"": ""Carol Folt [ 4 ]"", ""Phó hiệu trưởng"": ""Andrew T. Guzman"", ""Giảng viên"": ""4,767 (2023) [ 3 ]"", ""Nhân viên quản lý"": ""18,123 (2023) [ 3 ]"", ""Sinh viên"": ""49,318 (2021) [ 5 ]"", ""Sinh viên đại học"": ""20,790 (2021) [ 5 ]"", ""Sinh viên sau đại học"": ""28,528 (2021) [ 5 ]"", ""Vị trí"": [""Los Angeles"", "","", ""California"", "","", ""Hoa Kỳ"", ""34°01′14″B"", ""118°17′05″T"", ""﻿ / ﻿"", ""34,0206°B 118,2848°T"", ""﻿ /"", ""34.0206; -118.2848""], ""Khuôn viên"": [""University Park campus, 226 mẫu Anh (0,91 km"", ""2"", "")"", ""["", ""6"", ""]"", ""Health Sciences campus, 79 mẫu Anh (0,32 km"", ""2"", "")"", ""["", ""7"", ""]""], ""Other campuses"": ""Alhambra Sacramento Washington D.C."", ""Tờ báo"": ""Daily Trojan"", ""Màu"": [""Cardinal and gold"", ""["", ""8"", ""]"", ""["", ""9"", ""]""], ""Biệt danh"": ""Trojans"", ""Liên kết thể thao"": ""NCAA Division I FBS – Big Ten ACHA MPSF"", ""Linh vật"": ""Traveler [ 10 ] Tommy Trojan (unofficial)"", ""Website"": ""usc .edu""}"
642,Đại học North Carolina tại Chapel Hill,University,https://vi.wikipedia.org/wiki/%C4%90%E1%BA%A1i_h%E1%BB%8Dc_North_Carolina_t%E1%BA%A1i_Chapel_Hill,"{""Tên cũ"": [""Đại học North Carolina"", ""(1789–1963)""], ""Khẩu hiệu"": ""Lux libertas [ 1 ] ( tiếng Latinh , nghĩa là \""Ánh sáng và tự do\"")"", ""Loại hình"": [""Đại học công lập"", ""Đại học đầu ngành""], ""Thành lập"": ""11 tháng 12 năm 1789 [ 2 ]"", ""Tổ chức mẹ"": ""Hệ thống Đại học North Carolina"", ""Liên kết học tập"": ""URA AAU SURA APLU"", ""Tài trợ"": ""5,4 tỉ USD (2017) [ 3 ]"", ""Giảng viên"": ""3.696 (kỳ học mùa thu 2015) [ 4 ]"", ""Nhân viên quản lý"": ""8.287 (kỳ học mùa thu 2015) [ 4 ]"", ""Sinh viên"": ""29.847 (kỳ học mùa thu 2017) [ 5 ]"", ""Sinh viên đại học"": ""18.715 (kỳ học mùa thu 2017) [ 6 ]"", ""Sinh viên sau đại học"": ""11.132 (kỳ học mùa thu 2017)"", ""Vị trí"": ""Chapel Hill , Bắc Carolina , Mỹ"", ""Khuôn viên"": ""729 mẫu Anh (3,0 km 2 ) [ 7 ]"", ""Màu"": [""Màu xanh Carolina, màu trắng"", ""["", ""8"", ""]"", ""["", ""9"", ""]""], ""Biệt danh"": ""Tar Heels [ 10 ]"", ""Liên kết thể thao"": ""NCAA Division I Football Bowl Subdivision – Atlantic Coast Conference"", ""Website"": ""www .unc .edu""}"
643,Đại học North Carolina tại Chapel Hill,University,https://vi.wikipedia.org/wiki/%C4%90%E1%BA%A1i_h%E1%BB%8Dc_North_Carolina_%E1%BB%9F_Chapel_Hill,{}
645,Đại học Notre Dame,University,https://vi.wikipedia.org/wiki/%C4%90%E1%BA%A1i_h%E1%BB%8Dc_Notre_Dame,"{""Tọa độ"": ""41°42′11″B 86°14′20″T ﻿ / ﻿ 41,702995°B 86,238972°T ﻿ / 41.702995; -86.238972"", ""Loại"": ""Tư thục , Nam nữ đồng giới"", ""Khẩu hiệu"": [""Vita, Dulcedo, Spes"", ""("", ""Sự sống, An vui, Cậy trông"", ""(lấy ý từ Kinh Lạy Nữ vương)"", "")""], ""Thành lập"": ""1842"", ""Hiệu trưởng"": ""Cha John I. Jenkins, C.S.C."", ""Giảng viên"": ""1,241 [ 2 ]"", ""Số Sinh viên"": ""11,733 [ 3 ]"", ""Khuôn viên"": ""Ngoại vi : 1.250 mẫu Anh (5,1 km 2 )"", ""Màu"": [""Xanh Madonna và màu vàng papal"", ""["", ""4"", ""]""], ""Thể thao"": ""26 đội"", ""Linh vật"": ""Leprechaun"", ""Biệt danh"": ""Fighting Irish"", ""Tài trợ"": ""US$ 6.8 billion [ 1 ]"", ""Website"": ""nd.edu"", ""Thành viên"": ""Independent , Big East Conference , CCHA"", ""Phó hiệu trưởng"": ""Tom Burish"", ""Sinh viên đại học"": ""8,371"", ""Sinh viên sau đại học"": ""3,362""}"
647,Đại học Odessa,University,https://vi.wikipedia.org/wiki/%C4%90%E1%BA%A1i_h%E1%BB%8Dc_Odessa,"{""Loại"": ""Công lập"", ""Thành lập"": ""1865"", ""Hiệu trưởng"": ""Valentin A. Smyntyna"", ""Nhân viên"": ""1800"", ""Số Sinh viên"": ""14.000"", ""Website"": ""www.onu.edu.ua/en/""}"
648,Đại học Padova,University,https://vi.wikipedia.org/wiki/%C4%90%E1%BA%A1i_h%E1%BB%8Dc_Padua,{}
649,Đại học Nottingham,University,https://vi.wikipedia.org/wiki/%C4%90%E1%BA%A1i_h%E1%BB%8Dc_Nottingham,"{""Loại"": ""công lập"", ""Khẩu hiệu"": ""Sapientia urbs conditur (Một thành phố được xây trên sự thông thái)"", ""Thành lập"": ""1798 (trở thành một đại học thuộc Đại học London 1881 , tách khỏi Đại học London 1948 )"", ""Giám đốc"": ""Sir Colin Campbell"", ""Visitor"": ""The Lord President of the Council ex officio"", ""Số Sinh viên"": ""32.870 [ 2 ]"", ""Khuôn viên"": ""330 acres"", ""Màu"": ""Xanh lá cây và màu vàng"", ""Tài trợ"": ""£ 28.4 triệu [ 1 ]"", ""Website"": ""http://www.nottingham.ac.uk/"", ""Thành viên"": [""Russell Group"", ""Universitas 21"", ""ACU"", ""EUA""], ""Hiệu trưởng danh dự"": ""Giáo sư Fujia Yang"", ""Sinh viên đại học"": ""24.920 [ 2 ]"", ""Sinh viên sau đại học"": ""7.945 [ 2 ]""}"
650,Đại học Oslo,University,https://vi.wikipedia.org/wiki/%C4%90%E1%BA%A1i_h%E1%BB%8Dc_Oslo,"{""Loại"": ""Đại học công lập"", ""Thành lập"": ""1811"", ""Hiệu trưởng"": ""Giáo sư Ole Petter Ottersen (2009-)"", ""Nhân viên"": ""4,600 (2007)"", ""Giảng viên"": ""2,800 (2007)"", ""Số Sinh viên"": ""25,617 (2008)"", ""Khuôn viên"": ""Urban"", ""Website"": ""www.uio.no"", ""Thành viên"": ""EUA""}"
653,Đại học Palermo,University,https://vi.wikipedia.org/wiki/%C4%90%E1%BA%A1i_h%E1%BB%8Dc_Palermo,"{""Loại"": ""State-supported"", ""Thành lập"": ""1806"", ""Hiệu trưởng"": ""Prof. Giuseppe Silvestri"", ""Nhân viên"": ""2.000"", ""Số Sinh viên"": ""50.000"", ""Sports teams"": ""CUS Palermo ( http://www.cuspalermo.it/ )"", ""Website"": ""www.unipa.it/""}"
654,Đại học Panthéon-Sorbonne,University,https://vi.wikipedia.org/wiki/%C4%90%E1%BA%A1i_h%E1%BB%8Dc_Pantheon-Sorbonne,{}
655,Đại học Osmania,University,https://vi.wikipedia.org/wiki/%C4%90%E1%BA%A1i_h%E1%BB%8Dc_Osmania,{}
659,Trường Đại học Paris II,University,https://vi.wikipedia.org/wiki/%C4%90%E1%BA%A1i_h%E1%BB%8Dc_Panth%C3%A9on-Assas,{}
660,Trường Đại học Paris II,University,https://vi.wikipedia.org/wiki/%C4%90%E1%BA%A1i_h%E1%BB%8Dc_Paris_II,{}
661,Đại học Oulu,University,https://vi.wikipedia.org/wiki/%C4%90%E1%BA%A1i_h%E1%BB%8Dc_Oulu,"{""Tọa độ"": ""65°03′33″B 025°27′58″Đ ﻿ / ﻿ 65,05917°B 25,46611°Đ ﻿ / 65.05917; 25.46611"", ""Loại"": ""Công lập"", ""Thành lập"": ""1958"", ""Hiệu trưởng"": ""Lauri Lajunen"", ""Nhân viên"": ""3.000"", ""Số Sinh viên"": ""17.000"", ""Website"": ""www.oulu.fi""}"
664,Đại học Paris,University,https://vi.wikipedia.org/wiki/%C4%90%E1%BA%A1i_h%E1%BB%8Dc_Paris,"{""Khẩu hiệu"": ""Hic et ubique terrarum ( Latin )"", ""Khẩu hiệu trong Tiếng Anh"": ""Here and anywhere on Earth"", ""Loại hình"": ""Phường hội , sau đó đại học công lập"", ""Hoạt động"": ""1150–1970"", ""Vị trí"": ""Paris , Pháp"", ""Khuôn viên"": ""Đô thị""}"
665,Đại học Paris-Sorbonne,University,https://vi.wikipedia.org/wiki/%C4%90%E1%BA%A1i_h%E1%BB%8Dc_Paris-Sorbonne,"{""Loại hình"": ""Đại học công lập"", ""Hoạt động"": ""1 tháng 1 năm 1971 ( 1971-01-01 ) –31 tháng 12 năm 2017 ( 2017-12-31 )"", ""Liên kết học tập"": ""Sorbonne University group"", ""Kinh phí"": ""118,8 triệu euro [ 1 ]"", ""Viện trưởng"": ""Barthélémy Jobert"", ""Giảng viên"": ""1,300"", ""Nhân viên quản lý"": ""774"", ""Sinh viên"": ""23,505"", ""Sinh viên đại học"": ""13,900"", ""Sinh viên sau đại học"": ""6,916"", ""Nghiên cứu sinh"": ""2,508"", ""Vị trí"": [""Paris"", "","", ""Pháp"", ""48°50′55″B"", ""2°20′34″Đ"", ""﻿ / ﻿"", ""48,84861°B 2,34278°Đ"", ""﻿ /"", ""48.84861; 2.34278""], ""Khuôn viên"": ""12 khuôn viên đô thị"", ""Tờ báo"": ""Presses de l'Université Paris-Sorbonne"", ""Màu"": ""Indigo & gold"", ""Biệt danh"": ""Paris IV"", ""Liên kết thể thao"": ""Association Sportive de Paris IV"", ""Website"": ""www .sorbonne-universite .fr""}"
667,Đại học Paris Nanterre,University,https://vi.wikipedia.org/wiki/%C4%90%E1%BA%A1i_h%E1%BB%8Dc_Paris_Nanterre,"{""Tên cũ"": ""Đại học Paris-X, Đại học Paris West"", ""Loại hình"": ""Đại học công lập"", ""Thành lập"": ""1964 ; 61 năm trước ( 1964 ) (khuôn viên vệ tinh của Sorbonne) 1970 ; 55 năm trước ( 1970 ) (đại học độc lập)"", ""Viện trưởng"": ""Caroline Rolland-Diamond (từ năm 2024)"", ""Sinh viên"": ""32,000"", ""Vị trí"": ""Nanterre , Pháp"", ""Khuôn viên"": [""Đô thị"", "","", ""Nanterre"", "","", ""Ville-d'Avray"", "","", ""Saint-Cloud"", "","", ""La Défense"", "","", ""75 mẫu Anh (30 ha)""], ""Màu"": ""Grey and Red"", ""Biệt danh"": ""Nanterre"", ""Liên kết"": [""Chancellery of the Universities of Paris"", ""Hiệp hội đại học châu Âu"", ""Renater"", ""Couperin (consortium)""], ""Website"": ""parisnanterre .fr""}"
668,Đại học New York,University,https://vi.wikipedia.org/wiki/%C4%90%E1%BA%A1i_h%E1%BB%8Dc_New_York,"{""Loại"": ""Tư thục [ 1 ]"", ""Khẩu hiệu"": [""Perstare et praestare"", ""("", ""tiếng Latin"", "")"", ""(Bảo tồn và phát huy)""], ""Thành lập"": ""1831 [ 1 ]"", ""Hiệu trưởng"": ""John Sexton (sắp thôi việc) [ 9 ] Andrew D. Hamilton (đã phân công, sẽ tiếp quản từ tháng 1 năm 2016) [ 10 ]"", ""Nhân viên"": ""2.242 [ 4 ] [ 5 ]"", ""Giảng viên"": ""9.489 [ 6 ]"", ""Số Sinh viên"": ""57.245 [ 12 ]"", ""Dạng thời khóa biểu"": ""Học kỳ [ 1 ]"", ""Khuôn viên"": ""Đô thị : 230 mẫu Anh (0,93 km 2 ) (khuôn viên tại Manhattan) [ 14 ]"", ""Màu"": ""Màu tím mayfair [ 15 ]"", ""Linh vật"": ""Linh miêu đuôi cộc"", ""Biệt danh"": ""Tím NYU"", ""Tài trợ"": ""3,5 tỷ USD (2014) [ 2 ]"", ""Kinh phí"": ""7,4 tỷ USD (2014-2015) [ 3 ]"", ""Báo trường"": ""Washington Square News"", ""Website"": ""www .nyu .edu"", ""Phó hiệu trưởng"": ""David W. McLaughlin [ 11 ]"", ""Sinh viên đại học"": ""24.985 [ 13 ]"", ""Sinh viên sau đại học"": ""24.289 [ 13 ]""}"
670,Đại học Phục Đán,University,https://vi.wikipedia.org/wiki/%C4%90%E1%BA%A1i_h%E1%BB%8Dc_Ph%E1%BB%A5c_%C4%90%C3%A1n,"{""Tên cũ"": ""Fudan Public School (1905) Fudan College Private Fudan University (1917–1941) Đại học Phục Đán Quốc gia (1941–1949)"", ""Khẩu hiệu"": ""博学而笃志，切问而近思 [ 1 ]"", ""Khẩu hiệu trong Tiếng Anh"": ""Rich in knowledge and tenacious of purposes, inquiring with earnestness and reflecting with self-practice [ 2 ]"", ""Loại hình"": ""Đại học công lập"", ""Thành lập"": ""1905 ; 120 năm trước ( 1905 )"", ""Sáng lập"": ""Mã Tương Bá"", ""Viện trưởng"": ""Kim Lực"", ""Bí thư Đảng ủy"": ""Cầu Tân ( 裘新 )"", ""Giảng viên"": ""2.700"", ""Nhân viên quản lý"": ""5.800"", ""Sinh viên"": ""31.900"", ""Sinh viên đại học"": ""14.100"", ""Sinh viên sau đại học"": ""14.800"", ""Vị trí"": ""220 đường Hàm Đan, Dương Phố , Thượng Hải , Trung Quốc"", ""Khuôn viên"": ""604 mẫu Anh (244 ha)"", ""Liên kết"": ""C9 , Universitas 21 , AEARU , APRU , BRICS Universities League , Council on Business & Society , ASRMU"", ""Website"": ""fudan .edu .cn"", ""Giản thể"": ""复旦大学"", ""Phồn thể"": ""復旦大學"", ""Phiên âm"": ""Phiên âm Tiếng Hán tiêu chuẩn Bính âm Hán ngữ Fùdàn Dàxué Chú âm phù hiệu ㄈㄨˋ ㄉㄢˋ ㄉㄚˋ ㄒㄩㄝˊ Wade–Giles Fu 4 -tan 4 Ta 4 -hsüeh 2 Bính âm Thông dụng Fù-dàn Dà-syué IPA [fû.tân tâ.ɕɥě]"", ""Bính âm Hán ngữ"": ""Fùdàn Dàxué"", ""Chú âm phù hiệu"": ""ㄈㄨˋ ㄉㄢˋ ㄉㄚˋ ㄒㄩㄝˊ"", ""Wade–Giles"": ""Fu 4 -tan 4 Ta 4 -hsüeh 2"", ""Bính âm Thông dụng"": ""Fù-dàn Dà-syué"", ""IPA"": ""[fû.tân tâ.ɕɥě]""}"
672,Đại học Pisa,University,https://vi.wikipedia.org/wiki/%C4%90%E1%BA%A1i_h%E1%BB%8Dc_Pisa,"{""Loại"": ""Công lập"", ""Khẩu hiệu"": ""In Supremae Dignitatis ( Latin )"", ""Thành lập"": ""1343 [ 1 ]"", ""Hiệu trưởng"": ""Giáo sư Riccardo Zucchi"", ""Nhân viên"": ""3051"", ""Số Sinh viên"": ""49 618"", ""Sports teams"": ""CUS Pisa ( www.cuspisa.it )"", ""Website"": ""www.unipi.it/"", ""Thành viên"": ""Consortium Tyrrhenum , EUA""}"
678,Đại học Philippines,University,https://vi.wikipedia.org/wiki/%C4%90%E1%BA%A1i_h%E1%BB%8Dc_Philippines,"{""Khẩu hiệu"": ""“Honor, Excellence, Service” [ 1 ] [ 2 ]"", ""Loại hình"": ""Hệ thống đại học quốc gia và đại học nghiên cứu công lập"", ""Thành lập"": ""18 tháng 6 năm 1908 ; 117 năm trước ( 1908-06-18 ) [ 3 ]"", ""Liên kết học tập"": ""Association of Pacific Rim Universities Association of Southeast Asian Institutions of Higher Learning Hệ thống Đại học ASEAN ASEAN-European University Network"", ""Kinh phí"": ""24,392 tỷ ₱ (477 triệu đô la Mỹ) (2022) [ 4 ]"", ""Chủ tịch Hội đồng trường"": ""Shirley Agrupis [ 5 ]"", ""Viện trưởng"": ""Angelo Jimenez [ 6 ]"", ""Giảng viên"": ""4.172 (2022) [ 7 ]"", ""Sinh viên"": ""64.144 (2022) [ 7 ]"", ""Sinh viên đại học"": ""44.861 (2022) [ 7 ]"", ""Sinh viên sau đại học"": ""19.283 (2022) [ 7 ]"", ""Sinh viên khác"": ""2.757 (hệ cơ bản) (2022) [ 7 ]"", ""Vị trí"": [""Diliman, Thành phố Quezon"", "", Philippines ("", ""khuôn viên chính"", "")"", ""14°40′B"", ""121°04′Đ"", ""﻿ / ﻿"", ""14,667°B 121,067°Đ"", ""﻿ /"", ""14.667; 121.067""], ""Khuôn viên"": ""Nhiều khuôn viên, 26.304,5416 ha (64.999,938 mẫu Anh) [ chuyển đổi: số không hợp lệ ] [ 7 ]"", ""Hiệu ca"": ""\"" U.P. Naming Mahal \"" (\""U.P. Beloved\"")"", ""Màu"": ""Maroon and green [ 8 ]"", ""Biệt danh"": ""Fighting Maroons"", ""Linh vật"": ""Oble"", ""Website"": ""up .edu .ph""}"
682,Đại học Nhân dân Trung Quốc,University,https://vi.wikipedia.org/wiki/%C4%90%E1%BA%A1i_h%E1%BB%8Dc_Nh%C3%A2n_d%C3%A2n_Trung_Qu%E1%BB%91c,"{""Khẩu hiệu"": ""实事求是 [ 1 ]"", ""Khẩu hiệu trong Tiếng Anh"": ""Seeking truth from facts [ 2 ]"", ""Loại hình"": ""Đại học công lập"", ""Thành lập"": ""1937 ; 88 năm trước ( 1937 )"", ""Viện trưởng"": ""Lâm Thượng Lập ( 林尚立 )"", ""Bí thư Đảng"": ""Trương Đông Cương ( 张东刚 )"", ""Giảng viên"": ""1.887 (tháng 9 năm 2019) [ 3 ]"", ""Sinh viên"": ""27.810 (tháng 9 năm 2019)"", ""Sinh viên đại học"": ""11.336"", ""Sinh viên sau đại học"": ""10.505"", ""Vị trí"": ""Bắc Kinh , Trung Quốc"", ""Khuôn viên"": ""Đô thị"", ""Liên kết"": ""Liên minh Đại học Bắc Kinh - Hồng Kông (BHUA)"", ""Website"": ""ruc .edu .cn"", ""Giản thể"": ""中国人民大学"", ""Phồn thể"": ""中國人民大學"", ""Phiên âm"": ""Phiên âm Tiếng Hán tiêu chuẩn Bính âm Hán ngữ Zhōngguó Rénmín Dàxué"", ""Bính âm Hán ngữ"": ""Zhōngguó Rénmín Dàxué""}"
683,Đại học Princeton,University,https://vi.wikipedia.org/wiki/%C4%90%E1%BA%A1i_h%E1%BB%8Dc_Princeton,"{""Loại"": ""Tư thục"", ""Khẩu hiệu"": [""Dei sub numine viget"", ""("", ""Trường phát triển dưới quyền lực của Chúa"", "")""], ""Thành lập"": ""1746"", ""Hiệu trưởng"": ""Christopher L. Eisgruber"", ""Nhân viên"": ""1.103"", ""Khuôn viên"": [""ngoại thành"", "", 500"", ""acre"", ""(2.0"", ""km"", ""²)""], ""Biệt danh"": ""Lion"", ""Tài trợ"": ""$11,3 tỉ đôla Mỹ [ 1 ]"", ""Thể thao"": ""38 đội thể thao"", ""Website"": ""www.princeton.edu"", ""Phó hiệu trưởng"": ""Hilary A. Parker"", ""Sinh viên đại học"": ""4.635"", ""Sinh viên sau đại học"": ""1.975""}"
688,Đại học Quân sự Kim Nhật Thành,University,https://vi.wikipedia.org/wiki/%C4%90%E1%BA%A1i_h%E1%BB%8Dc_Qu%C3%A2n_s%E1%BB%B1_Kim_Nh%E1%BA%ADt_Th%C3%A0nh,"{""Hangul"": ""김일성군사종합대학"", ""Hanja"": ""金 日 成 軍 事 綜 合 大 學"", ""Romaja quốc ngữ"": ""Kim Il-seong gunsajonghab daehak"", ""McCune–Reischauer"": ""Kim Il-sŏng kunsa chonghap taehak""}"
690,Đại học Pennsylvania,University,https://vi.wikipedia.org/wiki/%C4%90%E1%BA%A1i_h%E1%BB%8Dc_Pennsylvania,"{""Khẩu hiệu"": ""Laws without morals are useless (Luật pháp mà không tuân theo Đạo đức thì vô dụng)"", ""Loại hình"": ""˞ Đại học tư thục , Phi lợi nhuận , Viện Đại học nghiên cứu"", ""Thành lập"": ""14 tháng 11 năm 1740 ( 1740-11-14 ) [ note 1 ]"", ""Sáng lập"": ""Benjamin Franklin"", ""Tài trợ"": ""$14,7 tỷ (2019) [ 4 ]"", ""Kinh phí"": ""$3,5 tỷ (2020) [ 5 ]"", ""Viện trưởng"": ""Amy Gutmann"", ""Phó hiệu trưởng"": ""Wendell Pritchett"", ""Board Chairman"": ""David L. Cohen [ 6 ]"", ""Giảng viên"": ""4.793 (2018) [ 7 ]"", ""Sinh viên"": ""21.960 (2018) [ 7 ]"", ""Sinh viên đại học"": ""10.605 (2018) [ 7 ]"", ""Sinh viên sau đại học"": ""11.355 (2018) [ 7 ]"", ""Vị trí"": ""Philadelphia , Pennsylvania , Hoa Kỳ"", ""Khuôn viên"": [""Thành thị, Tổng cộng 1.085 mẫu Anh (4,39 km"", ""2"", ""):"", ""299 mẫu Anh (1,21 km"", ""2"", ""), khuôn viên"", ""University City"", "";"", ""694 mẫu Anh (2,81 km"", ""2"", ""),"", ""Trung tâm New Bolton"", "";"", ""92 mẫu Anh (0,37 km"", ""2"", ""),"", ""Morris Arboretum""], ""Màu"": [""Đỏ và Xanh dương"", ""["", ""8"", ""]""], ""Điền kinh"": [""NCAA Division I"", ""–"", ""Ivy League"", ""Philadelphia Big 5"", ""City 6""], ""Biệt danh"": ""Quakers"", ""Liên kết"": [""AAU"", ""COFHE"", ""NAICU"", ""568 Group"", ""URA""], ""Website"": ""upenn .edu""}"
696,Đại học Quốc gia Singapore,University,https://vi.wikipedia.org/wiki/%C4%90%E1%BA%A1i_h%E1%BB%8Dc_Qu%E1%BB%91c_gia_Singapore,"{""Tên cũ"": [""Trường Y Chính phủ Các khu định cư Eo biển và Các bang Liên bang Mã Lai"", ""(1905–1921)"", ""Trường Đại học Y Quốc vương Edward VII"", ""(1921–1949)"", ""Đại học Malaya, khuôn viên Singapore"", ""(1949–1962)"", ""Đại học Singapore"", ""(1962–1980)"", ""Đại học Nanyang"", ""(1956–1980)""], ""Loại hình"": ""Đại học công lập tự chủ [ 1 ]"", ""Thành lập"": [""1905"", ""; 120 năm trước"", ""("", ""1905"", "")"", ""(Trường Đại học Y Quốc vương Edward)"", ""8 tháng 8 năm 1980"", ""; 45 năm trước"", ""("", ""1980-08-08"", "")"", ""(Đại học Quốc gia Singapore)""], ""Tài trợ"": [""US$6.46 tỉ (2020)"", ""["", ""2"", ""]"", ""≈"", ""US$"", ""4.81 tỉ""], ""Chưởng ấn"": ""Tổng thống Singapore"", ""Viện trưởng"": ""Trần Vĩnh Tài"", ""Phó hiệu trưởng"": ""Aaron Thean"", ""Giảng viên"": ""2,555 (2018) [ 3 ]"", ""Sinh viên"": ""35,908 (2018) [ 3 ]"", ""Sinh viên đại học"": ""27,604"", ""Sinh viên sau đại học"": ""8,304"", ""Vị trí"": [""Singapore"", ""1°17′44″B"", ""103°46′36″Đ"", ""﻿ / ﻿"", ""1,29556°B 103,77667°Đ"", ""﻿ /"", ""1.29556; 103.77667""], ""Khuôn viên"": [""Đô thị"", ""1,5 km"", ""2"", ""(150 hécta)""], ""Màu"": ""Cam và xanh lam"", ""Website"": ""www .nus .edu .sg""}"
702,Đại học Quốc lập Thành Công,University,https://vi.wikipedia.org/wiki/%C4%90%E1%BA%A1i_h%E1%BB%8Dc_Qu%E1%BB%91c_l%E1%BA%ADp_Th%C3%A0nh_C%C3%B4ng,"{""Khẩu hiệu"": ""窮理致知 [ 1 ]"", ""Khẩu hiệu trong Tiếng Anh"": ""Pursuit of truth through exhaustive reasoning [ 2 ]"", ""Loại hình"": ""Công lập ( Quốc lập )"", ""Thành lập"": ""1931"", ""Tài trợ"": ""641 triệu (2013)"", ""Viện trưởng"": ""Huey-Jen Jenny Su"", ""Giảng viên"": ""1584 [ 3 ]"", ""Sinh viên đại học"": ""11,481"", ""Sinh viên sau đại học"": ""9771"", ""Vị trí"": ""Đài Nam , Đài Loan"", ""Khuôn viên"": ""Khuôn viên chính ở Đài Nam đô thị các khuôn viên chi nhánh ở Đài Nam vùng Đài Nam nông thôn ."", ""Màu"": [""Đỏ, xám và trắng"", ""["", ""4"", ""]""], ""Liên kết"": ""Global research & industry alliance (Gloria) of Ministry of Science and Technology of the Republic of China , [ 5 ] Worldwide Universities Network , Taiwan Comprehensive University System , AACSB , Institute of Engineering Education Taiwan , UAiTED"", ""Website"": ""English , Chinese""}"
703,Đại học Quốc gia Úc,University,https://vi.wikipedia.org/wiki/%C4%90%E1%BA%A1i_h%E1%BB%8Dc_Qu%E1%BB%91c_gia_%C3%9Ac,"{""Khẩu hiệu"": ""tiếng Latinh : Naturam Primum Cognoscere Rerum [ 2 ]"", ""Khẩu hiệu trong Tiếng Anh"": ""\""First to learn the nature of things\"" [ 2 ]"", ""Loại hình"": ""Đại học nghiên cứu công lập quốc gia"", ""Thành lập"": ""1 tháng 8 năm 1946 ; 79 năm trước ( 1946-08-01 ) [ 3 ]"", ""Liên kết học tập"": ""Nhóm 8 Đại học Liên minh Quốc tế các Đại học nghiên cứu APRU AURA UA"", ""Tài trợ"": ""A$ 346,25 triệu (2022) [ 4 ]"", ""Kinh phí"": ""A$ 1,36 tỷ (2022) [ 4 ]"", ""Chưởng ấn"": ""Julie Bishop [ 5 ]"", ""Phó giám đốc"": ""Genevieve Bell [ 6 ]"", ""Sinh viên"": ""17.380 (2021) [ 7 ]"", ""Sinh viên đại học"": ""10.252 (2021) [ 7 ]"", ""Sinh viên sau đại học"": ""7.128 (2021) [ 7 ]"", ""Vị trí"": [""Canberra"", "","", ""Lãnh thổ Thủ đô Úc"", "","", ""2600"", "","", ""Úc"", ""["", ""8"", ""]"", ""35°16′40″N"", ""149°07′14″Đ"", ""﻿ / ﻿"", ""35,2778°N 149,1205°Đ"", ""﻿ /"", ""-35.2778; 149.1205""], ""Khuôn viên"": ""Đô thị , công viên và nông thôn [ 9 ] , 145 hécta (358,3 mẫu Anh) [ cần dẫn nguồn ]"", ""Màu"": ""ANU Gold [ 10 ]"", ""Biệt danh"": ""Owls [ 11 ]"", ""Liên kết thể thao"": ""UniSport EAEN"", ""Linh vật"": ""Owl [ 12 ]"", ""Website"": ""anu .edu .au""}"
705,Đại học Quốc gia Moskva,University,https://vi.wikipedia.org/wiki/%C4%90%E1%BA%A1i_h%E1%BB%8Dc_Qu%E1%BB%91c_gia_Moskva,"{""Tên cũ"": ""Đại học Đế quốc Moskva"", ""Khẩu hiệu"": ""Наука есть ясное познание истины, просвещение разума"", ""Khẩu hiệu trong Tiếng Anh"": [""Science is clear knowledge of the truth, enlightenment of the mind"", ""Scientia est clara cognitio veritatis, illustratio mentis (tiếng Latinh)""], ""Loại hình"": ""Đại học nghiên cứu công lập"", ""Thành lập"": ""23 tháng 1 năm 1755 ; 270 năm trước ( 1755-01-23 )"", ""Sáng lập"": ""Mikhail Vasilyevich Lomonosov [1] và Ivan Shuvalov [2]"", ""Hiệu trưởng"": ""Viktor Sadovnichiy"", ""Giảng viên"": ""5.000"", ""Sinh viên"": ""39.282 [ 1 ]"", ""Vị trí"": [""Moskva"", "","", ""Nga"", ""55°42′14″B"", ""37°31′43″Đ"", ""﻿ / ﻿"", ""55,7039°B 37,5286°Đ"", ""﻿ /"", ""55.7039; 37.5286""], ""Khuôn viên"": ""Đô thị"", ""Ngôn ngữ"": ""Tiếng Nga"", ""Màu"": """", ""Liên kết"": [""Hiệp hội các trường chuyên nghiệp về quan hệ quốc tế"", ""(trục xuất từ năm 2022)"", ""Institutional Network of the Universities from the Capitals of Europe"", ""(đình chỉ từ năm 2022)"", ""International Forum of Public Universities""], ""Website"": ""msu .ru /en /"", ""Hoàn thành"": ""1953"", ""Số tầng"": ""42"", ""Diện tích sàn"": ""1.000.000 m 2 (10.763.910,417 foot vuông)"", ""Tính đến sàn cao nhất"": ""214 m (702 ft) [ 2 ]""}"
707,Đại học Quốc phòng Trung Quốc,University,https://vi.wikipedia.org/wiki/%C4%90%E1%BA%A1i_h%E1%BB%8Dc_Qu%E1%BB%91c_ph%C3%B2ng_Trung_Qu%E1%BB%91c,"{""Tên cũ"": ""Đại học Quân sự Chính trị chống Nhật Nhân dân Trung Quốc"", ""Khẩu hiệu"": ""团结、紧张、严肃、活泼"", ""Khẩu hiệu trong Tiếng Anh"": ""Togetherness, Alertness, Seriousness, Liveliness"", ""Loại hình"": ""Học viện quân sự"", ""Thành lập"": [""1927"", ""; 98 năm trước"", ""("", ""1927"", "")"", ""(tiền thân)"", ""1985"", ""; 40 năm trước"", ""("", ""1985"", "")"", ""(hiện tại)""], ""Sáng lập"": ""Đặng Tiểu Bình"", ""Viện trưởng"": ""Tiêu Thiên Lượng"", ""Phó viện trưởng"": ""Chung Thiệu Quân ( chính ủy )"", ""Vị trí"": ""Bắc Kinh , Trung Quốc"", ""Liên kết"": ""Quân Giải phóng Nhân dân Trung Quốc"", ""Website"": ""www .cdsndu .org"", ""Giản thể"": ""中国人民解放军国防大学"", ""Phồn thể"": ""中國人民解放軍國防大學"", ""Phiên âm"": ""Phiên âm Tiếng Hán tiêu chuẩn Bính âm Hán ngữ Zhōngguó Rénmín Jiěfàngjūn Guófáng Dàxué"", ""Bính âm Hán ngữ"": ""Zhōngguó Rénmín Jiěfàngjūn Guófáng Dàxué""}"
708,Đại học Oxford,University,https://vi.wikipedia.org/wiki/%C4%90%E1%BA%A1i_h%E1%BB%8Dc_Oxford,"{""Loại"": ""Công lập"", ""Khẩu hiệu"": [""Dominus illuminatio mea"", ""("", ""Latinh"", "")"", ""Chúa là ánh sáng của tôi"", ""["", ""1"", ""]""], ""Thành lập"": ""Không rõ, giảng dạy từ cuối thế kỉ 11 (1096) [ 2 ]"", ""Hiệu trưởng"": ""Lord Chris Patten"", ""Số Sinh viên"": ""22.116 [ 5 ]"", ""Màu"": ""Xanh Oxford [ 6 ]"", ""Tài trợ"": ""3,772 tỉ bảng Anh (kể cả các trường thành viên) [ 3 ] [ 4 ]"", ""Website"": ""ox.ac.uk"", ""Sinh viên đại học"": ""11.772 [ 5 ]"", ""Sinh viên sau đại học"": ""9.850 [ 5 ]""}"
712,Đại học Quốc gia Seoul,University,https://vi.wikipedia.org/wiki/%C4%90%E1%BA%A1i_h%E1%BB%8Dc_Qu%E1%BB%91c_gia_Seoul,"{""Khẩu hiệu"": ""VERITAS LUX MEA (Latinh)"", ""Khẩu hiệu trong Tiếng Anh"": ""The truth is my light"", ""Loại hình"": ""Đại học Quốc gia"", ""Thành lập"": ""15 tháng 10 năm 1946 ; 79 năm trước ( 1946-10-15 )"", ""Viện trưởng"": ""Ryu Honglim [ 2 ]"", ""Giảng viên"": ""6,264 (2019) [ 3 ] [ 4 ]"", ""Sinh viên"": ""27,784 (2019) [ 3 ]"", ""Sinh viên đại học"": ""16,662 [ 3 ]"", ""Sinh viên sau đại học"": ""12,403 [ 3 ] [ 5 ]"", ""Nghiên cứu sinh"": ""3,663 [ 3 ]"", ""Địa chỉ"": [""Gwanak Campus"", "": 1 Gwanak-ro,"", ""Gwanak-gu"", "","", ""Seoul"", ""("", ""Sillim-dong"", "")"", ""Yeongeon Campus"", "": 103 Daehak-ro,"", ""Jongno-gu"", "","", ""Seoul"", ""("", ""Yeongeon-dong"", "")"", ""Siheung Campus"", "": 173 Seoul Daehak -ro,"", ""Siheung-si"", "","", ""Gyeonggi-do"", ""(Baegot-dong)"", ""Pyeongchang Campus"", "": 1447 Pyeongchang-daero, Daehwa-myeon,"", ""Pyeongchang-gun"", "","", ""Gangwon-do"", ""(Sin-ri)"", ""37°27′36″B"", ""126°57′9″Đ"", ""﻿ / ﻿"", ""37,46°B 126,9525°Đ"", ""﻿ /"", ""37.46000; 126.95250"", ""﻿ ("", ""Seoul National University"", "")""], ""Khuôn viên"": [""Đô thị, 4.2 km² (1037 mẫu Anh)"", ""7.0 km² (1,729 mẫu Anh), bao gồm Thụ mộc viên và các khuôn viên khác""], ""Màu"": [""Xanh SNU"", ""Màu be SNU"", ""Xám SNU"", ""Vàng SNU"", ""Bạc SNU"", ""["", ""6"", ""]""], ""Liên kết"": ""AEARU , APRU , BESETOHA , ARN, APSIA , AALAU , Washington University in St. Louis McDonnell International Scholars Academy [ 7 ]"", ""Linh vật"": ""Cò , Zelkova serrata [ 8 ]"", ""Website"": ""www.snu.ac.kr""}"
715,Đại học RomaLa Sapienza,University,https://vi.wikipedia.org/wiki/%C4%90%E1%BA%A1i_h%E1%BB%8Dc_Roma_La_Sapienza,"{""Loại"": ""Đại học công lập"", ""Khẩu hiệu"": [""Il futuro è passato qui"", ""(Tương lai đã qua đây)""], ""Thành lập"": ""1303"", ""Hiệu trưởng"": ""Dr. Eugenio Gaudio"", ""Nhân viên"": ""8,000"", ""Số Sinh viên"": ""112,564 [ 1 ]"", ""Khuôn viên"": ""Nội thành"", ""Màu"": ""[ 2 ]"", ""Website"": ""uniroma1.it"", ""Thành viên"": ""European Spatial Development Planning , Partnership of a European Group of Aeronautics and Space Universities , CINECA , Santander Network , Institutional Network of the Universities from the Capitals of Europe , Mediterranean Universities Union .""}"
719,Đại học Ritsumeikan,University,https://vi.wikipedia.org/wiki/%C4%90%E1%BA%A1i_h%E1%BB%8Dc_Ritsumeikan,"{""Tên cũ"": ""Kyoto Hosei School"", ""Khẩu hiệu"": ""Beyond Borders"", ""Loại hình"": ""Đại học tư thục"", ""Thành lập"": ""1900 (chartered 1922)"", ""Viện trưởng"": ""Yoshida Mikio"", ""Giảng viên"": ""1,367 [ 1 ]"", ""Sinh viên đại học"": ""32,600 [ 1 ]"", ""Sinh viên sau đại học"": ""3,228 [ 1 ]"", ""Nghiên cứu sinh"": ""425"", ""Sinh viên khác"": ""1,194 (International)"", ""Vị trí"": [""Kyoto"", ""(Kyoto),"", ""Kusatsu"", ""(Shiga),"", ""Ibaraki"", ""(Osaka)"", "","", ""Nhật Bản"", ""35°01′57″B"", ""135°43′27″Đ"", ""﻿ / ﻿"", ""35,032579°B 135,724041°Đ"", ""﻿ /"", ""35.032579; 135.724041""], ""Khuôn viên"": ""Kinugasa & Suzaku ( Kyoto ), Biwako-Kusatsu ( Kusatsu, Shiga ), OIC ( Ibaraki, Osaka )"", ""Màu"": ""Crimson and White"", ""Liên kết"": ""APSIA , INU , Global 30 , Kansai Big 6"", ""Thể thao"": ""Ritsumeikan Panthers"", ""Linh vật"": ""Panthera pardus"", ""Website"": ""[2] (Tiếng Anh)""}"
720,Đại học Roma Sapienza,University,https://vi.wikipedia.org/wiki/%C4%90%E1%BA%A1i_h%E1%BB%8Dc_Sapienza_c%E1%BB%A7a_Rome,{}
721,Đại học Roma Sapienza,University,https://vi.wikipedia.org/wiki/%C4%90%E1%BA%A1i_h%E1%BB%8Dc_Roma_Sapienza,"{""Khẩu hiệu"": ""Il futuro è passato qui"", ""Khẩu hiệu trong Tiếng Anh"": ""The future has passed through here"", ""Loại hình"": ""Đại học nghiên cứu công lập"", ""Thành lập"": ""1303 ; 722 năm trước ( 1303 )"", ""Hiệu trưởng"": ""Antonella Polimeni"", ""Nhân viên quản lý"": ""8,000"", ""Sinh viên"": ""112,564 [ 3 ]"", ""Sinh viên đại học"": ""63,957 [ 4 ]"", ""Sinh viên sau đại học"": ""26,212 [ 4 ]"", ""Nghiên cứu sinh"": ""18,793 [ 4 ]"", ""Vị trí"": ""Roma , Ý"", ""Khuôn viên"": ""Đô thị"", ""Màu"": ""Pompeian red & gold [ 5 ] [ 6 ]"", ""Liên kết thể thao"": ""CUS Roma"", ""Website"": ""www .uniroma1 .it /en""}"
729,Đại học St. Andrews,University,https://vi.wikipedia.org/wiki/%C4%90%E1%BA%A1i_h%E1%BB%8Dc_St_Andrews,{}
731,Đại học Seikei,University,https://vi.wikipedia.org/wiki/%C4%90%E1%BA%A1i_h%E1%BB%8Dc_Seikei,"{""Loại"": ""Tư thục"", ""Thành lập"": [""Thành lập 1906,"", ""Điều lệ 1949""], ""Chủ tịch"": ""Yoichi Kamejima"", ""Khuôn viên"": ""Thành thị"", ""Màu"": ""Xanh Phổ"", ""Website"": [""Seikei University"", ""(Tiếng Anh)"", ""Seikei University"", ""(Tiếng Nhật)""]}"
733,Đại học Sogang,University,https://vi.wikipedia.org/wiki/%C4%90%E1%BA%A1i_h%E1%BB%8Dc_Sogang,"{""Loại"": ""Tư thục"", ""Khẩu hiệu"": [""Obedire Veritati"", ""("", ""Latin"", "")"", ""진리에 순종하라"", ""("", ""Tiếng Hàn"", "")"", ""(Tuân theo sự thật.)""], ""Thành lập"": ""1960"", ""Hiệu trưởng"": ""Lee Jong-wook"", ""Nhân viên"": ""234"", ""Giảng viên"": [""374 (toàn thời gian)"", ""607 (phụ tá)""], ""Số Sinh viên"": ""15.097"", ""Khuôn viên"": ""Thành thị"", ""Màu"": ""Đỏ thắm"", ""Linh vật"": ""Albatross"", ""Website"": ""wwwe.sogang.ac.kr/"", ""Thành viên"": ""ACUCA"", ""Sinh viên đại học"": ""11.516"", ""Sinh viên sau đại học"": ""3.581""}"
734,Đại học Simon Fraser,University,https://vi.wikipedia.org/wiki/%C4%90%E1%BA%A1i_h%E1%BB%8Dc_Simon_Fraser,"{""Loại"": ""Công lập"", ""Khẩu hiệu"": [""Nous sommes prêts"", ""("", ""Tiếng Pháp"", "")"", ""\""We are ready\""""], ""Thành lập"": ""1965"", ""Số Sinh viên"": ""35,204 [ 2 ]"", ""Khuôn viên"": ""Urban , 1.7 km² maintained, plus 3.3 km² of SFU community"", ""Màu"": ""Blue & Red"", ""Linh vật"": ""McFogg the Dog"", ""Biệt danh"": ""Simon Fraser Clan"", ""Tài trợ"": ""$209 million [ 1 ]"", ""Satellite Campuses"": ""Downtown Vancouver và Surrey"", ""Website"": ""www.sfu.ca"", ""Thành viên"": ""NCAA Division II , AUCC , CARL , IAU , ACU , CIS , CUSID , CWUAA , CBIE , CUP ."", ""Hiệu trưởng danh dự"": ""Brandt C. Louie , OBC"", ""Phó hiệu trưởng"": ""Dr. Jonathan Driver"", ""Sinh viên đại học"": ""29,697"", ""Sinh viên sau đại học"": ""5,507""}"
736,Đại học Stockholm,University,https://vi.wikipedia.org/wiki/%C4%90%E1%BA%A1i_h%E1%BB%8Dc_Stockholm,"{""Loại"": ""công lập"", ""Thành lập"": ""1878"", ""Nhân viên"": ""5,200"", ""Số Sinh viên"": ""28,200 ( FTE , 2009) [ 1 ]"", ""Khuôn viên"": ""Urban"", ""Website"": ""www.su.se/english"", ""Thành viên"": ""EUA"", ""Nghiên cứu sinh"": ""1,800""}"
739,Đại học Sư phạm Hoa Trung,University,https://vi.wikipedia.org/wiki/%C4%90%E1%BA%A1i_h%E1%BB%8Dc_S%C6%B0_ph%E1%BA%A1m_Hoa_Trung,{}
740,Đại học Srinakharinwirot,University,https://vi.wikipedia.org/wiki/%C4%90%E1%BA%A1i_h%E1%BB%8Dc_Srinakharinwirot,"{""Tên cũ"": [""Higher Teacher Training School"", ""College of Education""], ""Khẩu hiệu"": [""Sikkhā Viruḷhi Sampattā"", ""("", ""Pali"", "")"", ""การศึกษาคือความเจริญงอกงาม ("", ""Thái"", "")""], ""Khẩu hiệu trong Tiếng Anh"": ""Education is Growth"", ""Loại hình"": ""Công lập"", ""Thành lập"": ""29 tháng 6 năm 1974 ( 1974-06-29 )"", ""Viện trưởng"": ""Somchai Santiwattanakul"", ""Sinh viên"": ""25.000"", ""Vị trí"": ""Băng Cốc , Thái Lan"", ""Khuôn viên"": [""Khuôn viên Prasarnmit"", ""13°44′44″B"", ""100°33′53″Đ"", ""﻿ / ﻿"", ""13,745557°B 100,56481°Đ"", ""﻿ /"", ""13.745557; 100.564810"", ""Khuôn viên Ongkharak"", ""14°06′27″B"", ""100°58′55″Đ"", ""﻿ / ﻿"", ""14,107418°B 100,98208°Đ"", ""﻿ /"", ""14.107418; 100.982080""], ""Màu"": ""Xám , đỏ"", ""Liên kết"": ""ASAIHL"", ""Website"": ""www .swu .ac .th""}"
741,Đại học Sydney,University,https://vi.wikipedia.org/wiki/%C4%90%E1%BA%A1i_h%E1%BB%8Dc_Sydney,"{""Tọa độ"": ""33°53′16″N 151°11′14″Đ ﻿ / ﻿ 33,88778°N 151,18722°Đ ﻿ / -33.88778; 151.18722"", ""Loại"": ""Công lập"", ""Khẩu hiệu"": [""Sidere mens eadem mutato"", ""("", ""Latin"", "":\""Tinh tú thay đổi, [nhưng] trí óc giữ nguyên\"")""], ""Thành lập"": ""1850"", ""Giám đốc"": ""G.S. Gavin Brown"", ""Nhân viên"": ""2.451 (giáo dục)"", ""Khuôn viên"": ""Khu phố , Công viên"", ""Tài trợ"": ""3.115 tỉ Đô la Úc [ 1 ]"", ""Website"": ""www.usyd.edu.au"", ""Thành viên"": ""Nhóm 8 Đại học , APRU , ASAIHL"", ""Hiệu trưởng danh dự"": ""Professor Marie Bashir, Lady Shehadie AC CVO [ 2 ]"", ""Sinh viên đại học"": ""31.357 (năm 2005)"", ""Sinh viên sau đại học"": ""14.609 (năm 2005)""}"
742,Đại học Stanford,University,https://vi.wikipedia.org/wiki/%C4%90%E1%BA%A1i_h%E1%BB%8Dc_Stanford,"{""Khẩu hiệu"": ""tiếng Đức : Die Luft der Freiheit weht [ 1 ]"", ""Khẩu hiệu trong Tiếng Anh"": ""Ngọn gió của tự do thổi qua (The wind of freedom blows) [ 1 ]"", ""Loại hình"": ""Đại học nghiên cứu đại học tư thục tư thục"", ""Thành lập"": ""1891 ( 1891 ) [ 2 ] [ 3 ]"", ""Sáng lập"": ""Leland và Jane Stanford"", ""Tài trợ"": ""26,5 tỷ USD (2018) [ 4 ]"", ""Viện trưởng"": ""Marc Tessier-Lavigne"", ""Phó hiệu trưởng"": ""Persis Drell"", ""Giảng viên"": ""2.219 [ 5 ]"", ""Nhân viên quản lý"": ""12.508 [ 6 ] excluding SHC"", ""Sinh viên"": ""16.520"", ""Sinh viên đại học"": ""7.083 [ 5 ]"", ""Sinh viên sau đại học"": ""9.437 [ 5 ]"", ""Vị trí"": [""Stanford"", "","", ""California"", "","", ""Hoa Kỳ""], ""Khuôn viên"": ""Suburban , 8.180 mẫu Anh (12,8 dặm vuông Anh; 33,1 km 2 ) [ 5 ]"", ""Học kỳ"": ""Quarter"", ""Màu"": [""Đỏ thắm và trắng"", ""["", ""8"", ""]""], ""Biệt danh"": ""Cardinal"", ""Liên kết thể thao"": [""NCAA Division I FBS"", ""Pac-12"", ""(primary)"", ""IRA"", ""PCCSC"", ""MPSF""], ""Linh vật"": ""Không [ 9 ]"", ""Website"": ""www .stanford .edu""}"
743,Đại học Strasbourg,University,https://vi.wikipedia.org/wiki/%C4%90%E1%BA%A1i_h%E1%BB%8Dc_Strasbourg,"{""Loại"": ""công lập"", ""Thành lập"": ""1538"", ""Hiệu trưởng"": ""Alain Beretz"", ""Số Sinh viên"": ""43.053"", ""Kinh phí"": ""512 triệu Euro (2015) [ 1 ]"", ""Website"": ""www.unistra.fr"", ""Thành viên"": ""LERU , Utrecht Network"", ""Nghiên cứu sinh"": ""2,657""}"
744,Đại học Sư phạm Hoa Đông,University,https://vi.wikipedia.org/wiki/%C4%90%E1%BA%A1i_h%E1%BB%8Dc_S%C6%B0_ph%E1%BA%A1m_Hoa_%C4%90%C3%B4ng,"{""Loại"": ""Đại học công lập"", ""Thành lập"": ""1951"", ""Website"": ""www.ecnu.edu.cn""}"
745,Đại học Tartu,University,https://vi.wikipedia.org/wiki/%C4%90%E1%BA%A1i_h%E1%BB%8Dc_Tartu,"{""Tọa độ"": ""58°22′52″B 26°43′13″Đ ﻿ / ﻿ 58,38111°B 26,72028°Đ ﻿ / 58.38111; 26.72028"", ""Tên cũ"": [""Academia Gustaviana,"", ""University of Dorpat/Yuryev,"", ""Tartu State University""], ""Loại"": ""Công lập"", ""Thành lập"": ""1632 (đóng cửa 1710–1802)"", ""Hiệu trưởng"": ""Volli Kalm"", ""Số Sinh viên"": ""17.100 (2008)"", ""Khuôn viên"": ""Urban"", ""Màu"": ""xanh da trời, trắng"", ""Biệt danh"": ""UT"", ""Website"": ""www.ut.ee"", ""Thành viên"": [""CBUR,"", ""EUA"", "","", ""Nhóm Coimbra"", "","", ""Mạng lưới Utrecht"", "","", ""Atomium Culture""]}"
748,Đại học South Carolina,University,https://vi.wikipedia.org/wiki/%C4%90%E1%BA%A1i_h%E1%BB%8Dc_South_Carolina,"{""Tên cũ"": ""Cao đẳng South Carolina (1801–1865; 1882–1887; 1890–1905) Cao đẳng Cơ khí Nông nghiệp South Carolina (1880–1881) [ 1 ]"", ""Khẩu hiệu"": ""Emollit mores nec sinit esse feros ( Latin )"", ""Khẩu hiệu trong Tiếng Anh"": ""Learning humanizes character and does not permit it to be cruel"", ""Loại hình"": ""Đại học nghiên cứu công lập"", ""Thành lập"": ""2 tháng 2 năm 1801 ; 224 năm trước ( 1801-02-02 )"", ""Tổ chức mẹ"": ""Hệ thống trường Đại học tại South Carolina"", ""Liên kết học tập"": ""Sea-grant"", ""Tài trợ"": ""788,3 triệu USD (2019) [ 2 ]"", ""Viện trưởng"": ""Robert Caslen"", ""Phó hiệu trưởng"": ""William F. Tate IV"", ""Giảng viên"": ""1,604"", ""Sinh viên"": [""35,364 (Columbia)"", ""52,633 (Toàn hệ thống)"", ""["", ""3"", ""]""], ""Vị trí"": ""Columbia , South Carolina , Hoa Kỳ"", ""Khuôn viên"": ""Thành thị , 359 mẫu Anh (145 ha)"", ""Màu"": [""Đỏ"", ""Granat"", ""và Đen"", ""["", ""4"", ""]""], ""Biệt danh"": ""Gamecocks"", ""Liên kết thể thao"": ""NCAA Division I – SEC"", ""Linh vật"": ""gà trống"", ""Website"": ""www .sc .edu""}"
751,Đại học Thammasat,University,https://vi.wikipedia.org/wiki/%C4%90%E1%BA%A1i_h%E1%BB%8Dc_Thammasat,"{""Tên cũ"": ""Đại học Khoa học Chính trị và Đạo đức"", ""Khẩu hiệu"": ""\""For excellence, for justice, and readiness in leadership\"" (official)"", ""Loại hình"": ""Quốc gia"", ""Thành lập"": ""27 tháng 6 năm 1934 ; 91 năm trước ( 1934-06-27 )"", ""Sáng lập"": ""Pridi Banomyong"", ""Hiệu trưởng"": ""Phó Giáo sư Gasinee Witoonchart"", ""Nhân viên quản lý"": ""2,766 [ 1 ]"", ""Sinh viên"": ""33,506 [ 1 ]"", ""Vị trí"": [""Phra Nakhon"", "","", ""Bangkok"", "","", ""Thái Lan"", ""13°45′27″B"", ""100°29′24″Đ"", ""﻿ / ﻿"", ""13,7575°B 100,49°Đ"", ""﻿ /"", ""13.75750; 100.49000""], ""Khuôn viên"": ""Multiple-Campus University Urban and Rural (varied by campus)"", ""Anthem"": [""\""Yung Thong\"""", ""(\""Golden Flamboyant\"")""], ""Màu"": [""Vàng và Đỏ""], ""Liên kết"": ""ASAIHL"", ""Linh vật"": ""Flamboyant Tree"", ""Website"": ""www .tu .ac .th""}"
753,Đại học bang Ohio,University,https://vi.wikipedia.org/wiki/%C4%90%E1%BA%A1i_h%E1%BB%8Dc_Ti%E1%BB%83u_bang_Ohio,{}
754,Đại học Sungkyunkwan,University,https://vi.wikipedia.org/wiki/%C4%90%E1%BA%A1i_h%E1%BB%8Dc_Sungkyunkwan,"{""Khẩu hiệu"": ""수기치인(修己治人)"", ""Khẩu hiệu trong Tiếng Anh"": ""Unique Origin, Unique Future [ 2 ]"", ""Loại hình"": ""Đại học tư thục"", ""Thành lập"": [""1398"", ""; 627 năm trước"", ""("", ""1398"", "")"", ""Sungkyunkwan"", ""1946"", ""; 79 năm trước"", ""("", ""1946"", "")"", ""Đại học Sungkyunkwan."", ""["", ""3"", ""]""], ""Liên kết"": ""Nho giáo"", ""Viện trưởng"": ""Shin Dong-ryeol"", ""Giảng viên"": ""3,475 [ 4 ]"", ""Sinh viên"": ""25,951 [ 4 ]"", ""Sinh viên đại học"": ""19,108"", ""Sinh viên sau đại học"": ""7,790"", ""Vị trí"": [""Cơ sở Khoa học Xã hội và Nhân văn"", ""25-2 Sungkyunkwan-ro,"", ""Jongno-gu"", "","", ""Seoul"", ""Cơ sở Khoa học Tự nhiên"", ""2066 Seobu-ro, Jangan-gu,"", ""Suwon-si"", "","", ""Gyeonggi-do"", ""37°35′14″B"", ""126°59′39″Đ"", ""﻿ / ﻿"", ""37,58722°B 126,99417°Đ"", ""﻿ /"", ""37.58722; 126.99417""], ""Khuôn viên"": ""Trong thành phố"", ""Màu"": ""Màu xanh quả chanh Màu xanh nước biển Màu cam"", ""Linh vật"": ""Bạch quả"", ""Website"": ""www .skku .edu""}"
755,Đại học Texas tại Austin,University,https://vi.wikipedia.org/wiki/%C4%90%E1%BA%A1i_h%E1%BB%8Dc_Texas_t%E1%BA%A1i_Austin,"{""Tên cũ"": [""Đại học Texas"", ""(1881–1967)"", ""["", ""2"", ""]""], ""Khẩu hiệu"": ""Disciplina Praesidium Civitatis ( tiếng LatinH )"", ""Khẩu hiệu trong Tiếng Anh"": ""\""Education is the Guardian of the State\"" [ a ] [ 3 ]"", ""Loại hình"": ""Đại học nghiên cứu công lập"", ""Thành lập"": ""15 tháng 9 năm 1883 ; 142 năm trước ( 1883-09-15 )"", ""Tổ chức mẹ"": ""Hệ thống đại học Texas"", ""Công nhận"": ""SACS"", ""Liên kết học tập"": ""Hiệp hội Viện Đại học Mỹ ORAU UARC URA Space-grant"", ""Tài trợ"": [""19.72 tỷ đô la Mỹ ("", ""năm tài chính"", ""2023)"", ""(chỉ Đại học Texas tại Austin)"", ""["", ""4"", ""]"", ""47.47 tỷ đô la Mỹ (năm tài chính 2024)"", ""(toàn hệ thống đại học Texas)"", ""["", ""5"", ""]""], ""Kinh phí"": ""3.97 tỷ đô la Mỹ (năm tài chính 2024) [ 4 ]"", ""Viện trưởng"": ""Jim Davis (tạm thời) [ 6 ]"", ""Phó hiệu trưởng"": ""David Vanden Bout (tạm thời) [ 7 ]"", ""Giảng viên"": ""4,022 (kỳ thu năm 2022) [ 4 ]"", ""Nhân viên quản lý"": ""2,135 (kỳ thu năm 2023) [ 4 ]"", ""Tổng nhân viên"": ""27,754 (kỳ thu năm 2023) [ 4 ]"", ""Sinh viên"": ""53,082 (kỳ thu năm 2023) [ 4 ]"", ""Sinh viên đại học"": ""42,444 (kỳ thu năm 2023) [ 4 ]"", ""Sinh viên sau đại học"": ""10,638 (kỳ thu năm 2023) [ 4 ]"", ""Vị trí"": [""Austin"", "","", ""Texas"", "","", ""Hoa Kỳ"", ""30°17′06″B"", ""97°44′06″T"", ""﻿ / ﻿"", ""30,285°B 97,735°T"", ""﻿ /"", ""30.285; -97.735""], ""Khuôn viên"": ""Đô thị [ 8 ] , 431 mẫu Anh (1,74 km 2 )"", ""Tờ báo"": ""The Daily Texan"", ""Màu"": [""Burnt Orange và White"", ""["", ""9"", ""]""], ""Biệt danh"": ""Longhorns"", ""Liên kết thể thao"": ""NCAA Division I FBS - SEC [ 10 ]"", ""Linh vật"": ""Bevo Hook 'em"", ""Website"": ""utexas .edu""}"
756,Đại học Tirana,University,https://vi.wikipedia.org/wiki/%C4%90%E1%BA%A1i_h%E1%BB%8Dc_Tirana,{}
764,Đại học Thanh Hoa,University,https://vi.wikipedia.org/wiki/%C4%90%E1%BA%A1i_h%E1%BB%8Dc_Thanh_Hoa,"{""Khẩu hiệu"": [""自強不息,厚德載物"", ""(Tự cường bất tức, hậu đức tải vật)"", ""["", ""1"", ""]""], ""Loại hình"": ""Công lập"", ""Thành lập"": ""1911 ; 114 năm trước ( 1911 )"", ""Viện trưởng"": ""Vương Hy Cần [ 2 ]"", ""Giảng viên"": ""3.641 [ 3 ]"", ""Nhân viên quản lý"": ""9.598"", ""Sinh viên"": ""53.302 [ 4 ]"", ""Sinh viên đại học"": ""16.287"", ""Sinh viên sau đại học"": ""19.726"", ""Nghiên cứu sinh"": ""17.289"", ""Địa chỉ"": [""Thanh Hoa Viên"", "","", ""Hải Điến"", "","", ""Bắc Kinh"", "","", ""Trung Quốc"", ""40°00′0″B"", ""116°19′36″Đ"", ""﻿ / ﻿"", ""40°B 116,32667°Đ"", ""﻿ /"", ""40.00000; 116.32667""], ""Khuôn viên"": ""442,12 ha (gồm khuôn viên chính 306 ha và các bệnh viện trực thuộc)"", ""Màu"": ""Tím Trắng"", ""Website"": ""tsinghua .edu .cn"", ""Giản thể"": ""清华大学"", ""Phồn thể"": ""清華大學"", ""Phiên âm"": ""Phiên âm Tiếng Hán tiêu chuẩn Bính âm Hán ngữ Qīnghuá Dàxué Wade–Giles Ch'ing 1 -hua 2 Ta 4 -hsüeh 2 IPA [tɕʰíŋ.xwǎ tâ.ɕɥě] Tiếng Quảng Châu Latinh hóa Yale Chīng-wàah Daaih-hohk IPA [tsʰéŋ.wȁː tàːi.hɔ̀ːk̚] Việt bính Cing 1 -waa 4 Daai 6 -hok 6"", ""Bính âm Hán ngữ"": ""Qīnghuá Dàxué"", ""Wade–Giles"": ""Ch'ing 1 -hua 2 Ta 4 -hsüeh 2"", ""IPA"": ""[tsʰéŋ.wȁː tàːi.hɔ̀ːk̚]"", ""Latinh hóa Yale"": ""Chīng-wàah Daaih-hohk"", ""Việt bính"": ""Cing 1 -waa 4 Daai 6 -hok 6""}"
766,Đại học Tsukuba,University,https://vi.wikipedia.org/wiki/%C4%90%E1%BA%A1i_h%E1%BB%8Dc_Tsukuba,"{""Khẩu hiệu"": ""Imagine the future"", ""Loại hình"": ""Đại học quốc gia"", ""Thành lập"": ""tháng 10, 1973"", ""Viện trưởng"": ""Kyosuke Nagata"", ""Giảng viên"": ""2.616 [ 1 ]"", ""Nhân viên quản lý"": ""2.284 [ 1 ]"", ""Sinh viên"": ""16.459 [ 1 ]"", ""Sinh viên đại học"": ""9.798 [ 1 ]"", ""Sinh viên sau đại học"": ""6.661 [ 1 ]"", ""Vị trí"": ""Tsukuba , Ibaraki , Nhật Bản"", ""Website"": [""www"", "".tsukuba"", "".ac"", "".jp"", ""/english"", ""/"", ""www"", "".global"", "".tsukuba"", "".ac"", "".jp""]}"
773,Đại học Tiểu bang Kansas,University,https://vi.wikipedia.org/wiki/%C4%90%E1%BA%A1i_h%E1%BB%8Dc_Ti%E1%BB%83u_bang_Kansas,"{""Loại"": ""Public , State , Land-grant , Space Grant , University"", ""Khẩu hiệu"": ""Rule by Obeying Nature's Laws"", ""Thành lập"": ""1863"", ""Hiệu trưởng"": ""Kirk H. Schulz"", ""Giảng viên"": ""1,251 [ 3 ]"", ""Số Sinh viên"": ""23,863 (Fall 2011) [ 1 ]"", ""Khuôn viên"": [""College town"", ""Urban"", ""; 668 acres (main campus)""], ""Màu"": ""Royal purple"", ""Thể thao"": ""14 Varsity Teams"", ""Biệt danh"": ""Wildcats"", ""Tài trợ"": ""$ 374 triệu [ 4 ]"", ""Website"": ""www.k-state.edu"", ""Thành viên"": ""APLU , ASAIHL"", ""Sinh viên đại học"": ""19,205 [ 2 ]"", ""Sinh viên sau đại học"": ""3,921 [ 2 ]""}"
775,Đại học Tokyo,University,https://vi.wikipedia.org/wiki/%C4%90%E1%BA%A1i_h%E1%BB%8Dc_Tokyo,"{""Tên cũ"": [""Đại học đế quốc"", ""(1886–1897)"", ""Đại học đế quốc Đông Kinh"", ""(1897–1947)""], ""Loại hình"": ""Công lập (Quốc lập)"", ""Thành lập"": ""1877"", ""Liên kết học tập"": [""IARU"", ""APRU"", ""AEARU"", ""AGS"", ""BESETOHA"", ""AALAU"", ""Washington University in St. Louis"", ""McDonnell International Scholars Academy"", ""["", ""1"", ""]""], ""Viện trưởng"": [""Fujii Teruo"", ""("", ""藤井輝夫"", "")""], ""Giảng viên"": [""2,209 toàn thời"", ""276 bán thời"", ""(2017)"", ""["", ""2"", ""]""], ""Sinh viên"": ""28,253 (2017) [ 3 ]"", ""Sinh viên đại học"": ""14,002"", ""Sinh viên sau đại học"": ""14,251"", ""Nghiên cứu sinh"": ""5,771"", ""Sinh viên khác"": ""804 sinh viên nghiên cứu"", ""Vị trí"": ""Bunkyō , Tokyo , Nhật Bản"", ""Khuôn viên"": ""Đô thị"", ""Màu"": ""Xanh nhạt"", ""Điền kinh"": ""46 varsity teams"", ""Website"": ""www .u-tokyo .ac .jp""}"
776,Đại học Trung Sơn Moskva,University,https://vi.wikipedia.org/wiki/%C4%90%E1%BA%A1i_h%E1%BB%8Dc_T%C3%B4n_Trung_S%C6%A1n_Moskva,{}
777,Trường Đại học Tổng hợp Hà Nội,University,https://vi.wikipedia.org/wiki/%C4%90%E1%BA%A1i_h%E1%BB%8Dc_T%E1%BB%95ng_h%E1%BB%A3p_H%C3%A0_N%E1%BB%99i,{}
778,Đại học Tây Úc,University,https://vi.wikipedia.org/wiki/%C4%90%E1%BA%A1i_h%E1%BB%8Dc_T%C3%A2y_%C3%9Ac,"{""Loại"": ""Công lập , nghiên cứu"", ""Khẩu hiệu"": ""Seek Wisdom (Kiếm tìm sự thông thái)"", ""Thành lập"": ""1911"", ""Nhân viên"": ""2,218"", ""Khuôn viên"": ""65 ha (tại Perth)"", ""Website"": ""http://www.uwa.edu.au/"", ""Thành viên"": ""Go8 , ASAIHL , WUN , MNU"", ""Hiệu trưởng danh dự"": ""Robert French [ 1 ]"", ""Phó hiệu trưởng"": ""Dawn Freshwater"", ""Sinh viên đại học"": ""19,839"", ""Sinh viên sau đại học"": ""5,967""}"
779,Đại học Tự chủ Quốc gia México,University,https://vi.wikipedia.org/wiki/%C4%90%E1%BA%A1i_h%E1%BB%8Dc_T%E1%BB%B1_ch%E1%BB%A7_Qu%E1%BB%91c_gia_Mexico,{}
780,Đại học Tổng hợp Sankt-Peterburg,University,https://vi.wikipedia.org/wiki/%C4%90%E1%BA%A1i_h%E1%BB%8Dc_T%E1%BB%95ng_h%E1%BB%A3p_Sankt-Peterburg,"{""Loại"": ""công lập"", ""Khẩu hiệu"": [""Hic tuta perennat"", ""("", ""Here we stay in safety"", "")""], ""Thành lập"": ""1724 (1819)"", ""Hiệu trưởng"": ""Nikolai M. Kropachev"", ""Nhân viên"": ""11,854"", ""Số Sinh viên"": ""32.400"", ""Khuôn viên"": ""Thành thị và nông thôn"", ""Website"": ""www.спбгу.рф"", ""Sinh viên đại học"": ""26.872 [ 1 ]"", ""Sinh viên sau đại học"": ""5.566""}"
781,Đại học Tứ Xuyên,University,https://vi.wikipedia.org/wiki/%C4%90%E1%BA%A1i_h%E1%BB%8Dc_T%E1%BB%A9_Xuy%C3%AAn,"{""Loại"": ""Công lập"", ""Khẩu hiệu"": ""海纳百川 有容乃大"", ""Thành lập"": ""1896"", ""Hiệu trưởng"": ""Lý Ngôn Vinh (李言荣)"", ""Nhân viên"": ""11.357"", ""Số Sinh viên"": ""70.000 [ 1 ]"", ""Website"": ""http://www.scu.edu.cn/""}"
782,Đại học Tübingen,University,https://vi.wikipedia.org/wiki/%C4%90%E1%BA%A1i_h%E1%BB%8Dc_T%C3%BCbingen,"{""Loại"": ""Công lập"", ""Khẩu hiệu"": [""Attempto!"", ""(I venture / I dare)""], ""Thành lập"": ""1477"", ""Hiệu trưởng"": ""Bernd Engler"", ""Nhân viên"": ""~ 10.000 (bao gồm đội ngũ cán bộ bệnh viện)"", ""Số Sinh viên"": ""24.473 (11/2009) [ 1 ]"", ""Khuôn viên"": ""Thành thị"", ""Website"": ""www .uni-tuebingen .de /en""}"
783,Đại học Toronto,University,https://vi.wikipedia.org/wiki/%C4%90%E1%BA%A1i_h%E1%BB%8Dc_Toronto,"{""Tọa độ"": """", ""Tên cũ"": ""Học viện Hoàng đế (1827–1849)"", ""Loại"": ""Đại học công lập"", ""Khẩu hiệu"": [""tiếng Latinh"", "":"", ""Velut arbor ævo"", ""(May it grow as a tree through the ages"", ""["", ""1"", ""]"", "")""], ""Thành lập"": ""15 tháng 2 năm 1827"", ""Hiệu trưởng"": ""Meric Gertler [ 4 ]"", ""Nhân viên"": ""4,335 [ 3 ]"", ""Giảng viên"": ""2,547 [ 3 ]"", ""Khuôn viên"": ""Đô thị, 71 hécta (180 mẫu Anh) [ 3 ]"", ""Màu"": """", ""Biệt danh"": ""Toronto Varsity Blues"", ""Tài trợ"": ""Đô la Canada 1.663 tỉ (2013, không bao gồm quỹ của các trường thành viên) [ 2 ]"", ""Website"": ""utoronto.ca"", ""Thành viên"": ""Association of American Universities , Association of Commonwealth Universities , Association of Universities and Colleges of Canada , International Association of Universities , U15 Group of Canadian Research Universities , Universities Research Association"", ""Hiệu trưởng danh dự"": ""Michael Wilson (chính trị gia) [ 4 ]"", ""Sinh viên đại học"": ""33,318 [ 3 ]"", ""Sinh viên sau đại học"": ""12,732 [ 3 ]""}"
784,Đại học Tổng hợp Kim Nhật Thành,University,https://vi.wikipedia.org/wiki/%C4%90%E1%BA%A1i_h%E1%BB%8Dc_T%E1%BB%95ng_h%E1%BB%A3p_Kim_Nh%E1%BA%ADt_Th%C3%A0nh,"{""Tọa độ"": ""39°3′29″B 125°46′6″Đ ﻿ / ﻿ 39,05806°B 125,76833°Đ ﻿ / 39.05806; 125.76833"", ""Loại"": ""Công lập"", ""Thành lập"": ""1 tháng 10 năm 1946 ( 1946-10-01 )"", ""Giám đốc"": ""Choe Sang-gon [ 1 ]"", ""Nhân viên"": ""2,800"", ""Giảng viên"": ""1,200"", ""Số Sinh viên"": ""16,000"", ""Khuôn viên"": ""Rural"", ""Website"": ""ryongnamsan .edu .kp""}"
786,Đại học Tự chủ Quốc gia México,University,https://vi.wikipedia.org/wiki/%C4%90%E1%BA%A1i_h%E1%BB%8Dc_T%E1%BB%B1_tr%E1%BB%8B_Qu%E1%BB%91c_gia_M%C3%A9xico,{}
791,Đại học Vermont,University,https://vi.wikipedia.org/wiki/%C4%90%E1%BA%A1i_h%E1%BB%8Dc_Vermont,{}
792,Đại học Umeå,University,https://vi.wikipedia.org/wiki/%C4%90%E1%BA%A1i_h%E1%BB%8Dc_Ume%C3%A5,"{""Loại"": ""Đại học nghiên cứu Công lập"", ""Thành lập"": ""17 tháng 9 năm 1965 [ 1 ]"", ""Hiệu trưởng"": ""GS. Lena Gustafsson"", ""Giảng viên"": ""4,200 [ 2 ]"", ""Số Sinh viên"": ""34.200 [ 2 ]"", ""Khuôn viên"": ""Thành thị"", ""Website"": ""www.umu.se/english"", ""Thành viên"": ""EUA , UArctic""}"
795,Đại học Warszawa,University,https://vi.wikipedia.org/wiki/%C4%90%E1%BA%A1i_h%E1%BB%8Dc_Warsaw,{}
797,Đại học Utrecht,University,https://vi.wikipedia.org/wiki/%C4%90%E1%BA%A1i_h%E1%BB%8Dc_Utrecht,"{""Loại"": ""Public , general"", ""Khẩu hiệu"": ""Sol Iustitiae Illustra Nos ( Sun of Justice, shine upon us )"", ""Thành lập"": ""1636"", ""Hiệu trưởng"": ""Willem Hendrik Gispen"", ""Giảng viên"": ""8.224"", ""Số Sinh viên"": ""26.787"", ""Website"": ""www.uu.nl""}"
798,Đại học Viên,University,https://vi.wikipedia.org/wiki/%C4%90%E1%BA%A1i_h%E1%BB%8Dc_Vi%C3%AAn,"{""Tên cũ"": ""Alma Mater Rudolphina Vindobonensis"", ""Loại hình"": ""Đại học công lập"", ""Thành lập"": ""12 tháng 3 năm 1365 ; 660 năm trước ( 1365-03-12 )"", ""Kinh phí"": ""691,5 triệu euro (2021) [ 2 ]"", ""Rector"": ""Sebastian Schütze"", ""Giảng viên"": ""7,538 [ 2 ]"", ""Nhân viên quản lý"": ""3,043 [ 2 ]"", ""Tổng nhân viên"": ""10,381"", ""Sinh viên"": ""88,900 (2021) [ 2 ]"", ""Sinh viên sau đại học"": ""16,490"", ""Nghiên cứu sinh"": ""8,945"", ""Vị trí"": [""Viên"", "","", ""Áo"", ""48°12′47″B"", ""16°21′35″Đ"", ""﻿ / ﻿"", ""48,21306°B 16,35972°Đ"", ""﻿ /"", ""48.21306; 16.35972""], ""Khuôn viên"": ""Đô thị"", ""Màu"": ""Xanh và trắng"", ""Liên kết"": ""Campus Europae Hiệp hội đại học châu Âu Guild of European Research-Intensive Universities UNICA"", ""Website"": ""univie .ac .at""}"
800,Đại học Uppsala,University,https://vi.wikipedia.org/wiki/%C4%90%E1%BA%A1i_h%E1%BB%8Dc_Uppsala,"{""Loại"": ""công lập"", ""Khẩu hiệu"": [""Gratiae veritas naturae ("", ""Latin"", "")"", ""(Truth through mercy and nature)""], ""Thành lập"": ""1477"", ""Rector magnificusvàVice Chancellor"": ""Prof. Anders Hallberg"", ""Nhân viên"": [""6.000"", ""(4.000 giảng dạy)""], ""Số Sinh viên"": ""20.450 ( FTE , 2009) [ 1 ]"", ""Màu"": ""maroon , white"", ""Tài trợ"": ""4,541 tỷ SEK (2009) [ 1 ]"", ""Website"": ""www.uu.se"", ""Thành viên"": [""Coimbra Group"", ""EUA"", ""Matariki Network of Universities""], ""Nghiên cứu sinh"": ""2.000""}"
801,Đại học Vũ Hán,University,https://vi.wikipedia.org/wiki/%C4%90%E1%BA%A1i_h%E1%BB%8Dc_V%C5%A9_H%C3%A1n,"{""Khẩu hiệu"": ""自强 弘毅 求是 拓新 [ 1 ]"", ""Khẩu hiệu trong Tiếng Anh"": ""Self-improvement, Perseverance, Truth-seeking, Innovation [ 2 ]"", ""Loại hình"": ""Đại học công lập"", ""Thành lập"": ""1926"", ""Viện trưởng"": ""Zhang Pingwen"", ""Giảng viên"": ""7.325"", ""Sinh viên"": ""58.720"", ""Vị trí"": ""Vũ Hán , Hồ Bắc , Trung Quốc"", ""Khuôn viên"": ""Đô thị , 3,5 km 2"", ""Website"": ""en .whu .edu .cn"", ""Giản thể"": ""武汉大学"", ""Phồn thể"": ""武漢大學"", ""Phiên âm"": ""Phiên âm Tiếng Hán tiêu chuẩn Bính âm Hán ngữ Wǔhàn Dàxué"", ""Bính âm Hán ngữ"": ""Wǔhàn Dàxué""}"
802,Đại học Warszawa,University,https://vi.wikipedia.org/wiki/%C4%90%E1%BA%A1i_h%E1%BB%8Dc_Warszawa,"{""Loại"": ""Công lập"", ""Thành lập"": ""19 tháng 11 năm 1816"", ""Hiệu trưởng"": ""Giáo sư Alojzy Zbigniew Nowak"", ""Nhân viên"": ""5.531"", ""Số Sinh viên"": ""56.858 (tháng 11 năm 2005)"", ""Khuôn viên"": ""Thành thị"", ""Tài trợ"": ""PLN 376,442,402 [ 1 ] (approx. USD 132'000'000)"", ""Website"": ""www.uw.edu.pl"", ""Thành viên"": ""EUA , Socrates-Erasmus"", ""Nghiên cứu sinh"": ""2.148""}"
803,Đại học Viên,University,https://vi.wikipedia.org/wiki/%C4%90%E1%BA%A1i_h%E1%BB%8Dc_Wien,{}
804,Đại học Washington,University,https://vi.wikipedia.org/wiki/%C4%90%E1%BA%A1i_h%E1%BB%8Dc_Washington,"{""Tọa độ"": ""47°39′18″B 122°18′29″T ﻿ / ﻿ 47,655°B 122,308°T ﻿ / 47.655; -122.308"", ""Tên cũ"": ""Territorial University of Washington (1861–1889)"", ""Loại"": ""Đại học công lập"", ""Khẩu hiệu"": ""Let there be light [ 1 ]"", ""Thành lập"": ""1861"", ""Hiệu trưởng"": ""Ana Mari Cauce"", ""Nhân viên"": ""16,174"", ""Giảng viên"": ""5,803"", ""Số Sinh viên"": ""46,686 (Fall 2017) [ 3 ]"", ""Khuôn viên"": ""Urban, 703 mẫu Anh (2,8 km 2 )"", ""Màu"": [""Purple & Gold"", ""["", ""4"", ""]""], ""Linh vật"": [""Harry the Husky"", "","", ""and Dubs (live"", ""Husky"", "")""], ""Biệt danh"": ""Washington Huskies"", ""Tài trợ"": ""$2.96 billion (2016) [ 2 ]"", ""Website"": ""www .washington .edu"", ""Phó hiệu trưởng"": ""Jerry Baldasty"", ""Sinh viên đại học"": ""31,843 (Fall 2017) [ 3 ]"", ""Sinh viên sau đại học"": ""14,843 (Fall 2017) [ 3 ]""}"
805,Đại học Wesleyan,University,https://vi.wikipedia.org/wiki/%C4%90%E1%BA%A1i_h%E1%BB%8Dc_Wesleyan,"{""Loại"": ""tư thục"", ""Thành lập"": ""1831"", ""Hiệu trưởng"": ""Michael S. Roth"", ""Giảng viên"": ""350"", ""Khuôn viên"": ""Ngoại ô, 360 acre"", ""Biệt danh"": ""Chim hồng y"", ""Tài trợ"": ""650 triệu $"", ""Thể thao"": ""29 đội tuyển trường, 11 đội tuyển CLB"", ""Website"": ""www.wesleyan.edu"", ""Sinh viên đại học"": ""2.700"", ""Sinh viên sau đại học"": ""200""}"
808,Đại học William và Mary,University,https://vi.wikipedia.org/wiki/%C4%90%E1%BA%A1i_h%E1%BB%8Dc_William_%26_Mary,{}
809,Đại học Wisconsin–Madison,University,https://vi.wikipedia.org/wiki/%C4%90%E1%BA%A1i_h%E1%BB%8Dc_Wisconsin-Madison,{}
810,Đại học Villanova,University,https://vi.wikipedia.org/wiki/%C4%90%E1%BA%A1i_h%E1%BB%8Dc_Villanova,"{""Tên cũ"": ""Học viện Thánh Augustinô (1811–) Trường Villanova Dòng Thánh Augustinô (1842–1953)"", ""Khẩu hiệu"": ""Veritas, Unitas, Caritas ( tiếng Latinh )"", ""Khẩu hiệu trong Tiếng Anh"": ""\""Truth, Unity, Love\"""", ""Loại hình"": ""Đại học nghiên cứu tư thục"", ""Thành lập"": ""1842 ; 183 năm trước ( 1842 )"", ""Sáng lập"": ""Dòng Thánh Augustinô"", ""Tôn giáo"": ""Công giáo ( Dòng Thánh Augustinô )"", ""Liên kết học tập"": ""ACCU ASEA NAICU PCRC Space-grant"", ""Tài trợ"": ""1,31 tỷ đô la Mỹ (2024) [ 1 ]"", ""Viện trưởng"": ""Peter M. Donohue"", ""Sinh viên đại học"": ""6,791"", ""Sinh viên sau đại học"": ""3,108"", ""Vị trí"": [""Villanova"", "","", ""Pennsylvania"", "","", ""Hoa Kỳ"", ""40°02′16″B"", ""75°20′15″T"", ""﻿ / ﻿"", ""40,03771°B 75,33755°T"", ""﻿ /"", ""40.03771; -75.33755""], ""Khuôn viên"": ""Ngoại ô [ 2 ] , 408 mẫu Anh (165 ha)"", ""Khuôn viên khác"": ""Radnor"", ""Tờ báo"": ""The Villanovan"", ""Màu"": [""Xanh và trắng"", ""["", ""3"", ""]""], ""Biệt danh"": ""Wildcats"", ""Liên kết thể thao"": ""NCAA Division I – Big East Big 5 CAA Football"", ""Linh vật"": [""Will D. Cat (hiện tại)"", ""Count Villan (former)"", ""["", ""4"", ""]""], ""Website"": ""villanova .edu""}"
812,Đại học William và Mary,University,https://vi.wikipedia.org/wiki/%C4%90%E1%BA%A1i_h%E1%BB%8Dc_William_v%C3%A0_Mary,"{""Loại hình"": [""Đại học hoàng gia (1693-1776)"", ""Đại học tư thục (1776-1906)"", ""Viện đại học nghiên cứu công lập (1906-present)""], ""Thành lập"": ""8 tháng 2 năm 1693 ; 332 năm trước ( 1693-02-08 ) [ 1 ] [ 2 ]"", ""Công nhận"": ""SACS"", ""Liên kết học tập"": ""ORAU URA Sea-grant Space-grant"", ""Tài trợ"": ""$1.3 tỷ (2021) [ 3 ]"", ""Chưởng ấn"": ""Robert Gates"", ""Viện trưởng"": ""Katherine Rowe"", ""Phó hiệu trưởng"": ""Peggy Agouris [ 4 ]"", ""Hiệu trưởng"": ""John E. Littel [ 5 ]"", ""Giảng viên"": ""738 toàn thời gian, 183 bán thời gian [ 6 ]"", ""Sinh viên"": ""8,817 (Mùa thu 2019) [ 6 ]"", ""Sinh viên đại học"": ""6,377 (Mùa thu 2019) [ 6 ]"", ""Sinh viên sau đại học"": ""2,440 (Mùa thu 2019) [ 6 ]"", ""Vị trí"": [""Thành phố"", ""Williamsburg"", "","", ""tiểu bang"", ""Virginia"", "","", ""Hoa Kỳ"", ""37°16′15″B"", ""76°42′30″T"", ""﻿ / ﻿"", ""37,27083°B 76,70833°T"", ""﻿ /"", ""37.27083; -76.70833""], ""Khuôn viên"": ""College Town , 1,200 mẫu Anh (0,00486 km 2 )"", ""Tạp chí sinh viên"": ""The Flat Hat"", ""Màu"": [""Xanh và Vàng W&M"", ""["", ""7"", ""]""], ""Biệt danh"": ""Tribe"", ""Liên kết thể thao"": ""NCAA Division I FCS – CAA EIGL"", ""Linh vật"": ""The Griffin [ 8 ]"", ""Website"": ""www .wm .edu""}"
813,Đại học Wesley (Ohio),University,https://vi.wikipedia.org/wiki/%C4%90%E1%BA%A1i_h%E1%BB%8Dc_Wesley_%28Ohio%29,"{""Loại"": ""Trường đại học khai phóng tư thục"", ""Khẩu hiệu"": [""In lumine tuo videbimus lumen"", ""("", ""tiếng Latinh"", "")"", ""("", ""Trong ánh sáng của bạn ta sẽ nhìn thấy ánh sáng"", "")""], ""Thành lập"": ""tháng 9 năm 1842"", ""Hiệu trưởng"": ""Rock F. Jones"", ""Nhân viên"": ""200"", ""Giảng viên"": ""159"", ""Khuôn viên"": ""Ngoại ô, diện tích 0,8 km²"", ""Màu"": ""Đỏ và Đen [ 1 ]"", ""Thể thao"": ""21 đội đại diện cho trường"", ""Biệt danh"": [""Chim hồng y"", ""Chim hồng y Đại học Wesleyan""], ""Website"": ""http://www.owu.edu"", ""Thành viên"": ""Annapolis Group GLCA Ohio Five IAMSCU NAICU [ 2 ]"", ""Sinh viên đại học"": ""1.600"", ""Sinh viên sau đại học"": ""0""}"
815,Đại học Wisconsin–Madison,University,https://vi.wikipedia.org/wiki/%C4%90%E1%BA%A1i_h%E1%BB%8Dc_Wisconsin%E2%80%93Madison,"{""Khẩu hiệu"": ""Numen Lumen ( Latin )"", ""Khẩu hiệu trong Tiếng Anh"": [""\""God, our light\"" or"", ""\""The divine within the universe, however manifested, is my light.\"""", ""["", ""1"", ""]""], ""Loại hình"": [""Public university"", ""flagship"", ""Land-grant university"", ""Sea-grant university""], ""Thành lập"": ""1848"", ""Liên kết"": ""UW System"", ""Liên kết học tập"": ""AAU URA APLU BTAA WUN"", ""Tài trợ"": ""$3.18 billion (2020) [ 2 ]"", ""Chưởng ấn"": ""Rebecca Blank"", ""Giảng viên"": ""2,220 [ 3 ]"", ""Sinh viên"": ""43,820 (fall 2017) [ 4 ]"", ""Sinh viên đại học"": ""29,931 (fall 2017) [ 4 ]"", ""Sinh viên sau đại học"": ""13,889 (fall 2017) [ 4 ]"", ""Vị trí"": [""Madison"", "","", ""Wisconsin"", "","", ""U.S."", ""43°04′30″B"", ""89°25′02″T"", ""﻿ / ﻿"", ""43,075°B 89,417222°T"", ""﻿ /"", ""43.075000; -89.417222""], ""Khuôn viên"": [""Urban"", ""936 mẫu Anh (379 ha)""], ""Màu"": [""Cardinal and white"", ""["", ""5"", ""]""], ""Điền kinh"": ""NCAA Division I – Big Ten , WCHA (Women's ice hockey)"", ""Biệt danh"": ""Badgers"", ""Linh vật"": ""Bucky Badger"", ""Website"": ""www .wisc .edu""}"
818,Đại học Witwatersrand,University,https://vi.wikipedia.org/wiki/%C4%90%E1%BA%A1i_h%E1%BB%8Dc_Witwatersrand,{}
821,Đại học Xây dựng Bucharest,University,https://vi.wikipedia.org/wiki/%C4%90%E1%BA%A1i_h%E1%BB%8Dc_X%C3%A2y_d%E1%BB%B1ng_Bucarest,{}
822,Đại học Wyoming,University,https://vi.wikipedia.org/wiki/%C4%90%E1%BA%A1i_h%E1%BB%8Dc_Wyoming,"{""Tọa độ"": ""41°18′47″B 105°34′53″T ﻿ / ﻿ 41,31306°B 105,58139°T ﻿ / 41.31306; -105.58139"", ""Loại"": [""Đại học công lập"", ""Flagship university"", ""Land-grant university""], ""Thành lập"": ""1886"", ""Hiệu trưởng"": ""Dr. Dick McGinity [ 3 ]"", ""Nhân viên"": ""1,846 [ 2 ]"", ""Giảng viên"": ""1,151 [ 2 ]"", ""Số Sinh viên"": ""13,992 [ 4 ]"", ""Khuôn viên"": ""Vùng tiểu đô thị Hoa Kỳ"", ""Màu"": ""Nâu và Vàng"", ""Linh vật"": [""Cowboy Joe"", ""Pistol Pete""], ""Biệt danh"": ""Wyoming Cowboys and Cowgirls"", ""Tài trợ"": ""$337.5 triệu (2012) [ 1 ]"", ""Website"": ""uwyo .edu"", ""Thành viên"": ""Association of Public and Land-grant Universities""}"
825,Đại học Wrocław,University,https://vi.wikipedia.org/wiki/%C4%90%E1%BA%A1i_h%E1%BB%8Dc_Wroc%C5%82aw,"{""Tên cũ"": ""tiếng Đức : Leopoldina, Universität Breslau , Schlesische Friedrich-Wilhelms-Universität zu Breslau (trước 1945)"", ""Loại hình"": ""Công lập"", ""Thành lập"": ""21 tháng 10 năm 1702 ; 323 năm trước ( 1702-10-21 ) (tái thiết năm 1945)"", ""Viện trưởng"": ""Robert Olkiewicz"", ""Nhân viên quản lý"": ""3.569 [ 3 ]"", ""Sinh viên"": ""20.293 [ 4 ] (12/2023)"", ""Vị trí"": ""Wrocław , Dolnośląskie , Ba Lan"", ""Màu"": ""Xanh"", ""Website"": ""uwr .edu .pl""}"
829,Đại học Zagreb,University,https://vi.wikipedia.org/wiki/%C4%90%E1%BA%A1i_h%E1%BB%8Dc_Zagreb,{}
830,Đại học Zambia,University,https://vi.wikipedia.org/wiki/%C4%90%E1%BA%A1i_h%E1%BB%8Dc_Zambia,"{""Loại"": ""Công cộng"", ""Khẩu hiệu"": ""Service and Excellence"", ""Thành lập"": ""1966"", ""Giám đốc"": ""Giáo sư Stephen Simukanga"", ""Khuôn viên"": ""Thành thị"", ""Website"": ""http://www.unza.zm""}"
834,Đại học Waseda,University,https://vi.wikipedia.org/wiki/%C4%90%E1%BA%A1i_h%E1%BB%8Dc_Waseda,"{""Khẩu hiệu"": [""学問の独立"", ""(Độc lập học vấn)""], ""Loại hình"": ""Tư thục"", ""Thành lập"": ""21 tháng 10, 1882"", ""Viện trưởng"": ""Kamata Kaoru"", ""Giảng viên"": [""2,176 toàn thời gian"", ""3,327 bán thời gian""], ""Nhân viên quản lý"": [""1,144 toàn thời gian"", ""136 bán thời gian""], ""Sinh viên đại học"": ""42,860"", ""Sinh viên sau đại học"": ""8,269"", ""Vị trí"": ""Shinjuku , Tokyo , Nhật Bản"", ""Khuôn viên"": ""Thành thị"", ""Athletics"": ""43 varsity teams"", ""Màu"": ""Maroon [1]"", ""Liên kết"": ""Universitas 21 , APRU"", ""Linh vật"": ""Gấu Waseda (chính thức)"", ""Website"": ""Waseda University""}"
837,Đại học Yangon,University,https://vi.wikipedia.org/wiki/%C4%90%E1%BA%A1i_h%E1%BB%8Dc_Yangon,"{""Loại"": ""Public"", ""Khẩu hiệu"": ""With truth and loyalty"", ""Thành lập"": ""1878 as Rangoon College"", ""Hiệu trưởng"": ""Dr. Pho Kaung"", ""Giảng viên"": ""1023"", ""Khuôn viên"": ""Urban"", ""Thành viên"": ""ASEAN University Network ( AUN ), ASAIHL"", ""Sinh viên đại học"": ""13.500"", ""Sinh viên sau đại học"": ""1.000""}"
840,Đại học Virginia,University,https://vi.wikipedia.org/wiki/%C4%90%E1%BA%A1i_h%E1%BB%8Dc_Virginia,"{""Loại hình"": ""Đại học nghiên cứu công lập"", ""Thành lập"": ""25 tháng 1 năm 1819 ; 206 năm trước ( 1819-01-25 ) [ 1 ]"", ""Sáng lập"": ""Thomas Jefferson"", ""Công nhận"": ""SACS"", ""Liên kết học tập"": ""Hiệp hội Viện Đại học Mỹ ORAU SCHEV URA Sea-grant Space-grant"", ""Tài trợ"": ""14,2 tỷ đô la Mỹ (2024) [ 2 ]"", ""Kinh phí"": ""5,8 tỷ đô la Mỹ (2024) [ 3 ] [ a ]"", ""Viện trưởng"": ""James E. Ryan"", ""Phó hiệu trưởng"": ""Brie Gertler (lâm thời) [ 4 ]"", ""Giảng viên"": [""3,265 (kỳ thu năm 2019)"", ""["", ""5"", ""]"", ""3,083 toàn thời gian"", ""182 bán thời gian""], ""Nhân viên quản lý"": [""6,292 (kỳ thu năm 2019)"", ""["", ""5"", ""]"", ""["", ""b"", ""]"", ""6,149 toàn thời gian"", ""143 bán thời gian""], ""Sinh viên"": ""25,944 (kỳ thu năm 2023) [ 6 ]"", ""Sinh viên đại học"": ""17,618 (kỳ thu năm 2023) [ 6 ]"", ""Sinh viên sau đại học"": ""8,326 (kỳ thu năm 2023) [ 6 ]"", ""Vị trí"": [""Charlottesville"", "","", ""Virginia"", "","", ""Hoa Kỳ"", ""38°02′8″B"", ""78°30′12″T"", ""﻿ / ﻿"", ""38,03556°B 78,50333°T"", ""﻿ /"", ""38.03556; -78.50333""], ""Khuôn viên"": ""Small suburb [ 8 ] , 1.135 mẫu Anh (459 ha) [ 7 ]"", ""Other campuses[9]"": ""Arlington Chantilly Falls Church Henrico McLean Newport News Pembroke Venice"", ""Tờ báo"": ""The Cavalier Daily"", ""Màu"": [""Orange and blue"", ""["", ""10"", ""]""], ""Biệt danh"": ""Cavaliers Wahoos"", ""Liên kết thể thao"": ""NCAA Division I FBS – ACC"", ""Linh vật"": ""Cavalier"", ""Website"": ""virginia .edu"", ""Tên chính thức"": ""University Of Virginia Historic District"", ""Loại"": ""Văn hóa"", ""Tiêu chuẩn"": ""i, iv, vi"", ""Đề cử"": ""1971-11-11"", ""Số tham khảo"": ""70000865"", ""Khu vực"": ""Châu Âu và Bắc Mỹ""}"
841,Đại học quốc lập Đài Loan,University,https://vi.wikipedia.org/wiki/%C4%90%E1%BA%A1i_h%E1%BB%8Dc_qu%E1%BB%91c_l%E1%BA%ADp_%C4%90%C3%A0i_Loan,"{""Tọa độ"": ""25°00′58″B 121°32′10″Đ ﻿ / ﻿ 25,016°B 121,536°Đ ﻿ / 25.016; 121.536"", ""Tên cũ"": ""Đại học Đế quốc Taihoku"", ""Loại"": ""Công lập ( Đại học quốc gia )"", ""Khẩu hiệu"": ""Cultivate virtue, advance intellect; love one's country, love one's people [ 1 ]"", ""Thành lập"": [""thành lập 1928"", ""["", ""a"", ""]"", ""tái tổ chức 1945""], ""Hiệu trưởng"": ""Dương Phán Trì (楊泮池)"", ""Khuôn viên"": [""Nội đô"", "","", ""1,6 km² ("", ""Vùng đô thị Đài Bắc"", ""combined),"", ""344 km² ("", ""Nam Đầu"", ""combined)""], ""Website"": ""www .ntu .edu .tw /english"", ""Thành viên"": [""ASAIHL"", ""AACSB""], ""Sinh viên đại học"": ""17.706"", ""Sinh viên sau đại học"": ""15.710""}"
842,Đại học Yale,University,https://vi.wikipedia.org/wiki/%C4%90%E1%BA%A1i_h%E1%BB%8Dc_Yale,"{""Loại"": ""tư thục"", ""Khẩu hiệu"": [""אורים ותמים ("", ""tiếng Hebrew"", "") ("", ""Urim"", ""và"", ""Thummim"", "")"", ""Lux et veritas"", ""("", ""tiếng Latin"", "")"", ""(Ánh sáng và Chân lý)""], ""Thành lập"": ""năm 1701"", ""Hiệu trưởng"": ""Peter Salovey [ 2 ]"", ""Giảng viên"": ""3 619 [ 3 ]"", ""Số Sinh viên"": ""11 732"", ""Khuôn viên"": ""Nội thị, 837 mẫu Anh (339 ha) kể cả Sân Golf Yale"", ""Màu"": ""Yale Blue [ 7 ]"", ""Biệt danh"": ""Bulldogs, Elis, Yalies [ 4 ] [ 5 ] [ 6 ]"", ""Tài trợ"": ""19,345 tỉ USD (2012) [ 1 ]"", ""Website"": ""yale.edu"", ""Sinh viên đại học"": ""5 414"", ""Sinh viên sau đại học"": ""6 318""}"
