src_person_id,dst_person_id,src_person,dst_person
2,750,Abdurrahman Wahid,Megawati Sukarnoputri
3,800,Abiy Ahmed,Mulatu Teshome
3,372,Abiy Ahmed,Hailemariam Desalegn
3,1080,Abiy Ahmed,Theodore Roosevelt
3,1201,Abiy Ahmed,Woodrow Wilson
3,153,Abiy Ahmed,Charles G. Dawes
3,321,Abiy Ahmed,George Marshall
3,895,Abiy Ahmed,Philip Noel-Baker
3,191,Abiy Ahmed,Dag Hammarskjöld
3,408,Abiy Ahmed,Henry Kissinger
3,1011,Abiy Ahmed,Satō Eisaku
3,76,Abiy Ahmed,Anwar Al-Sadad
3,758,Abiy Ahmed,Menachem Begin
3,1222,Abiy Ahmed,Óscar Arias
3,803,Abiy Ahmed,Mikhail Sergeyevich Gorbachyov
3,103,Abiy Ahmed,Aung San Suu Kyi
3,837,Abiy Ahmed,Nelson Mandela
3,1024,Abiy Ahmed,Shimon Peres
3,631,Abiy Ahmed,Kim Dae-jung
3,627,Abiy Ahmed,Kofi Annan
3,548,Abiy Ahmed,Jimmy Carter
3,786,Abiy Ahmed,Mohamed ElBaradei
3,806,Abiy Ahmed,Muhammad Yunus
3,742,Abiy Ahmed,Martti Ahtisaari
3,156,Abiy Ahmed,Barack Obama
3,243,Abiy Ahmed,Ellen Johnson Sirleaf
3,716,Abiy Ahmed,Malala Yousafzai
3,595,Abiy Ahmed,Juan Manuel Santos
3,738,Abiy Ahmed,Maria Ressa
4,410,Abe Nobuyuki,Hiranuma Kiichirō
4,462,Abe Nobuyuki,Itō Hirobumi
4,991,Abe Nobuyuki,Saionji Kinmochi
4,375,Abe Nobuyuki,Hara Takashi
4,611,Abe Nobuyuki,Katō Tomosaburō
4,609,Abe Nobuyuki,Katō Takaaki
4,1163,Abe Nobuyuki,Wakatsuki Reijirō
4,1050,Abe Nobuyuki,Tanaka Giichi
4,441,Abe Nobuyuki,Inukai Tsuyoshi
4,992,Abe Nobuyuki,Saitō Makoto
4,352,Abe Nobuyuki,Gotō Fumio
4,447,Abe Nobuyuki,Itō Masayoshi
4,796,Abe Nobuyuki,Mori Yoshirō
4,19,Abe Nobuyuki,Abe Shinzō
4,303,Abe Nobuyuki,Fukuda Yasuo
4,90,Abe Nobuyuki,Asō Tarō
4,390,Abe Nobuyuki,Hatoyama Yukio
4,601,Abe Nobuyuki,Kan Naoto
4,841,Abe Nobuyuki,Noda Yoshihiko
4,1058,Abe Nobuyuki,Suga Yoshihide
4,639,Abe Nobuyuki,Kishida Fumio
4,459,Abe Nobuyuki,Ishiba Shigeru
4,1057,Abe Nobuyuki,Takaichi Sanae
6,82,A. P. J. Abdul Kalam,Atal Bihari Vajpayee
6,720,A. P. J. Abdul Kalam,Manmohan Singh
6,596,A. P. J. Abdul Kalam,K. R. Narayanan
6,908,A. P. J. Abdul Kalam,Pratibha Patil
6,925,A. P. J. Abdul Kalam,Rajendra Prasad
6,998,A. P. J. Abdul Kalam,Sarvepalli Radhakrishnan
6,1218,A. P. J. Abdul Kalam,Zakir Husain (chính trị gia)
6,1129,A. P. J. Abdul Kalam,V. V. Giri
6,789,A. P. J. Abdul Kalam,Mohammad Hidayatullah
6,266,A. P. J. Abdul Kalam,Fakhruddin Ali Ahmed
6,93,A. P. J. Abdul Kalam,B. D. Jatti
6,818,A. P. J. Abdul Kalam,Neelam Sanjiva Reddy
6,1209,A. P. J. Abdul Kalam,Zail Singh
6,917,A. P. J. Abdul Kalam,R. Venkataraman
6,1013,A. P. J. Abdul Kalam,Shankar Dayal Sharma
6,909,A. P. J. Abdul Kalam,Pranab Mukherjee
6,926,A. P. J. Abdul Kalam,Ram Nath Kovind
6,223,A. P. J. Abdul Kalam,Droupadi Murmu
7,11,Abdel Fattah el-Sisi,Adly Mansour
7,783,Abdel Fattah el-Sisi,Mohamed Morsi
7,417,Abdel Fattah el-Sisi,Hosni Mubarak
7,76,Abdel Fattah el-Sisi,Anwar Al-Sadad
8,373,Abdullah Abdullah,Hamid Karzai
8,80,Abdullah Abdullah,Ashraf Ghani
8,565,Abdullah Abdullah,Joe Biden
9,302,Adlai Stevenson I,Garret Hobart
9,539,Adlai Stevenson I,John Adams
9,1083,Adlai Stevenson I,Thomas Jefferson
9,246,Adlai Stevenson I,Elbridge Gerry
9,192,Adlai Stevenson I,Daniel D. Tompkins
9,538,Adlai Stevenson I,John C. Calhoun
9,938,Adlai Stevenson I,Richard Mentor Johnson
9,568,Adlai Stevenson I,John Tyler
9,314,Adlai Stevenson I,George M. Dallas
9,1187,Adlai Stevenson I,William R. King
9,535,Adlai Stevenson I,John C. Breckinridge
9,1179,Adlai Stevenson I,William A. Wheeler
9,170,Adlai Stevenson I,Chester A. Arthur
9,1066,Adlai Stevenson I,Thomas A. Hendricks
9,1080,Adlai Stevenson I,Theodore Roosevelt
9,160,Adlai Stevenson I,Charles W. Fairbanks
9,481,Adlai Stevenson I,James S. Sherman
9,1072,Adlai Stevenson I,Thomas R. Marshall
9,143,Adlai Stevenson I,Calvin Coolidge
9,153,Adlai Stevenson I,Charles G. Dawes
9,561,Adlai Stevenson I,John Nance Garner
9,409,Adlai Stevenson I,Henry A. Wallace
9,389,Adlai Stevenson I,Harry S. Truman
9,24,Adlai Stevenson I,Alben W. Barkley
9,968,Adlai Stevenson I,Richard Nixon
9,688,Adlai Stevenson I,Lyndon B. Johnson
9,419,Adlai Stevenson I,Hubert Humphrey
9,340,Adlai Stevenson I,Gerald Ford
9,832,Adlai Stevenson I,Nelson Rockefeller
9,1169,Adlai Stevenson I,Walter Mondale
9,319,Adlai Stevenson I,George H. W. Bush
9,211,Adlai Stevenson I,Dick Cheney
9,565,Adlai Stevenson I,Joe Biden
9,773,Adlai Stevenson I,Mike Pence
9,628,Adlai Stevenson I,Kamala Harris
9,466,Adlai Stevenson I,JD Vance
10,928,Abdullah Gül,Recep Tayyip Erdoğan
10,18,Abdullah Gül,Ahmet Necdet Sezer
10,1109,Abdullah Gül,Turgut Özal
10,1045,Abdullah Gül,Süleyman Demirel
11,783,Adly Mansour,Mohamed Morsi
11,786,Adly Mansour,Mohamed ElBaradei
11,7,Adly Mansour,Abdel Fattah el-Sisi
11,417,Adly Mansour,Hosni Mubarak
11,76,Adly Mansour,Anwar Al-Sadad
12,162,Abhisit Vejjajiva,Chavarat Charnvirakul
12,1220,Abhisit Vejjajiva,Yingluck Shinawatra
12,1038,Abhisit Vejjajiva,Suthep Thaugsuban
12,1067,Abhisit Vejjajiva,Thaksin Shinawatra
12,995,Abhisit Vejjajiva,Samak Sundaravej
12,1016,Abhisit Vejjajiva,Somchai Wongsawat
12,1233,Abhisit Vejjajiva,Đại học Oxford
12,695,Abhisit Vejjajiva,Lý Hiển Long
12,833,Abhisit Vejjajiva,Nguyễn Minh Triết
12,1009,Abhisit Vejjajiva,Seni Pramoj
12,637,Abhisit Vejjajiva,Kukrit Pramoj
12,910,Abhisit Vejjajiva,Prem Tinsulanonda
12,185,Abhisit Vejjajiva,Chuan Leekpai
12,1040,Abhisit Vejjajiva,Surayud Chulanont
12,838,Abhisit Vejjajiva,Niwatthamrong Boonsongpaisan
12,916,Abhisit Vejjajiva,Prayut Chan-o-cha
12,907,Abhisit Vejjajiva,Prawit Wongsuwan
12,1031,Abhisit Vejjajiva,Srettha Thavisin
12,900,Abhisit Vejjajiva,Phumtham Wechayachai
12,873,Abhisit Vejjajiva,Paetongtarn Shinawatra
12,84,Abhisit Vejjajiva,Anutin Charnvirakul
13,8,Ahmad Massoud,Abdullah Abdullah
14,156,Ahmed Kathrada,Barack Obama
15,928,Ahmet Davutoğlu,Recep Tayyip Erdoğan
15,848,Ahmet Davutoğlu,Numan Kurtulmuş
15,1045,Ahmet Davutoğlu,Süleyman Demirel
15,1109,Ahmet Davutoğlu,Turgut Özal
15,10,Ahmet Davutoğlu,Abdullah Gül
16,171,Alain Poher,Charles de Gaulle
16,329,Alain Poher,Georges Pompidou
16,1145,Alain Poher,Valéry Giscard d'Estaing
16,501,Alain Poher,Jean Casimir-Perier
16,1217,Alain Poher,Émile Loubet
16,75,Alain Poher,Armand Fallières
16,931,Alain Poher,Raymond Poincaré
16,871,Alain Poher,Paul Deschanel
16,37,Alain Poher,Alexandre Millerand
16,305,Alain Poher,Gaston Doumergue
16,874,Alain Poher,Paul Doumer
16,1138,Alain Poher,Vincent Auriol
16,930,Alain Poher,René Coty
16,299,Alain Poher,François Mitterrand
16,474,Alain Poher,Jacques Chirac
16,839,Alain Poher,Nicolas Sarkozy
16,291,Alain Poher,François Hollande
16,267,Alain Poher,Emmanuel Macron
17,598,Alar Karis,Kaja Kallas
18,10,Ahmet Necdet Sezer,Abdullah Gül
18,928,Ahmet Necdet Sezer,Recep Tayyip Erdoğan
18,1045,Ahmet Necdet Sezer,Süleyman Demirel
18,1109,Ahmet Necdet Sezer,Turgut Özal
19,90,Abe Shinzō,Asō Tarō
19,841,Abe Shinzō,Noda Yoshihiko
19,1058,Abe Shinzō,Suga Yoshihide
19,638,Abe Shinzō,Koizumi Junichirō
19,303,Abe Shinzō,Fukuda Yasuo
19,459,Abe Shinzō,Ishiba Shigeru
19,1049,Abe Shinzō,Tanigaki Sadakazu
19,1214,Abe Shinzō,Yoshida Shigeru
19,625,Abe Shinzō,Kishi Nobusuke
19,1011,Abe Shinzō,Satō Eisaku
19,796,Abe Shinzō,Mori Yoshirō
19,457,Abe Shinzō,Hồ Cẩm Đào
19,908,Abe Shinzō,Pratibha Patil
19,1111,Abe Shinzō,Trần Thủy Biển
19,693,Abe Shinzō,Lý Đăng Huy
19,1078,Abe Shinzō,Thái Anh Văn
19,565,Abe Shinzō,Joe Biden
19,844,Abe Shinzō,Nguyễn Xuân Phúc
19,156,Abe Shinzō,Barack Obama
19,601,Abe Shinzō,Kan Naoto
19,203,Abe Shinzō,David Cameron
19,1084,Abe Shinzō,Tony Abbott
19,720,Abe Shinzō,Manmohan Singh
19,816,Abe Shinzō,Narendra Modi
19,872,Abe Shinzō,Park Geun-hye
19,1167,Abe Shinzō,Tập Cận Bình
19,815,Abe Shinzō,Nakatani Gen
19,298,Abe Shinzō,Donald Trump
19,702,Abe Shinzō,Lý Khắc Cường
19,617,Abe Shinzō,Katō Katsunobu
19,628,Abe Shinzō,Kamala Harris
19,63,Abe Shinzō,Anthony Albanese
19,68,Abe Shinzō,Angela Merkel
19,137,Abe Shinzō,Boris Johnson
19,462,Abe Shinzō,Itō Hirobumi
19,991,Abe Shinzō,Saionji Kinmochi
19,375,Abe Shinzō,Hara Takashi
19,611,Abe Shinzō,Katō Tomosaburō
19,609,Abe Shinzō,Katō Takaaki
19,1163,Abe Shinzō,Wakatsuki Reijirō
19,1050,Abe Shinzō,Tanaka Giichi
19,441,Abe Shinzō,Inukai Tsuyoshi
19,992,Abe Shinzō,Saitō Makoto
19,352,Abe Shinzō,Gotō Fumio
19,410,Abe Shinzō,Hiranuma Kiichirō
19,4,Abe Shinzō,Abe Nobuyuki
19,447,Abe Shinzō,Itō Masayoshi
19,390,Abe Shinzō,Hatoyama Yukio
19,639,Abe Shinzō,Kishida Fumio
19,1057,Abe Shinzō,Takaichi Sanae
20,474,Alain Juppé,Jacques Chirac
20,294,Alain Juppé,François Fillon
20,652,Alain Juppé,Laurent Fabius
20,461,Alain Juppé,Jacques Chaban-Delmas
20,839,Alain Juppé,Nicolas Sarkozy
20,291,Alain Juppé,François Hollande
20,167,Alain Juppé,Charles-Maurice de Talleyrand-Périgord
20,287,Alain Juppé,François Arago
20,75,Alain Juppé,Armand Fallières
20,1217,Alain Juppé,Émile Loubet
20,501,Alain Juppé,Jean Casimir-Perier
20,322,Alain Juppé,Georges Clemenceau
20,931,Alain Juppé,Raymond Poincaré
20,305,Alain Juppé,Gaston Doumergue
20,37,Alain Juppé,Alexandre Millerand
20,171,Alain Juppé,Charles de Gaulle
20,1138,Alain Juppé,Vincent Auriol
20,915,Alain Juppé,Pierre Mendès France
20,762,Alain Juppé,Michel Debré
20,329,Alain Juppé,Georges Pompidou
20,764,Alain Juppé,Michel Rocard
20,217,Alain Juppé,Dominique de Villepin
20,516,Alain Juppé,Jean-Marc Ayrault
20,726,Alain Juppé,Manuel Valls
20,111,Alain Juppé,Bernard Cazeneuve
20,1224,Alain Juppé,Édouard Philippe
20,311,Alain Juppé,Gabriel Attal
20,756,Alain Juppé,Michel Barnier
21,280,Adolfo Suárez,Francisco Franco
21,730,Adolfo Suárez,Mariano Rajoy
21,887,Adolfo Suárez,Pedro Sánchez
22,863,Alan García,Ollanta Humala
22,36,Alan García,Alberto Fujimori
22,589,Alan García,José Jerí
24,389,Alben W. Barkley,Harry S. Truman
24,968,Alben W. Barkley,Richard Nixon
24,292,Alben W. Barkley,Franklin D. Roosevelt
25,366,Alban Berg,Gustav Mahler
26,126,Alenka Bratušek,Borut Pahor
26,496,Alenka Bratušek,Janez Janša
27,1200,Aleksander Kwaśniewski,Włodzimierz Cimoszewicz
27,525,Aleksander Kwaśniewski,Jerzy Buzek
27,656,Aleksander Kwaśniewski,Lech Kaczyński
29,251,Alcide De Gasperi,Enrico De Nicola
29,672,Alcide De Gasperi,Luigi Einaudi
29,344,Alcide De Gasperi,Giuseppe Saragat
29,634,Alcide De Gasperi,Konrad Adenauer
29,114,Alcide De Gasperi,Bettino Ricasoli
29,1124,Alcide De Gasperi,Urbano Rattazzi
29,274,Alcide De Gasperi,Francesco Crispi
29,335,Alcide De Gasperi,Giovanni Giolitti
29,676,Alcide De Gasperi,Luigi Luzzatti
29,64,Alcide De Gasperi,Antonio Salandra
29,32,Alcide De Gasperi,Aldo Moro
29,337,Alcide De Gasperi,Giulio Andreotti
29,272,Alcide De Gasperi,Francesco Cossiga
29,77,Alcide De Gasperi,Arnaldo Forlani
29,334,Alcide De Gasperi,Giovanni Spadolini
29,113,Alcide De Gasperi,Bettino Craxi
29,336,Alcide De Gasperi,Giuliano Amato
29,1026,Alcide De Gasperi,Silvio Berlusconi
29,645,Alcide De Gasperi,Lamberto Dini
29,974,Alcide De Gasperi,Romano Prodi
29,733,Alcide De Gasperi,Mario Monti
29,255,Alcide De Gasperi,Enrico Letta
29,752,Alcide De Gasperi,Matteo Renzi
29,870,Alcide De Gasperi,Paolo Gentiloni
29,347,Alcide De Gasperi,Giuseppe Conte
29,739,Alcide De Gasperi,Mario Draghi
30,195,Alberto Fernández,Cristina Fernández de Kirchner
30,504,Alberto Fernández,Javier Milei
31,585,Albert Speer,Joseph Goebbels
31,679,Albert Speer,Lutz Graf Schwerin von Krosigk
32,337,Aldo Moro,Giulio Andreotti
32,344,Aldo Moro,Giuseppe Saragat
32,114,Aldo Moro,Bettino Ricasoli
32,1124,Aldo Moro,Urbano Rattazzi
32,274,Aldo Moro,Francesco Crispi
32,335,Aldo Moro,Giovanni Giolitti
32,676,Aldo Moro,Luigi Luzzatti
32,64,Aldo Moro,Antonio Salandra
32,29,Aldo Moro,Alcide De Gasperi
32,272,Aldo Moro,Francesco Cossiga
32,77,Aldo Moro,Arnaldo Forlani
32,334,Aldo Moro,Giovanni Spadolini
32,113,Aldo Moro,Bettino Craxi
32,336,Aldo Moro,Giuliano Amato
32,1026,Aldo Moro,Silvio Berlusconi
32,645,Aldo Moro,Lamberto Dini
32,974,Aldo Moro,Romano Prodi
32,733,Aldo Moro,Mario Monti
32,255,Aldo Moro,Enrico Letta
32,752,Aldo Moro,Matteo Renzi
32,870,Aldo Moro,Paolo Gentiloni
32,347,Aldo Moro,Giuseppe Conte
32,739,Aldo Moro,Mario Draghi
33,38,Alexander Schallenberg,Alexander Van der Bellen
33,1007,Alexander Schallenberg,Sebastian Kurz
33,603,Alexander Schallenberg,Karl Nehammer
33,130,Alexander Schallenberg,Brigitte Bierlein
33,1176,Alexander Schallenberg,Werner Faymann
33,168,Alexander Schallenberg,Christian Kern
33,387,Alexander Schallenberg,Hartwig Löger
34,562,Albert Gallatin,John Quincy Adams
34,483,Albert Gallatin,James Madison
34,482,Albert Gallatin,James Monroe
34,1083,Albert Gallatin,Thomas Jefferson
34,997,Albert Gallatin,Samuel Dexter
35,999,Alexander Stubb,Sauli Niinistö
35,599,Alexander Stubb,Juha Sipilä
35,594,Alexander Stubb,Jyrki Katainen
35,744,Alexander Stubb,Matti Vanhanen
35,725,Alexander Stubb,Mari Kiviniemi
35,918,Alexander Stubb,Rafael Erich
35,69,Alexander Stubb,Antti Tulenheimo
35,885,Alexander Stubb,Pehr Evind Svinhufvud
35,527,Alexander Stubb,Johan Wilhelm Rangell
35,233,Alexander Stubb,Edwin Linkomies
35,593,Alexander Stubb,Juho Kusti Paasikivi
35,1122,Alexander Stubb,Urho Kekkonen
35,1054,Alexander Stubb,Teuvo Aura
35,608,Alexander Stubb,Keijo Liinamaa
35,382,Alexander Stubb,Harri Holkeri
35,865,Alexander Stubb,Paavo Lipponen
35,59,Alexander Stubb,Anneli Jäätteenmäki
35,1004,Alexander Stubb,Sanna Marin
36,22,Alberto Fujimori,Alan García
36,863,Alberto Fujimori,Ollanta Humala
36,589,Alberto Fujimori,José Jerí
37,931,Alexandre Millerand,Raymond Poincaré
37,871,Alexandre Millerand,Paul Deschanel
37,305,Alexandre Millerand,Gaston Doumergue
37,322,Alexandre Millerand,Georges Clemenceau
37,501,Alexandre Millerand,Jean Casimir-Perier
37,1217,Alexandre Millerand,Émile Loubet
37,75,Alexandre Millerand,Armand Fallières
37,874,Alexandre Millerand,Paul Doumer
37,1138,Alexandre Millerand,Vincent Auriol
37,930,Alexandre Millerand,René Coty
37,171,Alexandre Millerand,Charles de Gaulle
37,329,Alexandre Millerand,Georges Pompidou
37,1145,Alexandre Millerand,Valéry Giscard d'Estaing
37,299,Alexandre Millerand,François Mitterrand
37,474,Alexandre Millerand,Jacques Chirac
37,839,Alexandre Millerand,Nicolas Sarkozy
37,291,Alexandre Millerand,François Hollande
37,267,Alexandre Millerand,Emmanuel Macron
38,168,Alexander Van der Bellen,Christian Kern
38,1007,Alexander Van der Bellen,Sebastian Kurz
39,380,Alec Douglas-Home,Harold Macmillan
39,381,Alec Douglas-Home,Harold Wilson
39,477,Alec Douglas-Home,James Callaghan
39,972,Alec Douglas-Home,Robert Walpole
39,312,Alec Douglas-Home,George Grenville
39,1188,Alec Douglas-Home,William Pitt Trẻ
39,397,Alec Douglas-Home,"Henry Addington, Tử tước Sidmouth thứ 1"
39,1033,Alec Douglas-Home,Spencer Perceval
39,308,Alec Douglas-Home,George Canning
39,83,Alec Douglas-Home,"Arthur Wellesley, Công tước thứ 1 xứ Wellington"
39,395,Alec Douglas-Home,"Henry John Temple, Tử tước Palmerston thứ 3"
39,1035,Alec Douglas-Home,Stanley Baldwin
39,933,Alec Douglas-Home,Ramsay MacDonald
39,823,Alec Douglas-Home,Neville Chamberlain
39,1223,Alec Douglas-Home,Winston Churchill
39,187,Alec Douglas-Home,Clement Attlee
39,62,Alec Douglas-Home,Anthony Eden
39,735,Alec Douglas-Home,Margaret Thatcher
39,353,Alec Douglas-Home,Gordon Brown
39,203,Alec Douglas-Home,David Cameron
39,1065,Alec Douglas-Home,Theresa May
39,137,Alec Douglas-Home,Boris Johnson
39,685,Alec Douglas-Home,Liz Truss
39,959,Alec Douglas-Home,Rishi Sunak
39,618,Alec Douglas-Home,Keir Starmer
40,914,Alexis Tsipras,Prokopis Pavlopoulos
40,1143,Alexis Tsipras,Vassiliki Thanou-Christophilou
40,648,Alexis Tsipras,Kyriakos Mitsotakis
40,600,Alexis Tsipras,Karolos Papoulias
40,67,Alexis Tsipras,Antonis Samaras
42,518,Anders Fogh Rasmussen,Jens Stoltenberg
42,646,Anders Fogh Rasmussen,Lars Løkke Rasmussen
42,1026,Anders Fogh Rasmussen,Silvio Berlusconi
42,156,Anders Fogh Rasmussen,Barack Obama
43,984,Amy Coney Barrett,Ruth Bader Ginsburg
43,298,Amy Coney Barrett,Donald Trump
44,235,Alfred Deakin,Edmund Barton
44,52,Alfred Deakin,Andrew Fisher
44,318,Alfred Deakin,George Reid (chính khách Úc)
44,1032,Alfred Deakin,Stanley Bruce
44,236,Alfred Deakin,Earle Page
44,960,Alfred Deakin,Robert Menzies
44,282,Alfred Deakin,Frank Forde
44,377,Alfred Deakin,Harold Holt
44,559,Alfred Deakin,John McEwen
44,543,Alfred Deakin,John Gorton
44,1184,Alfred Deakin,William McMahon
44,348,Alfred Deakin,Gough Whitlam
44,714,Alfred Deakin,Malcolm Fraser
44,120,Alfred Deakin,Bob Hawke
44,547,Alfred Deakin,John Howard
44,620,Alfred Deakin,Kevin Rudd
44,597,Alfred Deakin,Julia Gillard
44,1084,Alfred Deakin,Tony Abbott
44,717,Alfred Deakin,Malcolm Turnbull
44,1003,Alfred Deakin,Scott Morrison
44,63,Alfred Deakin,Anthony Albanese
45,1027,Andreas Norlén,Stefan Löfven
47,298,Andrew Giuliani,Donald Trump
47,978,Andrew Giuliani,Rudy Giuliani
48,775,Andrej Babiš,Miloš Zeman
48,118,Andrej Babiš,Bohuslav Sobotka
48,890,Andrej Babiš,Petr Fiala
48,298,Andrej Babiš,Donald Trump
48,159,Andrej Babiš,Charles Michel
48,603,Andrej Babiš,Karl Nehammer
48,757,Andrej Babiš,Mette Frederiksen
48,598,Andrej Babiš,Kaja Kallas
48,1004,Andrej Babiš,Sanna Marin
48,267,Andrej Babiš,Emmanuel Macron
48,862,Andrej Babiš,Olaf Scholz
48,648,Andrej Babiš,Kyriakos Mitsotakis
48,766,Andrej Babiš,Micheál Martin
48,264,Andrej Babiš,Evika Siliņa
48,338,Andrej Babiš,Gitanas Nausėda
48,1199,Andrej Babiš,Xavier Bettel
48,953,Andrej Babiš,Robert Abela
48,741,Andrej Babiš,Mark Rutte
48,219,Andrej Babiš,Donald Tusk
48,72,Andrej Babiš,António Costa
48,626,Andrej Babiš,Klaus Iohannis
48,496,Andrej Babiš,Janez Janša
48,887,Andrej Babiš,Pedro Sánchez
48,708,Andrej Babiš,Magdalena Andersson
49,598,Andrus Ansip,Kaja Kallas
50,119,Andrew Cuomo,Bill Clinton
50,565,Andrew Cuomo,Joe Biden
50,831,Andrew Cuomo,Ned Lamont
50,505,Andrew Cuomo,Janet Mills
50,173,Andrew Cuomo,Charlie Baker
50,183,Andrew Cuomo,Chris Sununu
50,913,Andrew Cuomo,Phil Murphy
50,1107,Andrew Cuomo,Tom Wolf
50,202,Andrew Cuomo,Daniel McKee
50,898,Andrew Cuomo,Phil Scott
50,480,Andrew Cuomo,J. B. Pritzker
50,258,Andrew Cuomo,Eric Holcomb
50,636,Andrew Cuomo,Kim Reynolds
50,673,Andrew Cuomo,Laura Kelly
50,367,Andrew Cuomo,Gretchen Whitmer
50,1089,Andrew Cuomo,Tim Walz
50,903,Andrew Cuomo,Pete Ricketts
50,220,Andrew Cuomo,Doug Burgum
50,812,Andrew Cuomo,Mike DeWine
50,642,Andrew Cuomo,Kristi Noem
50,1091,Andrew Cuomo,Tony Evers
50,614,Andrew Cuomo,Kay Ivey
50,91,Andrew Cuomo,Asa Hutchinson
50,554,Andrew Cuomo,John Carney
50,979,Andrew Cuomo,Ron DeSantis
50,142,Andrew Cuomo,Brian Kemp
50,60,Andrew Cuomo,Andy Beshear
50,536,Andrew Cuomo,John Bel Edwards
50,650,Andrew Cuomo,Larry Hogan
50,1061,Andrew Cuomo,Tate Reeves
50,1008,Andrew Cuomo,Roy Cooper
50,624,Andrew Cuomo,Kevin Stitt
50,404,Andrew Cuomo,Henry McMaster
50,124,Andrew Cuomo,Bill Lee
50,365,Andrew Cuomo,Greg Abbott
50,946,Andrew Cuomo,Ralph Northam
50,534,Andrew Cuomo,Jim Justice
50,779,Andrew Cuomo,Mike Dunleavy
50,242,Andrew Cuomo,Doug Ducey
50,331,Andrew Cuomo,Gavin Newsom
50,502,Andrew Cuomo,Jared Polis
50,208,Andrew Cuomo,David Ige
50,140,Andrew Cuomo,Brad Little
50,388,Andrew Cuomo,Greg Gianforte
50,1060,Andrew Cuomo,Steve Sisolak
50,787,Andrew Cuomo,Michelle Lujan Grisham
50,612,Andrew Cuomo,Kate Brown
50,1030,Andrew Cuomo,Spencer Cox
50,506,Andrew Cuomo,Jay Inslee
50,736,Andrew Cuomo,Mark Gordon (chính trị gia)
52,44,Andrew Fisher,Alfred Deakin
52,318,Andrew Fisher,George Reid (chính khách Úc)
52,235,Andrew Fisher,Edmund Barton
52,1032,Andrew Fisher,Stanley Bruce
52,236,Andrew Fisher,Earle Page
52,960,Andrew Fisher,Robert Menzies
52,282,Andrew Fisher,Frank Forde
52,377,Andrew Fisher,Harold Holt
52,559,Andrew Fisher,John McEwen
52,543,Andrew Fisher,John Gorton
52,1184,Andrew Fisher,William McMahon
52,348,Andrew Fisher,Gough Whitlam
52,714,Andrew Fisher,Malcolm Fraser
52,120,Andrew Fisher,Bob Hawke
52,547,Andrew Fisher,John Howard
52,620,Andrew Fisher,Kevin Rudd
52,597,Andrew Fisher,Julia Gillard
52,1084,Andrew Fisher,Tony Abbott
52,717,Andrew Fisher,Malcolm Turnbull
52,1003,Andrew Fisher,Scott Morrison
52,63,Andrew Fisher,Anthony Albanese
53,549,Allen Dulles,John F. Kennedy
53,541,Allen Dulles,John Foster Dulles
53,228,Allen Dulles,Dwight D. Eisenhower
53,108,Allen Dulles,Benjamin Harrison
53,1201,Allen Dulles,Woodrow Wilson
53,1160,Allen Dulles,Vladimir Ilyich Lenin
53,585,Allen Dulles,Joseph Goebbels
53,412,Allen Dulles,Heinrich Himmler
53,389,Allen Dulles,Harry S. Truman
53,576,Allen Dulles,Joseph McCarthy
53,288,Allen Dulles,Fidel Castro
53,171,Allen Dulles,Charles de Gaulle
53,688,Allen Dulles,Lyndon B. Johnson
53,952,Allen Dulles,Robert F. Kennedy
54,1230,Amartya Sen,Đại học Harvard
54,1234,Amartya Sen,Đại học Cambridge
54,1150,Amartya Sen,Viện Công nghệ Massachusetts
54,1233,Amartya Sen,Đại học Oxford
54,1228,Amartya Sen,Đại học Stanford
54,583,Amartya Sen,John Stuart Mill
54,621,Amartya Sen,Kenneth Arrow
54,706,Amartya Sen,Mahbub ul Haq
54,262,Amartya Sen,Esther Duflo
54,1097,Amartya Sen,Tony Atkinson
54,883,Amartya Sen,Paul Samuelson
54,1021,Amartya Sen,Simon Kuznets
54,551,Amartya Sen,John Hicks
54,295,Amartya Sen,Friedrich Hayek
54,794,Amartya Sen,Milton Friedman
54,112,Amartya Sen,Bertil Ohlin
54,494,Amartya Sen,James Meade
54,1062,Amartya Sen,Theodore Schultz
54,655,Amartya Sen,Lawrence Klein
54,485,Amartya Sen,James Tobin
54,320,Amartya Sen,George Stigler
54,364,Amartya Sen,Gérard Debreu
54,939,Amartya Sen,Richard Stone
54,281,Amartya Sen,Franco Modigliani
54,479,Amartya Sen,James M. Buchanan
54,975,Amartya Sen,Robert Solow
54,749,Amartya Sen,Maurice Allais
54,1092,Amartya Sen,Trygve Haavelmo
54,383,Amartya Sen,Harry Markowitz
54,759,Amartya Sen,Merton Miller
54,977,Amartya Sen,Ronald Coase
54,326,Amartya Sen,Gary Becker
54,957,Amartya Sen,Robert Fogel
54,221,Amartya Sen,Douglass North
54,956,Amartya Sen,"Robert Lucas, Jr."
54,476,Amartya Sen,James Mirrlees
54,1191,Amartya Sen,William Vickrey
54,805,Amartya Sen,Myron Scholes
54,962,Amartya Sen,Robert Mundell
54,472,Amartya Sen,James Heckman
54,310,Amartya Sen,George Akerlof
54,760,Amartya Sen,Michael Spence
54,587,Amartya Sen,Joseph Stiglitz
54,954,Amartya Sen,Robert F. Engle
54,194,Amartya Sen,Clive Granger
54,273,Amartya Sen,Finn E. Kydland
54,882,Amartya Sen,Peter A. Diamond
54,172,Amartya Sen,Christopher A. Pissarides
54,1068,Amartya Sen,Thomas J. Sargent
54,174,Amartya Sen,Christopher A. Sims
54,507,Amartya Sen,Jean Tirole
54,101,Amartya Sen,Bengt Holmström
54,941,Amartya Sen,Richard Thaler
54,580,Amartya Sen,Joshua Angrist
54,209,Amartya Sen,David Card
55,265,Andrzej Duda,Ewa Kopacz
55,95,Andrzej Duda,Beata Szydło
55,745,Andrzej Duda,Mateusz Morawiecki
55,219,Andrzej Duda,Donald Tusk
55,132,Andrzej Duda,Bronisław Komorowski
55,656,Andrzej Duda,Lech Kaczyński
55,298,Andrzej Duda,Donald Trump
55,1167,Andrzej Duda,Tập Cận Bình
55,27,Andrzej Duda,Aleksander Kwaśniewski
55,133,Andrzej Duda,Benjamin Netanyahu
55,245,Andrzej Duda,Elio Di Rupo
55,626,Andrzej Duda,Klaus Iohannis
55,565,Andrzej Duda,Joe Biden
55,928,Andrzej Duda,Recep Tayyip Erdoğan
56,257,Andrés Manuel López Obrador,Enrique Peña Nieto
56,186,Andrés Manuel López Obrador,Claudia Sheinbaum
56,363,Andrés Manuel López Obrador,Guadalupe Victoria
56,276,Andrés Manuel López Obrador,Francisco I. Madero
56,680,Andrés Manuel López Obrador,Luis Echeverría
56,767,Andrés Manuel López Obrador,Miguel de la Madrid
56,256,Andrés Manuel López Obrador,Ernesto Zedillo
56,1135,Andrés Manuel López Obrador,Vicente Fox
56,275,Andrés Manuel López Obrador,Felipe Calderón
58,1052,Alexandria Ocasio-Cortez,Ted Kennedy
58,50,Alexandria Ocasio-Cortez,Andrew Cuomo
58,109,Alexandria Ocasio-Cortez,Bill de Blasio
58,115,Alexandria Ocasio-Cortez,Bernie Sanders
58,921,Alexandria Ocasio-Cortez,Noam Chomsky
58,156,Alexandria Ocasio-Cortez,Barack Obama
58,250,Alexandria Ocasio-Cortez,Elizabeth Warren
58,298,Alexandria Ocasio-Cortez,Donald Trump
58,817,Alexandria Ocasio-Cortez,Nancy Pelosi
58,189,Alexandria Ocasio-Cortez,Cory Booker
58,776,Alexandria Ocasio-Cortez,Mike Pompeo
58,565,Alexandria Ocasio-Cortez,Joe Biden
59,1051,Anneli Jäätteenmäki,Tarja Halonen
59,865,Anneli Jäätteenmäki,Paavo Lipponen
59,744,Anneli Jäätteenmäki,Matti Vanhanen
59,999,Anneli Jäätteenmäki,Sauli Niinistö
59,1230,Anneli Jäätteenmäki,Đại học Harvard
59,918,Anneli Jäätteenmäki,Rafael Erich
59,69,Anneli Jäätteenmäki,Antti Tulenheimo
59,885,Anneli Jäätteenmäki,Pehr Evind Svinhufvud
59,527,Anneli Jäätteenmäki,Johan Wilhelm Rangell
59,233,Anneli Jäätteenmäki,Edwin Linkomies
59,593,Anneli Jäätteenmäki,Juho Kusti Paasikivi
59,1122,Anneli Jäätteenmäki,Urho Kekkonen
59,1054,Anneli Jäätteenmäki,Teuvo Aura
59,608,Anneli Jäätteenmäki,Keijo Liinamaa
59,382,Anneli Jäätteenmäki,Harri Holkeri
59,725,Anneli Jäätteenmäki,Mari Kiviniemi
59,594,Anneli Jäätteenmäki,Jyrki Katainen
59,35,Anneli Jäätteenmäki,Alexander Stubb
59,599,Anneli Jäätteenmäki,Juha Sipilä
59,1004,Anneli Jäätteenmäki,Sanna Marin
60,812,Andy Beshear,Mike DeWine
60,565,Andy Beshear,Joe Biden
60,831,Andy Beshear,Ned Lamont
60,505,Andy Beshear,Janet Mills
60,173,Andy Beshear,Charlie Baker
60,183,Andy Beshear,Chris Sununu
60,913,Andy Beshear,Phil Murphy
60,50,Andy Beshear,Andrew Cuomo
60,1107,Andy Beshear,Tom Wolf
60,202,Andy Beshear,Daniel McKee
60,898,Andy Beshear,Phil Scott
60,480,Andy Beshear,J. B. Pritzker
60,258,Andy Beshear,Eric Holcomb
60,636,Andy Beshear,Kim Reynolds
60,673,Andy Beshear,Laura Kelly
60,367,Andy Beshear,Gretchen Whitmer
60,1089,Andy Beshear,Tim Walz
60,903,Andy Beshear,Pete Ricketts
60,220,Andy Beshear,Doug Burgum
60,642,Andy Beshear,Kristi Noem
60,1091,Andy Beshear,Tony Evers
60,614,Andy Beshear,Kay Ivey
60,91,Andy Beshear,Asa Hutchinson
60,554,Andy Beshear,John Carney
60,979,Andy Beshear,Ron DeSantis
60,142,Andy Beshear,Brian Kemp
60,536,Andy Beshear,John Bel Edwards
60,650,Andy Beshear,Larry Hogan
60,1061,Andy Beshear,Tate Reeves
60,1008,Andy Beshear,Roy Cooper
60,624,Andy Beshear,Kevin Stitt
60,404,Andy Beshear,Henry McMaster
60,124,Andy Beshear,Bill Lee
60,365,Andy Beshear,Greg Abbott
60,946,Andy Beshear,Ralph Northam
60,534,Andy Beshear,Jim Justice
60,779,Andy Beshear,Mike Dunleavy
60,242,Andy Beshear,Doug Ducey
60,331,Andy Beshear,Gavin Newsom
60,502,Andy Beshear,Jared Polis
60,208,Andy Beshear,David Ige
60,140,Andy Beshear,Brad Little
60,388,Andy Beshear,Greg Gianforte
60,1060,Andy Beshear,Steve Sisolak
60,787,Andy Beshear,Michelle Lujan Grisham
60,612,Andy Beshear,Kate Brown
60,1030,Andy Beshear,Spencer Cox
60,506,Andy Beshear,Jay Inslee
60,736,Andy Beshear,Mark Gordon (chính trị gia)
60,540,Andy Beshear,Jerome Adams
60,213,Andy Beshear,Deborah Birx
60,86,Andy Beshear,Anthony Fauci
60,139,Andy Beshear,Brett Giroir
60,888,Andy Beshear,Peter Navarro
60,773,Andy Beshear,Mike Pence
60,976,Andy Beshear,Robert R. Redfield
60,298,Andy Beshear,Donald Trump
61,119,Anthony Lake,Bill Clinton
62,1223,Anthony Eden,Winston Churchill
62,380,Anthony Eden,Harold Macmillan
62,1035,Anthony Eden,Stanley Baldwin
62,823,Anthony Eden,Neville Chamberlain
63,1003,Anthony Albanese,Scott Morrison
63,620,Anthony Albanese,Kevin Rudd
63,597,Anthony Albanese,Julia Gillard
63,1084,Anthony Albanese,Tony Abbott
63,235,Anthony Albanese,Edmund Barton
63,44,Anthony Albanese,Alfred Deakin
63,318,Anthony Albanese,George Reid (chính khách Úc)
63,52,Anthony Albanese,Andrew Fisher
63,1032,Anthony Albanese,Stanley Bruce
63,236,Anthony Albanese,Earle Page
63,960,Anthony Albanese,Robert Menzies
63,282,Anthony Albanese,Frank Forde
63,377,Anthony Albanese,Harold Holt
63,559,Anthony Albanese,John McEwen
63,543,Anthony Albanese,John Gorton
63,1184,Anthony Albanese,William McMahon
63,348,Anthony Albanese,Gough Whitlam
63,714,Anthony Albanese,Malcolm Fraser
63,120,Anthony Albanese,Bob Hawke
63,547,Anthony Albanese,John Howard
63,717,Anthony Albanese,Malcolm Turnbull
64,335,Antonio Salandra,Giovanni Giolitti
64,114,Antonio Salandra,Bettino Ricasoli
64,1124,Antonio Salandra,Urbano Rattazzi
64,274,Antonio Salandra,Francesco Crispi
64,676,Antonio Salandra,Luigi Luzzatti
64,29,Antonio Salandra,Alcide De Gasperi
64,32,Antonio Salandra,Aldo Moro
64,337,Antonio Salandra,Giulio Andreotti
64,272,Antonio Salandra,Francesco Cossiga
64,77,Antonio Salandra,Arnaldo Forlani
64,334,Antonio Salandra,Giovanni Spadolini
64,113,Antonio Salandra,Bettino Craxi
64,336,Antonio Salandra,Giuliano Amato
64,1026,Antonio Salandra,Silvio Berlusconi
64,645,Antonio Salandra,Lamberto Dini
64,974,Antonio Salandra,Romano Prodi
64,733,Antonio Salandra,Mario Monti
64,255,Antonio Salandra,Enrico Letta
64,752,Antonio Salandra,Matteo Renzi
64,870,Antonio Salandra,Paolo Gentiloni
64,347,Antonio Salandra,Giuseppe Conte
64,739,Antonio Salandra,Mario Draghi
65,943,Anton Bruckner,Richard Wagner
65,366,Anton Bruckner,Gustav Mahler
67,40,Antonis Samaras,Alexis Tsipras
67,1230,Antonis Samaras,Đại học Harvard
68,413,Angela Merkel,Horst Köhler
68,165,Angela Merkel,Christian Wulff
68,523,Angela Merkel,Joachim Gauck
68,284,Angela Merkel,Frank-Walter Steinmeier
68,361,Angela Merkel,Guido Westerwelle
68,905,Angela Merkel,Philipp Rösler
68,1022,Angela Merkel,Sigmar Gabriel
68,862,Angela Merkel,Olaf Scholz
68,1194,Angela Merkel,Wolfgang Schäuble
68,406,Angela Merkel,Helmut Kohl
68,200,Angela Merkel,Condoleezza Rice
68,735,Angela Merkel,Margaret Thatcher
68,474,Angela Merkel,Jacques Chirac
68,963,Angela Merkel,Robert Mugabe
68,866,Angela Merkel,Otto von Bismarck
68,585,Angela Merkel,Joseph Goebbels
68,679,Angela Merkel,Lutz Graf Schwerin von Krosigk
68,634,Angela Merkel,Konrad Adenauer
68,671,Angela Merkel,Ludwig Erhard
68,398,Angela Merkel,Helmut Schmidt
68,292,Angela Merkel,Franklin D. Roosevelt
68,1125,Angela Merkel,Tưởng Giới Thạch
68,1223,Angela Merkel,Winston Churchill
68,321,Angela Merkel,George Marshall
68,228,Angela Merkel,Dwight D. Eisenhower
68,389,Angela Merkel,Harry S. Truman
68,798,Angela Merkel,Mohammad Mosaddegh
68,541,Angela Merkel,John Foster Dulles
68,854,Angela Merkel,Nikita Sergeyevich Khrushchyov
68,171,Angela Merkel,Charles de Gaulle
68,549,Angela Merkel,John F. Kennedy
68,688,Angela Merkel,Lyndon B. Johnson
68,968,Angela Merkel,Richard Nixon
68,408,Angela Merkel,Henry Kissinger
68,548,Angela Merkel,Jimmy Carter
68,76,Angela Merkel,Anwar Al-Sadad
68,1235,Angela Merkel,Đặng Tiểu Bình
68,983,Angela Merkel,Ruhollah Khomeini
68,1036,Angela Merkel,Ronald Reagan
68,198,Angela Merkel,Corazon Aquino
68,803,Angela Merkel,Mikhail Sergeyevich Gorbachyov
68,319,Angela Merkel,George H. W. Bush
68,119,Angela Merkel,Bill Clinton
68,837,Angela Merkel,Nelson Mandela
68,824,Angela Merkel,Newt Gingrich
68,515,Angela Merkel,Jeff Bezos
68,330,Angela Merkel,George W. Bush
68,978,Angela Merkel,Rudy Giuliani
68,121,Angela Merkel,Bill Gates
68,1153,Angela Merkel,Vladimir Vladimirovich Putin
68,156,Angela Merkel,Barack Obama
68,743,Angela Merkel,Mark Zuckerberg
68,298,Angela Merkel,Donald Trump
68,738,Angela Merkel,Maria Ressa
68,565,Angela Merkel,Joe Biden
68,628,Angela Merkel,Kamala Harris
68,268,Angela Merkel,Elon Musk
68,1148,Angela Merkel,Volodymyr Oleksandrovych Zelenskyy
68,1175,Angela Merkel,Taylor Swift
69,918,Antti Tulenheimo,Rafael Erich
69,885,Antti Tulenheimo,Pehr Evind Svinhufvud
69,527,Antti Tulenheimo,Johan Wilhelm Rangell
69,233,Antti Tulenheimo,Edwin Linkomies
69,593,Antti Tulenheimo,Juho Kusti Paasikivi
69,1122,Antti Tulenheimo,Urho Kekkonen
69,1054,Antti Tulenheimo,Teuvo Aura
69,608,Antti Tulenheimo,Keijo Liinamaa
69,382,Antti Tulenheimo,Harri Holkeri
69,865,Antti Tulenheimo,Paavo Lipponen
69,59,Antti Tulenheimo,Anneli Jäätteenmäki
69,744,Antti Tulenheimo,Matti Vanhanen
69,725,Antti Tulenheimo,Mari Kiviniemi
69,594,Antti Tulenheimo,Jyrki Katainen
69,35,Antti Tulenheimo,Alexander Stubb
69,599,Antti Tulenheimo,Juha Sipilä
69,1004,Antti Tulenheimo,Sanna Marin
70,565,Antony Blinken,Joe Biden
70,776,Antony Blinken,Mike Pompeo
70,729,Antony Blinken,Marco Rubio
70,156,Antony Blinken,Barack Obama
70,1230,Antony Blinken,Đại học Harvard
70,550,Antony Blinken,John Jay
70,1083,Antony Blinken,Thomas Jefferson
70,483,Antony Blinken,James Madison
70,482,Antony Blinken,James Monroe
70,562,Antony Blinken,John Quincy Adams
70,538,Antony Blinken,John C. Calhoun
70,469,Antony Blinken,James Buchanan
70,1180,Antony Blinken,William H. Seward
70,401,Antony Blinken,Henry L. Stimson
70,206,Antony Blinken,Dean Acheson
70,541,Antony Blinken,John Foster Dulles
70,207,Antony Blinken,Dean Rusk
70,1186,Antony Blinken,William P. Rogers
70,408,Antony Blinken,Henry Kissinger
70,188,Antony Blinken,Colin Powell
70,200,Antony Blinken,Condoleezza Rice
70,422,Antony Blinken,Hillary Clinton
70,947,Antony Blinken,Rex Tillerson
71,1036,Antonin Scalia,Ronald Reagan
71,820,Antonin Scalia,Neil Gorsuch
71,340,Antonin Scalia,Gerald Ford
71,968,Antonin Scalia,Richard Nixon
71,548,Antonin Scalia,Jimmy Carter
71,156,Antonin Scalia,Barack Obama
71,298,Antonin Scalia,Donald Trump
72,159,António Costa,Charles Michel
72,73,António Costa,Aníbal Cavaco Silva
72,723,António Costa,Marcelo Rebelo de Sousa
72,881,António Costa,Pedro Passos Coelho
72,74,António Costa,António Guterres
72,603,António Costa,Karl Nehammer
72,48,António Costa,Andrej Babiš
72,757,António Costa,Mette Frederiksen
72,598,António Costa,Kaja Kallas
72,1004,António Costa,Sanna Marin
72,267,António Costa,Emmanuel Macron
72,862,António Costa,Olaf Scholz
72,648,António Costa,Kyriakos Mitsotakis
72,766,António Costa,Micheál Martin
72,264,António Costa,Evika Siliņa
72,338,António Costa,Gitanas Nausėda
72,1199,António Costa,Xavier Bettel
72,953,António Costa,Robert Abela
72,741,António Costa,Mark Rutte
72,219,António Costa,Donald Tusk
72,626,António Costa,Klaus Iohannis
72,496,António Costa,Janez Janša
72,887,António Costa,Pedro Sánchez
72,708,António Costa,Magdalena Andersson
73,881,Aníbal Cavaco Silva,Pedro Passos Coelho
73,72,Aníbal Cavaco Silva,António Costa
73,723,Aníbal Cavaco Silva,Marcelo Rebelo de Sousa
73,74,Aníbal Cavaco Silva,António Guterres
74,100,António Guterres,Ban Ki-moon
74,627,António Guterres,Kofi Annan
74,73,António Guterres,Aníbal Cavaco Silva
74,584,António Guterres,José Manuel Barroso
74,723,António Guterres,Marcelo Rebelo de Sousa
74,191,António Guterres,Dag Hammarskjöld
74,654,António Guterres,Kurt Waldheim
74,127,António Guterres,Boutros Boutros-Ghali
75,322,Armand Fallières,Georges Clemenceau
75,931,Armand Fallières,Raymond Poincaré
75,1217,Armand Fallières,Émile Loubet
75,501,Armand Fallières,Jean Casimir-Perier
75,871,Armand Fallières,Paul Deschanel
75,37,Armand Fallières,Alexandre Millerand
75,305,Armand Fallières,Gaston Doumergue
75,874,Armand Fallières,Paul Doumer
75,1138,Armand Fallières,Vincent Auriol
75,930,Armand Fallières,René Coty
75,171,Armand Fallières,Charles de Gaulle
75,329,Armand Fallières,Georges Pompidou
75,1145,Armand Fallières,Valéry Giscard d'Estaing
75,299,Armand Fallières,François Mitterrand
75,474,Armand Fallières,Jacques Chirac
75,839,Armand Fallières,Nicolas Sarkozy
75,291,Armand Fallières,François Hollande
75,267,Armand Fallières,Emmanuel Macron
76,417,Anwar Al-Sadad,Hosni Mubarak
76,511,Anwar Al-Sadad,Jehan Sadat
76,1036,Anwar Al-Sadad,Ronald Reagan
76,370,Anwar Al-Sadad,Hafez al-Assad
76,81,Anwar Al-Sadad,Ariel Sharon
76,783,Anwar Al-Sadad,Mohamed Morsi
76,11,Anwar Al-Sadad,Adly Mansour
76,7,Anwar Al-Sadad,Abdel Fattah el-Sisi
76,548,Anwar Al-Sadad,Jimmy Carter
76,1235,Anwar Al-Sadad,Đặng Tiểu Bình
76,983,Anwar Al-Sadad,Ruhollah Khomeini
76,198,Anwar Al-Sadad,Corazon Aquino
76,803,Anwar Al-Sadad,Mikhail Sergeyevich Gorbachyov
76,319,Anwar Al-Sadad,George H. W. Bush
76,119,Anwar Al-Sadad,Bill Clinton
76,837,Anwar Al-Sadad,Nelson Mandela
76,824,Anwar Al-Sadad,Newt Gingrich
76,515,Anwar Al-Sadad,Jeff Bezos
76,330,Anwar Al-Sadad,George W. Bush
77,1000,Arnaldo Forlani,Sandro Pertini
77,272,Arnaldo Forlani,Francesco Cossiga
77,334,Arnaldo Forlani,Giovanni Spadolini
77,113,Arnaldo Forlani,Bettino Craxi
77,336,Arnaldo Forlani,Giuliano Amato
77,337,Arnaldo Forlani,Giulio Andreotti
77,32,Arnaldo Forlani,Aldo Moro
77,182,Arnaldo Forlani,Ciriaco De Mita
77,114,Arnaldo Forlani,Bettino Ricasoli
77,1124,Arnaldo Forlani,Urbano Rattazzi
77,274,Arnaldo Forlani,Francesco Crispi
77,335,Arnaldo Forlani,Giovanni Giolitti
77,676,Arnaldo Forlani,Luigi Luzzatti
77,64,Arnaldo Forlani,Antonio Salandra
77,29,Arnaldo Forlani,Alcide De Gasperi
77,1026,Arnaldo Forlani,Silvio Berlusconi
77,645,Arnaldo Forlani,Lamberto Dini
77,974,Arnaldo Forlani,Romano Prodi
77,733,Arnaldo Forlani,Mario Monti
77,255,Arnaldo Forlani,Enrico Letta
77,752,Arnaldo Forlani,Matteo Renzi
77,870,Arnaldo Forlani,Paolo Gentiloni
77,347,Arnaldo Forlani,Giuseppe Conte
77,739,Arnaldo Forlani,Mario Draghi
78,100,Asha-Rose Migiro,Ban Ki-moon
78,490,Asha-Rose Migiro,Jan Eliasson
79,884,Ashfaq Parvez Kayani,Pervez Musharraf
80,373,Ashraf Ghani,Hamid Karzai
81,249,Ariel Sharon,Ehud Olmert
81,240,Ariel Sharon,Ehud Barak
81,133,Ariel Sharon,Benjamin Netanyahu
81,1024,Ariel Sharon,Shimon Peres
81,758,Ariel Sharon,Menachem Begin
81,797,Ariel Sharon,Moshe Sharett
81,356,Ariel Sharon,Golda Meir
81,821,Ariel Sharon,Naftali Bennett
82,596,Atal Bihari Vajpayee,K. R. Narayanan
82,6,Atal Bihari Vajpayee,A. P. J. Abdul Kalam
82,428,Atal Bihari Vajpayee,I. K. Gujral
82,720,Atal Bihari Vajpayee,Manmohan Singh
82,1013,Atal Bihari Vajpayee,Shankar Dayal Sharma
82,861,Atal Bihari Vajpayee,P. V. Narasimha Rao
82,792,Atal Bihari Vajpayee,Morarji Desai
82,497,Atal Bihari Vajpayee,Jawaharlal Nehru
82,360,Atal Bihari Vajpayee,Gulzarilal Nanda
82,448,Atal Bihari Vajpayee,Indira Gandhi
82,151,Atal Bihari Vajpayee,Charan Singh
82,923,Atal Bihari Vajpayee,Rajiv Gandhi
82,1131,Atal Bihari Vajpayee,V. P. Singh
82,152,Atal Bihari Vajpayee,Chandra Shekhar
82,816,Atal Bihari Vajpayee,Narendra Modi
83,395,"Arthur Wellesley, Công tước thứ 1 xứ Wellington","Henry John Temple, Tử tước Palmerston thứ 3"
83,972,"Arthur Wellesley, Công tước thứ 1 xứ Wellington",Robert Walpole
83,312,"Arthur Wellesley, Công tước thứ 1 xứ Wellington",George Grenville
83,1188,"Arthur Wellesley, Công tước thứ 1 xứ Wellington",William Pitt Trẻ
83,397,"Arthur Wellesley, Công tước thứ 1 xứ Wellington","Henry Addington, Tử tước Sidmouth thứ 1"
83,1033,"Arthur Wellesley, Công tước thứ 1 xứ Wellington",Spencer Perceval
83,308,"Arthur Wellesley, Công tước thứ 1 xứ Wellington",George Canning
83,1035,"Arthur Wellesley, Công tước thứ 1 xứ Wellington",Stanley Baldwin
83,933,"Arthur Wellesley, Công tước thứ 1 xứ Wellington",Ramsay MacDonald
83,823,"Arthur Wellesley, Công tước thứ 1 xứ Wellington",Neville Chamberlain
83,1223,"Arthur Wellesley, Công tước thứ 1 xứ Wellington",Winston Churchill
83,187,"Arthur Wellesley, Công tước thứ 1 xứ Wellington",Clement Attlee
83,62,"Arthur Wellesley, Công tước thứ 1 xứ Wellington",Anthony Eden
83,380,"Arthur Wellesley, Công tước thứ 1 xứ Wellington",Harold Macmillan
83,39,"Arthur Wellesley, Công tước thứ 1 xứ Wellington",Alec Douglas-Home
83,381,"Arthur Wellesley, Công tước thứ 1 xứ Wellington",Harold Wilson
83,477,"Arthur Wellesley, Công tước thứ 1 xứ Wellington",James Callaghan
83,735,"Arthur Wellesley, Công tước thứ 1 xứ Wellington",Margaret Thatcher
83,353,"Arthur Wellesley, Công tước thứ 1 xứ Wellington",Gordon Brown
83,203,"Arthur Wellesley, Công tước thứ 1 xứ Wellington",David Cameron
83,1065,"Arthur Wellesley, Công tước thứ 1 xứ Wellington",Theresa May
83,137,"Arthur Wellesley, Công tước thứ 1 xứ Wellington",Boris Johnson
83,685,"Arthur Wellesley, Công tước thứ 1 xứ Wellington",Liz Truss
83,959,"Arthur Wellesley, Công tước thứ 1 xứ Wellington",Rishi Sunak
83,618,"Arthur Wellesley, Công tước thứ 1 xứ Wellington",Keir Starmer
84,900,Anutin Charnvirakul,Phumtham Wechayachai
84,873,Anutin Charnvirakul,Paetongtarn Shinawatra
84,916,Anutin Charnvirakul,Prayut Chan-o-cha
84,1031,Anutin Charnvirakul,Srettha Thavisin
84,1067,Anutin Charnvirakul,Thaksin Shinawatra
84,162,Anutin Charnvirakul,Chavarat Charnvirakul
84,12,Anutin Charnvirakul,Abhisit Vejjajiva
84,1009,Anutin Charnvirakul,Seni Pramoj
84,637,Anutin Charnvirakul,Kukrit Pramoj
84,910,Anutin Charnvirakul,Prem Tinsulanonda
84,185,Anutin Charnvirakul,Chuan Leekpai
84,1040,Anutin Charnvirakul,Surayud Chulanont
84,995,Anutin Charnvirakul,Samak Sundaravej
84,1016,Anutin Charnvirakul,Somchai Wongsawat
84,1220,Anutin Charnvirakul,Yingluck Shinawatra
84,838,Anutin Charnvirakul,Niwatthamrong Boonsongpaisan
84,907,Anutin Charnvirakul,Prawit Wongsuwan
84,1,Anutin Charnvirakul,Abdoulkader Kamil Mohamed
84,801,Anutin Charnvirakul,Mostafa Madbouly
84,3,Anutin Charnvirakul,Abiy Ahmed
84,197,Anutin Charnvirakul,Cyril Ramaphosa
84,269,Anutin Charnvirakul,Faure Gnassingbé
84,806,Anutin Charnvirakul,Muhammad Yunus
84,686,Anutin Charnvirakul,Lý Cường
84,699,Anutin Charnvirakul,Lý Gia Siêu
84,816,Anutin Charnvirakul,Narendra Modi
84,906,Anutin Charnvirakul,Prabowo Subianto
84,748,Anutin Charnvirakul,Masoud Pezeshkian
84,790,Anutin Charnvirakul,Mohammed Shia' Al Sudani
84,133,Anutin Charnvirakul,Benjamin Netanyahu
84,1057,Anutin Charnvirakul,Takaichi Sanae
84,784,Anutin Charnvirakul,Min Aung Hlaing
84,1014,Anutin Charnvirakul,Shehbaz Sharif
84,122,Anutin Charnvirakul,Bongbong Marcos
84,791,Anutin Charnvirakul,Mohammed bin Salman
84,423,Anutin Charnvirakul,Hoàng Tuần Tài
84,661,Anutin Charnvirakul,Lee Jae-myung
84,922,Anutin Charnvirakul,Phạm Minh Chính
84,164,Anutin Charnvirakul,Christian Stocker
84,890,Anutin Charnvirakul,Petr Fiala
84,757,Anutin Charnvirakul,Mette Frederiksen
84,301,Anutin Charnvirakul,Friedrich Merz
84,648,Anutin Charnvirakul,Kyriakos Mitsotakis
84,859,Anutin Charnvirakul,Orbán Viktor
84,766,Anutin Charnvirakul,Micheál Martin
84,264,Anutin Charnvirakul,Evika Siliņa
84,953,Anutin Charnvirakul,Robert Abela
84,219,Anutin Charnvirakul,Donald Tusk
84,961,Anutin Charnvirakul,Robert Fico
84,887,Anutin Charnvirakul,Pedro Sánchez
84,1121,Anutin Charnvirakul,Ulf Kristersson
84,928,Anutin Charnvirakul,Recep Tayyip Erdoğan
84,618,Anutin Charnvirakul,Keir Starmer
84,379,Anutin Charnvirakul,Giáo hoàng Lêô XIV
84,186,Anutin Charnvirakul,Claudia Sheinbaum
84,298,Anutin Charnvirakul,Donald Trump
84,504,Anutin Charnvirakul,Javier Milei
84,678,Anutin Charnvirakul,Luis Arce
84,63,Anutin Charnvirakul,Anthony Albanese
84,184,Anutin Charnvirakul,Christopher Luxon
84,475,Anutin Charnvirakul,James Marape
86,119,Anthony Fauci,Bill Clinton
86,330,Anthony Fauci,George W. Bush
86,1228,Anthony Fauci,Đại học Stanford
86,156,Anthony Fauci,Barack Obama
86,298,Anthony Fauci,Donald Trump
86,97,Anthony Fauci,Ben Carson
86,320,Anthony Fauci,George Stigler
86,794,Anthony Fauci,Milton Friedman
86,883,Anthony Fauci,Paul Samuelson
86,975,Anthony Fauci,Robert Solow
86,326,Anthony Fauci,Gary Becker
86,621,Anthony Fauci,Kenneth Arrow
86,1142,Anthony Fauci,Vannevar Bush
86,811,Anthony Fauci,Mã Hiểu Vĩ
86,702,Anthony Fauci,Lý Khắc Cường
87,103,Aung San,Aung San Suu Kyi
87,187,Aung San,Clement Attlee
87,1192,Aung San,Win Myint
87,814,Aung San,Ne Win
90,303,Asō Tarō,Fukuda Yasuo
90,390,Asō Tarō,Hatoyama Yukio
90,1057,Asō Tarō,Takaichi Sanae
90,1058,Asō Tarō,Suga Yoshihide
90,639,Asō Tarō,Kishida Fumio
90,19,Asō Tarō,Abe Shinzō
90,705,Asō Tarō,Machimura Nobutaka
90,796,Asō Tarō,Mori Yoshirō
90,1214,Asō Tarō,Yoshida Shigeru
90,1228,Asō Tarō,Đại học Stanford
90,638,Asō Tarō,Koizumi Junichirō
90,375,Asō Tarō,Hara Takashi
90,604,Asō Tarō,Katayama Tetsu
90,156,Asō Tarō,Barack Obama
90,200,Asō Tarō,Condoleezza Rice
90,773,Asō Tarō,Mike Pence
91,769,Asa Hutchinson,Mike Beebe
91,50,Asa Hutchinson,Andrew Cuomo
91,330,Asa Hutchinson,George W. Bush
91,824,Asa Hutchinson,Newt Gingrich
91,1036,Asa Hutchinson,Ronald Reagan
91,119,Asa Hutchinson,Bill Clinton
91,422,Asa Hutchinson,Hillary Clinton
91,591,Asa Hutchinson,John McCain
91,673,Asa Hutchinson,Laura Kelly
91,565,Asa Hutchinson,Joe Biden
91,628,Asa Hutchinson,Kamala Harris
91,831,Asa Hutchinson,Ned Lamont
91,505,Asa Hutchinson,Janet Mills
91,173,Asa Hutchinson,Charlie Baker
91,183,Asa Hutchinson,Chris Sununu
91,913,Asa Hutchinson,Phil Murphy
91,1107,Asa Hutchinson,Tom Wolf
91,202,Asa Hutchinson,Daniel McKee
91,898,Asa Hutchinson,Phil Scott
91,480,Asa Hutchinson,J. B. Pritzker
91,258,Asa Hutchinson,Eric Holcomb
91,636,Asa Hutchinson,Kim Reynolds
91,367,Asa Hutchinson,Gretchen Whitmer
91,1089,Asa Hutchinson,Tim Walz
91,903,Asa Hutchinson,Pete Ricketts
91,220,Asa Hutchinson,Doug Burgum
91,812,Asa Hutchinson,Mike DeWine
91,642,Asa Hutchinson,Kristi Noem
91,1091,Asa Hutchinson,Tony Evers
91,614,Asa Hutchinson,Kay Ivey
91,554,Asa Hutchinson,John Carney
91,979,Asa Hutchinson,Ron DeSantis
91,142,Asa Hutchinson,Brian Kemp
91,60,Asa Hutchinson,Andy Beshear
91,536,Asa Hutchinson,John Bel Edwards
91,650,Asa Hutchinson,Larry Hogan
91,1061,Asa Hutchinson,Tate Reeves
91,1008,Asa Hutchinson,Roy Cooper
91,624,Asa Hutchinson,Kevin Stitt
91,404,Asa Hutchinson,Henry McMaster
91,124,Asa Hutchinson,Bill Lee
91,365,Asa Hutchinson,Greg Abbott
91,946,Asa Hutchinson,Ralph Northam
91,534,Asa Hutchinson,Jim Justice
91,779,Asa Hutchinson,Mike Dunleavy
91,242,Asa Hutchinson,Doug Ducey
91,331,Asa Hutchinson,Gavin Newsom
91,502,Asa Hutchinson,Jared Polis
91,208,Asa Hutchinson,David Ige
91,140,Asa Hutchinson,Brad Little
91,388,Asa Hutchinson,Greg Gianforte
91,1060,Asa Hutchinson,Steve Sisolak
91,787,Asa Hutchinson,Michelle Lujan Grisham
91,612,Asa Hutchinson,Kate Brown
91,1030,Asa Hutchinson,Spencer Cox
91,506,Asa Hutchinson,Jay Inslee
91,736,Asa Hutchinson,Mark Gordon (chính trị gia)
91,540,Asa Hutchinson,Jerome Adams
91,213,Asa Hutchinson,Deborah Birx
91,86,Asa Hutchinson,Anthony Fauci
91,139,Asa Hutchinson,Brett Giroir
91,888,Asa Hutchinson,Peter Navarro
91,773,Asa Hutchinson,Mike Pence
91,976,Asa Hutchinson,Robert R. Redfield
91,298,Asa Hutchinson,Donald Trump
93,448,B. D. Jatti,Indira Gandhi
93,792,B. D. Jatti,Morarji Desai
93,266,B. D. Jatti,Fakhruddin Ali Ahmed
93,818,B. D. Jatti,Neelam Sanjiva Reddy
93,151,B. D. Jatti,Charan Singh
93,789,B. D. Jatti,Mohammad Hidayatullah
93,925,B. D. Jatti,Rajendra Prasad
93,998,B. D. Jatti,Sarvepalli Radhakrishnan
93,1218,B. D. Jatti,Zakir Husain (chính trị gia)
93,1129,B. D. Jatti,V. V. Giri
93,1209,B. D. Jatti,Zail Singh
93,917,B. D. Jatti,R. Venkataraman
93,1013,B. D. Jatti,Shankar Dayal Sharma
93,596,B. D. Jatti,K. R. Narayanan
93,6,B. D. Jatti,A. P. J. Abdul Kalam
93,908,B. D. Jatti,Pratibha Patil
93,909,B. D. Jatti,Pranab Mukherjee
93,926,B. D. Jatti,Ram Nath Kovind
93,223,B. D. Jatti,Droupadi Murmu
94,565,Beau Biden,Joe Biden
95,745,Beata Szydło,Mateusz Morawiecki
95,265,Beata Szydło,Ewa Kopacz
95,55,Beata Szydło,Andrzej Duda
95,752,Beata Szydło,Matteo Renzi
95,133,Beata Szydło,Benjamin Netanyahu
95,961,Beata Szydło,Robert Fico
95,118,Beata Szydło,Bohuslav Sobotka
95,219,Beata Szydło,Donald Tusk
95,517,Beata Szydło,Jean-Claude Juncker
95,68,Beata Szydło,Angela Merkel
95,1199,Beata Szydło,Xavier Bettel
95,1200,Beata Szydło,Włodzimierz Cimoszewicz
95,525,Beata Szydło,Jerzy Buzek
95,510,Beata Szydło,Jarosław Kaczyński
96,1230,Barney Frank,Đại học Harvard
97,1232,Ben Carson,Đại học Yale
97,156,Ben Carson,Barack Obama
97,298,Ben Carson,Donald Trump
98,702,Bayanqolu,Lý Khắc Cường
98,1167,Bayanqolu,Tập Cận Bình
98,431,Bayanqolu,Hà Lập Phong
98,1082,Bayanqolu,Thái Kỳ
98,686,Bayanqolu,Lý Cường
98,697,Bayanqolu,Lý Hồng Trung
98,1106,Bayanqolu,Trần Mẫn Nhĩ
98,826,Bayanqolu,Nghê Nhạc Phong
98,683,Bayanqolu,Lâu Cần Kiệm
98,834,Bayanqolu,Ngô Chính Long
98,1119,Bayanqolu,Trịnh Sách Khiết
98,1146,Bayanqolu,Vu Vĩ Quốc
98,239,Bayanqolu,Doãn Lực
98,698,Bayanqolu,Lưu Kỳ (sinh năm 1957)
98,684,Bayanqolu,Lý Cán Kiệt
98,1227,Bayanqolu,Đỗ Gia Hào
98,692,Bayanqolu,Lý Hi
98,1104,Bayanqolu,Thầm Di Cầm
98,709,Bayanqolu,Lưu Quốc Trung
98,1140,Bayanqolu,Trương Quốc Thanh
98,712,Bayanqolu,Lộc Tâm Xã
98,1081,Bayanqolu,Thạch Thái Phong
98,1098,Bayanqolu,Trương Đức Giang
99,198,"Benigno Aquino, Jr.",Corazon Aquino
99,104,"Benigno Aquino, Jr.",Benigno Aquino III
99,271,"Benigno Aquino, Jr.",Ferdinand Marcos
100,78,Ban Ki-moon,Asha-Rose Migiro
100,490,Ban Ki-moon,Jan Eliasson
100,627,Ban Ki-moon,Kofi Annan
100,74,Ban Ki-moon,António Guterres
100,658,Ban Ki-moon,Lee Hae-chan
100,1230,Ban Ki-moon,Đại học Harvard
100,549,Ban Ki-moon,John F. Kennedy
100,156,Ban Ki-moon,Barack Obama
100,227,Ban Ki-moon,Dmitry Anatolyevich Medvedev
100,390,Ban Ki-moon,Hatoyama Yukio
100,191,Ban Ki-moon,Dag Hammarskjöld
100,654,Ban Ki-moon,Kurt Waldheim
100,127,Ban Ki-moon,Boutros Boutros-Ghali
101,1228,Bengt Holmström,Đại học Stanford
101,1150,Bengt Holmström,Viện Công nghệ Massachusetts
101,883,Bengt Holmström,Paul Samuelson
101,1021,Bengt Holmström,Simon Kuznets
101,551,Bengt Holmström,John Hicks
101,621,Bengt Holmström,Kenneth Arrow
101,295,Bengt Holmström,Friedrich Hayek
101,794,Bengt Holmström,Milton Friedman
101,112,Bengt Holmström,Bertil Ohlin
101,494,Bengt Holmström,James Meade
101,1062,Bengt Holmström,Theodore Schultz
101,655,Bengt Holmström,Lawrence Klein
101,485,Bengt Holmström,James Tobin
101,320,Bengt Holmström,George Stigler
101,364,Bengt Holmström,Gérard Debreu
101,939,Bengt Holmström,Richard Stone
101,281,Bengt Holmström,Franco Modigliani
101,479,Bengt Holmström,James M. Buchanan
101,975,Bengt Holmström,Robert Solow
101,749,Bengt Holmström,Maurice Allais
101,1092,Bengt Holmström,Trygve Haavelmo
101,383,Bengt Holmström,Harry Markowitz
101,759,Bengt Holmström,Merton Miller
101,977,Bengt Holmström,Ronald Coase
101,326,Bengt Holmström,Gary Becker
101,957,Bengt Holmström,Robert Fogel
101,221,Bengt Holmström,Douglass North
101,956,Bengt Holmström,"Robert Lucas, Jr."
101,476,Bengt Holmström,James Mirrlees
101,1191,Bengt Holmström,William Vickrey
101,805,Bengt Holmström,Myron Scholes
101,54,Bengt Holmström,Amartya Sen
101,962,Bengt Holmström,Robert Mundell
101,472,Bengt Holmström,James Heckman
101,310,Bengt Holmström,George Akerlof
101,760,Bengt Holmström,Michael Spence
101,587,Bengt Holmström,Joseph Stiglitz
101,954,Bengt Holmström,Robert F. Engle
101,194,Bengt Holmström,Clive Granger
101,273,Bengt Holmström,Finn E. Kydland
101,882,Bengt Holmström,Peter A. Diamond
101,172,Bengt Holmström,Christopher A. Pissarides
101,1068,Bengt Holmström,Thomas J. Sargent
101,174,Bengt Holmström,Christopher A. Sims
101,507,Bengt Holmström,Jean Tirole
101,941,Bengt Holmström,Richard Thaler
101,262,Bengt Holmström,Esther Duflo
101,580,Bengt Holmström,Joshua Angrist
101,209,Bengt Holmström,David Card
102,1164,Bashar al-Assad,Wael Nader al-Halqi
102,370,Bashar al-Assad,Hafez al-Assad
102,227,Bashar al-Assad,Dmitry Anatolyevich Medvedev
102,474,Bashar al-Assad,Jacques Chirac
102,156,Bashar al-Assad,Barack Obama
103,418,Aung San Suu Kyi,Htin Kyaw
103,1192,Aung San Suu Kyi,Win Myint
103,784,Aung San Suu Kyi,Min Aung Hlaing
103,1233,Aung San Suu Kyi,Đại học Oxford
103,87,Aung San Suu Kyi,Aung San
103,627,Aung San Suu Kyi,Kofi Annan
103,814,Aung San Suu Kyi,Ne Win
103,100,Aung San Suu Kyi,Ban Ki-moon
103,522,Aung San Suu Kyi,Jim Webb
103,156,Aung San Suu Kyi,Barack Obama
103,422,Aung San Suu Kyi,Hillary Clinton
103,1220,Aung San Suu Kyi,Yingluck Shinawatra
103,1080,Aung San Suu Kyi,Theodore Roosevelt
103,1201,Aung San Suu Kyi,Woodrow Wilson
103,153,Aung San Suu Kyi,Charles G. Dawes
103,321,Aung San Suu Kyi,George Marshall
103,895,Aung San Suu Kyi,Philip Noel-Baker
103,191,Aung San Suu Kyi,Dag Hammarskjöld
103,408,Aung San Suu Kyi,Henry Kissinger
103,1011,Aung San Suu Kyi,Satō Eisaku
103,76,Aung San Suu Kyi,Anwar Al-Sadad
103,758,Aung San Suu Kyi,Menachem Begin
103,1222,Aung San Suu Kyi,Óscar Arias
103,803,Aung San Suu Kyi,Mikhail Sergeyevich Gorbachyov
103,837,Aung San Suu Kyi,Nelson Mandela
103,1024,Aung San Suu Kyi,Shimon Peres
103,631,Aung San Suu Kyi,Kim Dae-jung
103,548,Aung San Suu Kyi,Jimmy Carter
103,786,Aung San Suu Kyi,Mohamed ElBaradei
103,806,Aung San Suu Kyi,Muhammad Yunus
103,742,Aung San Suu Kyi,Martti Ahtisaari
103,243,Aung San Suu Kyi,Ellen Johnson Sirleaf
103,716,Aung San Suu Kyi,Malala Yousafzai
103,595,Aung San Suu Kyi,Juan Manuel Santos
103,3,Aung San Suu Kyi,Abiy Ahmed
103,738,Aung San Suu Kyi,Maria Ressa
104,966,Benigno Aquino III,Rodrigo Duterte
104,198,Benigno Aquino III,Corazon Aquino
104,99,Benigno Aquino III,"Benigno Aquino, Jr."
104,252,Benigno Aquino III,Emilio Aguinaldo
104,721,Benigno Aquino III,Manuel L. Quezon
104,1006,Benigno Aquino III,Sergio Osmeña
104,718,Benigno Aquino III,Manuel Roxas
104,588,Benigno Aquino III,José P. Laurel
104,244,Benigno Aquino III,Elpidio Quirino
104,932,Benigno Aquino III,Ramon Magsaysay
104,150,Benigno Aquino III,Carlos Polistico García
104,214,Benigno Aquino III,Diosdado Macapagal
104,271,Benigno Aquino III,Ferdinand Marcos
104,277,Benigno Aquino III,Fidel Ramos
104,574,Benigno Aquino III,Joseph Estrada
104,349,Benigno Aquino III,Gloria Macapagal Arroyo
105,400,Benjamin Britten,Henry Purcell
105,770,Benjamin Britten,Michelangelo
106,570,Basuki Tjahaja Purnama,Joko Widodo
108,1190,Benjamin Harrison,William Henry Harrison
108,539,Benjamin Harrison,John Adams
108,1083,Benjamin Harrison,Thomas Jefferson
108,483,Benjamin Harrison,James Madison
108,482,Benjamin Harrison,James Monroe
108,562,Benjamin Harrison,John Quincy Adams
108,568,Benjamin Harrison,John Tyler
108,473,Benjamin Harrison,James K. Polk
108,286,Benjamin Harrison,Franklin Pierce
108,469,Benjamin Harrison,James Buchanan
108,1127,Benjamin Harrison,Ulysses S. Grant
108,993,Benjamin Harrison,Rutherford B. Hayes
108,470,Benjamin Harrison,James A. Garfield
108,170,Benjamin Harrison,Chester A. Arthur
108,1206,Benjamin Harrison,William McKinley
108,1080,Benjamin Harrison,Theodore Roosevelt
108,1189,Benjamin Harrison,William Howard Taft
108,1201,Benjamin Harrison,Woodrow Wilson
108,1170,Benjamin Harrison,Warren G. Harding
108,143,Benjamin Harrison,Calvin Coolidge
108,405,Benjamin Harrison,Herbert Hoover
108,292,Benjamin Harrison,Franklin D. Roosevelt
108,389,Benjamin Harrison,Harry S. Truman
108,228,Benjamin Harrison,Dwight D. Eisenhower
108,549,Benjamin Harrison,John F. Kennedy
108,688,Benjamin Harrison,Lyndon B. Johnson
108,968,Benjamin Harrison,Richard Nixon
108,340,Benjamin Harrison,Gerald Ford
108,548,Benjamin Harrison,Jimmy Carter
108,1036,Benjamin Harrison,Ronald Reagan
108,319,Benjamin Harrison,George H. W. Bush
108,119,Benjamin Harrison,Bill Clinton
108,330,Benjamin Harrison,George W. Bush
108,156,Benjamin Harrison,Barack Obama
108,298,Benjamin Harrison,Donald Trump
108,565,Benjamin Harrison,Joe Biden
109,754,Bill de Blasio,Michael Bloomberg
109,422,Bill de Blasio,Hillary Clinton
109,50,Bill de Blasio,Andrew Cuomo
110,497,Bhimrao Ambedkar,Jawaharlal Nehru
111,291,Bernard Cazeneuve,François Hollande
111,726,Bernard Cazeneuve,Manuel Valls
111,1224,Bernard Cazeneuve,Édouard Philippe
111,516,Bernard Cazeneuve,Jean-Marc Ayrault
111,267,Bernard Cazeneuve,Emmanuel Macron
111,167,Bernard Cazeneuve,Charles-Maurice de Talleyrand-Périgord
111,287,Bernard Cazeneuve,François Arago
111,75,Bernard Cazeneuve,Armand Fallières
111,1217,Bernard Cazeneuve,Émile Loubet
111,501,Bernard Cazeneuve,Jean Casimir-Perier
111,322,Bernard Cazeneuve,Georges Clemenceau
111,931,Bernard Cazeneuve,Raymond Poincaré
111,305,Bernard Cazeneuve,Gaston Doumergue
111,37,Bernard Cazeneuve,Alexandre Millerand
111,171,Bernard Cazeneuve,Charles de Gaulle
111,1138,Bernard Cazeneuve,Vincent Auriol
111,915,Bernard Cazeneuve,Pierre Mendès France
111,762,Bernard Cazeneuve,Michel Debré
111,329,Bernard Cazeneuve,Georges Pompidou
111,461,Bernard Cazeneuve,Jacques Chaban-Delmas
111,474,Bernard Cazeneuve,Jacques Chirac
111,652,Bernard Cazeneuve,Laurent Fabius
111,764,Bernard Cazeneuve,Michel Rocard
111,20,Bernard Cazeneuve,Alain Juppé
111,217,Bernard Cazeneuve,Dominique de Villepin
111,294,Bernard Cazeneuve,François Fillon
111,311,Bernard Cazeneuve,Gabriel Attal
111,756,Bernard Cazeneuve,Michel Barnier
112,1230,Bertil Ohlin,Đại học Harvard
112,494,Bertil Ohlin,James Meade
112,883,Bertil Ohlin,Paul Samuelson
112,1021,Bertil Ohlin,Simon Kuznets
112,551,Bertil Ohlin,John Hicks
112,621,Bertil Ohlin,Kenneth Arrow
112,295,Bertil Ohlin,Friedrich Hayek
112,794,Bertil Ohlin,Milton Friedman
112,1062,Bertil Ohlin,Theodore Schultz
112,655,Bertil Ohlin,Lawrence Klein
112,485,Bertil Ohlin,James Tobin
112,320,Bertil Ohlin,George Stigler
112,364,Bertil Ohlin,Gérard Debreu
112,939,Bertil Ohlin,Richard Stone
112,281,Bertil Ohlin,Franco Modigliani
112,479,Bertil Ohlin,James M. Buchanan
112,975,Bertil Ohlin,Robert Solow
112,749,Bertil Ohlin,Maurice Allais
112,1092,Bertil Ohlin,Trygve Haavelmo
112,383,Bertil Ohlin,Harry Markowitz
112,759,Bertil Ohlin,Merton Miller
112,977,Bertil Ohlin,Ronald Coase
112,326,Bertil Ohlin,Gary Becker
112,957,Bertil Ohlin,Robert Fogel
112,221,Bertil Ohlin,Douglass North
112,956,Bertil Ohlin,"Robert Lucas, Jr."
112,476,Bertil Ohlin,James Mirrlees
112,1191,Bertil Ohlin,William Vickrey
112,805,Bertil Ohlin,Myron Scholes
112,54,Bertil Ohlin,Amartya Sen
112,962,Bertil Ohlin,Robert Mundell
112,472,Bertil Ohlin,James Heckman
112,310,Bertil Ohlin,George Akerlof
112,760,Bertil Ohlin,Michael Spence
112,587,Bertil Ohlin,Joseph Stiglitz
112,954,Bertil Ohlin,Robert F. Engle
112,194,Bertil Ohlin,Clive Granger
112,273,Bertil Ohlin,Finn E. Kydland
112,882,Bertil Ohlin,Peter A. Diamond
112,172,Bertil Ohlin,Christopher A. Pissarides
112,1068,Bertil Ohlin,Thomas J. Sargent
112,174,Bertil Ohlin,Christopher A. Sims
112,507,Bertil Ohlin,Jean Tirole
112,101,Bertil Ohlin,Bengt Holmström
112,941,Bertil Ohlin,Richard Thaler
112,262,Bertil Ohlin,Esther Duflo
112,580,Bertil Ohlin,Joshua Angrist
112,209,Bertil Ohlin,David Card
112,191,Bertil Ohlin,Dag Hammarskjöld
113,1000,Bettino Craxi,Sandro Pertini
113,272,Bettino Craxi,Francesco Cossiga
113,114,Bettino Craxi,Bettino Ricasoli
113,1124,Bettino Craxi,Urbano Rattazzi
113,274,Bettino Craxi,Francesco Crispi
113,335,Bettino Craxi,Giovanni Giolitti
113,676,Bettino Craxi,Luigi Luzzatti
113,64,Bettino Craxi,Antonio Salandra
113,29,Bettino Craxi,Alcide De Gasperi
113,32,Bettino Craxi,Aldo Moro
113,337,Bettino Craxi,Giulio Andreotti
113,77,Bettino Craxi,Arnaldo Forlani
113,334,Bettino Craxi,Giovanni Spadolini
113,336,Bettino Craxi,Giuliano Amato
113,1026,Bettino Craxi,Silvio Berlusconi
113,645,Bettino Craxi,Lamberto Dini
113,974,Bettino Craxi,Romano Prodi
113,733,Bettino Craxi,Mario Monti
113,255,Bettino Craxi,Enrico Letta
113,752,Bettino Craxi,Matteo Renzi
113,870,Bettino Craxi,Paolo Gentiloni
113,347,Bettino Craxi,Giuseppe Conte
113,739,Bettino Craxi,Mario Draghi
114,1124,Bettino Ricasoli,Urbano Rattazzi
115,422,Bernie Sanders,Hillary Clinton
115,298,Bernie Sanders,Donald Trump
116,27,Bogdan Borusewicz,Aleksander Kwaśniewski
116,656,Bogdan Borusewicz,Lech Kaczyński
116,132,Bogdan Borusewicz,Bronisław Komorowski
116,358,Bogdan Borusewicz,Grzegorz Schetyna
116,55,Bogdan Borusewicz,Andrzej Duda
116,510,Bogdan Borusewicz,Jarosław Kaczyński
116,219,Bogdan Borusewicz,Donald Tusk
116,265,Bogdan Borusewicz,Ewa Kopacz
117,1232,Bob Woodward,Đại học Yale
117,968,Bob Woodward,Richard Nixon
118,775,Bohuslav Sobotka,Miloš Zeman
118,48,Bohuslav Sobotka,Andrej Babiš
119,319,Bill Clinton,George H. W. Bush
119,330,Bill Clinton,George W. Bush
119,422,Bill Clinton,Hillary Clinton
119,1233,Bill Clinton,Đại học Oxford
119,1232,Bill Clinton,Đại học Yale
119,127,Bill Clinton,Boutros Boutros-Ghali
119,549,Bill Clinton,John F. Kennedy
119,458,Bill Clinton,J. William Fulbright
119,548,Bill Clinton,Jimmy Carter
119,489,Bill Clinton,Janet Reno
119,591,Bill Clinton,John McCain
119,989,Bill Clinton,Sam Nunn
119,389,Bill Clinton,Harry S. Truman
119,824,Bill Clinton,Newt Gingrich
119,292,Bill Clinton,Franklin D. Roosevelt
119,653,Bill Clinton,Lawrence Summers
119,50,Bill Clinton,Andrew Cuomo
119,984,Bill Clinton,Ruth Bader Ginsburg
119,1036,Bill Clinton,Ronald Reagan
119,474,Bill Clinton,Jacques Chirac
119,342,Bill Clinton,Giang Trạch Dân
119,627,Bill Clinton,Kofi Annan
119,117,Bill Clinton,Bob Woodward
119,539,Bill Clinton,John Adams
119,1083,Bill Clinton,Thomas Jefferson
119,483,Bill Clinton,James Madison
119,482,Bill Clinton,James Monroe
119,562,Bill Clinton,John Quincy Adams
119,1190,Bill Clinton,William Henry Harrison
119,568,Bill Clinton,John Tyler
119,473,Bill Clinton,James K. Polk
119,286,Bill Clinton,Franklin Pierce
119,469,Bill Clinton,James Buchanan
119,1127,Bill Clinton,Ulysses S. Grant
119,993,Bill Clinton,Rutherford B. Hayes
119,470,Bill Clinton,James A. Garfield
119,170,Bill Clinton,Chester A. Arthur
119,108,Bill Clinton,Benjamin Harrison
119,1206,Bill Clinton,William McKinley
119,1080,Bill Clinton,Theodore Roosevelt
119,1189,Bill Clinton,William Howard Taft
119,1201,Bill Clinton,Woodrow Wilson
119,1170,Bill Clinton,Warren G. Harding
119,143,Bill Clinton,Calvin Coolidge
119,405,Bill Clinton,Herbert Hoover
119,228,Bill Clinton,Dwight D. Eisenhower
119,688,Bill Clinton,Lyndon B. Johnson
119,968,Bill Clinton,Richard Nixon
119,340,Bill Clinton,Gerald Ford
119,156,Bill Clinton,Barack Obama
119,298,Bill Clinton,Donald Trump
119,565,Bill Clinton,Joe Biden
119,76,Bill Clinton,Anwar Al-Sadad
119,1235,Bill Clinton,Đặng Tiểu Bình
119,983,Bill Clinton,Ruhollah Khomeini
119,198,Bill Clinton,Corazon Aquino
119,803,Bill Clinton,Mikhail Sergeyevich Gorbachyov
119,837,Bill Clinton,Nelson Mandela
119,515,Bill Clinton,Jeff Bezos
119,769,Bill Clinton,Mike Beebe
119,91,Bill Clinton,Asa Hutchinson
120,714,Bob Hawke,Malcolm Fraser
120,1233,Bob Hawke,Đại học Oxford
120,235,Bob Hawke,Edmund Barton
120,44,Bob Hawke,Alfred Deakin
120,318,Bob Hawke,George Reid (chính khách Úc)
120,52,Bob Hawke,Andrew Fisher
120,1032,Bob Hawke,Stanley Bruce
120,236,Bob Hawke,Earle Page
120,960,Bob Hawke,Robert Menzies
120,282,Bob Hawke,Frank Forde
120,377,Bob Hawke,Harold Holt
120,559,Bob Hawke,John McEwen
120,543,Bob Hawke,John Gorton
120,1184,Bob Hawke,William McMahon
120,348,Bob Hawke,Gough Whitlam
120,547,Bob Hawke,John Howard
120,620,Bob Hawke,Kevin Rudd
120,597,Bob Hawke,Julia Gillard
120,1084,Bob Hawke,Tony Abbott
120,717,Bob Hawke,Malcolm Turnbull
120,1003,Bob Hawke,Scott Morrison
120,63,Bob Hawke,Anthony Albanese
121,1230,Bill Gates,Đại học Harvard
121,385,Bill Gates,Harry R. Lewis
121,1150,Bill Gates,Viện Công nghệ Massachusetts
121,353,Bill Gates,Gordon Brown
121,1123,Bill Gates,Umaru Musa Yar'Adua
121,743,Bill Gates,Mark Zuckerberg
121,1005,Bill Gates,Satya Nadella
121,292,Bill Gates,Franklin D. Roosevelt
121,1125,Bill Gates,Tưởng Giới Thạch
121,1223,Bill Gates,Winston Churchill
121,321,Bill Gates,George Marshall
121,228,Bill Gates,Dwight D. Eisenhower
121,389,Bill Gates,Harry S. Truman
121,798,Bill Gates,Mohammad Mosaddegh
121,634,Bill Gates,Konrad Adenauer
121,541,Bill Gates,John Foster Dulles
121,854,Bill Gates,Nikita Sergeyevich Khrushchyov
121,171,Bill Gates,Charles de Gaulle
121,549,Bill Gates,John F. Kennedy
121,688,Bill Gates,Lyndon B. Johnson
121,968,Bill Gates,Richard Nixon
121,408,Bill Gates,Henry Kissinger
121,548,Bill Gates,Jimmy Carter
121,76,Bill Gates,Anwar Al-Sadad
121,1235,Bill Gates,Đặng Tiểu Bình
121,983,Bill Gates,Ruhollah Khomeini
121,1036,Bill Gates,Ronald Reagan
121,198,Bill Gates,Corazon Aquino
121,803,Bill Gates,Mikhail Sergeyevich Gorbachyov
121,319,Bill Gates,George H. W. Bush
121,119,Bill Gates,Bill Clinton
121,837,Bill Gates,Nelson Mandela
121,824,Bill Gates,Newt Gingrich
121,515,Bill Gates,Jeff Bezos
121,330,Bill Gates,George W. Bush
121,978,Bill Gates,Rudy Giuliani
121,1153,Bill Gates,Vladimir Vladimirovich Putin
121,156,Bill Gates,Barack Obama
121,68,Bill Gates,Angela Merkel
121,298,Bill Gates,Donald Trump
121,738,Bill Gates,Maria Ressa
121,565,Bill Gates,Joe Biden
121,628,Bill Gates,Kamala Harris
121,268,Bill Gates,Elon Musk
121,1148,Bill Gates,Volodymyr Oleksandrovych Zelenskyy
121,1175,Bill Gates,Taylor Swift
122,966,Bongbong Marcos,Rodrigo Duterte
122,271,Bongbong Marcos,Ferdinand Marcos
122,1233,Bongbong Marcos,Đại học Oxford
122,198,Bongbong Marcos,Corazon Aquino
122,252,Bongbong Marcos,Emilio Aguinaldo
122,721,Bongbong Marcos,Manuel L. Quezon
122,1006,Bongbong Marcos,Sergio Osmeña
122,718,Bongbong Marcos,Manuel Roxas
122,588,Bongbong Marcos,José P. Laurel
122,244,Bongbong Marcos,Elpidio Quirino
122,932,Bongbong Marcos,Ramon Magsaysay
122,150,Bongbong Marcos,Carlos Polistico García
122,214,Bongbong Marcos,Diosdado Macapagal
122,277,Bongbong Marcos,Fidel Ramos
122,574,Bongbong Marcos,Joseph Estrada
122,349,Bongbong Marcos,Gloria Macapagal Arroyo
122,104,Bongbong Marcos,Benigno Aquino III
122,63,Bongbong Marcos,Anthony Albanese
122,1167,Bongbong Marcos,Tập Cận Bình
122,713,Bongbong Marcos,Lại Thanh Đức
122,699,Bongbong Marcos,Lý Gia Siêu
122,906,Bongbong Marcos,Prabowo Subianto
122,1057,Bongbong Marcos,Takaichi Sanae
122,661,Bongbong Marcos,Lee Jae-myung
122,186,Bongbong Marcos,Claudia Sheinbaum
122,184,Bongbong Marcos,Christopher Luxon
122,475,Bongbong Marcos,James Marape
122,589,Bongbong Marcos,José Jerí
122,423,Bongbong Marcos,Hoàng Tuần Tài
122,84,Bongbong Marcos,Anutin Charnvirakul
122,298,Bongbong Marcos,Donald Trump
122,722,Bongbong Marcos,Lương Cường
123,1232,Bob Taft,Đại học Yale
123,1189,Bob Taft,William Howard Taft
123,330,Bob Taft,George W. Bush
123,993,Bob Taft,Rutherford B. Hayes
123,1206,Bob Taft,William McKinley
123,552,Bob Taft,John Kasich
123,812,Bob Taft,Mike DeWine
123,1170,Bob Taft,Warren G. Harding
124,614,Bill Lee,Kay Ivey
124,875,Bill Lee,Paul Ryan
124,650,Bill Lee,Larry Hogan
124,298,Bill Lee,Donald Trump
124,473,Bill Lee,James K. Polk
124,565,Bill Lee,Joe Biden
124,831,Bill Lee,Ned Lamont
124,505,Bill Lee,Janet Mills
124,173,Bill Lee,Charlie Baker
124,183,Bill Lee,Chris Sununu
124,913,Bill Lee,Phil Murphy
124,50,Bill Lee,Andrew Cuomo
124,1107,Bill Lee,Tom Wolf
124,202,Bill Lee,Daniel McKee
124,898,Bill Lee,Phil Scott
124,480,Bill Lee,J. B. Pritzker
124,258,Bill Lee,Eric Holcomb
124,636,Bill Lee,Kim Reynolds
124,673,Bill Lee,Laura Kelly
124,367,Bill Lee,Gretchen Whitmer
124,1089,Bill Lee,Tim Walz
124,903,Bill Lee,Pete Ricketts
124,220,Bill Lee,Doug Burgum
124,812,Bill Lee,Mike DeWine
124,642,Bill Lee,Kristi Noem
124,1091,Bill Lee,Tony Evers
124,91,Bill Lee,Asa Hutchinson
124,554,Bill Lee,John Carney
124,979,Bill Lee,Ron DeSantis
124,142,Bill Lee,Brian Kemp
124,60,Bill Lee,Andy Beshear
124,536,Bill Lee,John Bel Edwards
124,1061,Bill Lee,Tate Reeves
124,1008,Bill Lee,Roy Cooper
124,624,Bill Lee,Kevin Stitt
124,404,Bill Lee,Henry McMaster
124,365,Bill Lee,Greg Abbott
124,946,Bill Lee,Ralph Northam
124,534,Bill Lee,Jim Justice
124,779,Bill Lee,Mike Dunleavy
124,242,Bill Lee,Doug Ducey
124,331,Bill Lee,Gavin Newsom
124,502,Bill Lee,Jared Polis
124,208,Bill Lee,David Ige
124,140,Bill Lee,Brad Little
124,388,Bill Lee,Greg Gianforte
124,1060,Bill Lee,Steve Sisolak
124,787,Bill Lee,Michelle Lujan Grisham
124,612,Bill Lee,Kate Brown
124,1030,Bill Lee,Spencer Cox
124,506,Bill Lee,Jay Inslee
124,736,Bill Lee,Mark Gordon (chính trị gia)
124,540,Bill Lee,Jerome Adams
124,213,Bill Lee,Deborah Birx
124,86,Bill Lee,Anthony Fauci
124,139,Bill Lee,Brett Giroir
124,888,Bill Lee,Peter Navarro
124,773,Bill Lee,Mike Pence
124,976,Bill Lee,Robert R. Redfield
126,496,Borut Pahor,Janez Janša
127,627,Boutros Boutros-Ghali,Kofi Annan
127,758,Boutros Boutros-Ghali,Menachem Begin
127,710,Boutros Boutros-Ghali,Mahathir Mohamad
127,654,Boutros Boutros-Ghali,Kurt Waldheim
127,191,Boutros Boutros-Ghali,Dag Hammarskjöld
127,100,Boutros Boutros-Ghali,Ban Ki-moon
127,74,Boutros Boutros-Ghali,António Guterres
128,740,Brian Cowen,Mary McAleese
128,766,Brian Cowen,Micheál Martin
129,298,Brett Kavanaugh,Donald Trump
129,330,Brett Kavanaugh,George W. Bush
129,1232,Brett Kavanaugh,Đại học Yale
129,119,Brett Kavanaugh,Bill Clinton
130,38,Brigitte Bierlein,Alexander Van der Bellen
130,387,Brigitte Bierlein,Hartwig Löger
130,1007,Brigitte Bierlein,Sebastian Kurz
130,1176,Brigitte Bierlein,Werner Faymann
130,168,Brigitte Bierlein,Christian Kern
130,33,Brigitte Bierlein,Alexander Schallenberg
130,603,Brigitte Bierlein,Karl Nehammer
131,567,Brian Mulroney,John Turner
131,615,Brian Mulroney,Kim Campbell
131,902,Brian Mulroney,Pierre Trudeau
131,531,Brian Mulroney,John Abbott
131,1171,Brian Mulroney,Wilfrid Laurier
131,1181,Brian Mulroney,William Lyon Mackenzie King
131,542,Brian Mulroney,John Diefenbaker
131,500,Brian Mulroney,Jean Chrétien
131,879,Brian Mulroney,Paul Martin
132,219,Bronisław Komorowski,Donald Tusk
132,265,Bronisław Komorowski,Ewa Kopacz
132,358,Bronisław Komorowski,Grzegorz Schetyna
132,55,Bronisław Komorowski,Andrzej Duda
132,656,Bronisław Komorowski,Lech Kaczyński
132,116,Bronisław Komorowski,Bogdan Borusewicz
132,525,Bronisław Komorowski,Jerzy Buzek
133,443,Benjamin Netanyahu,Isaac Herzog
133,1024,Benjamin Netanyahu,Shimon Peres
133,935,Benjamin Netanyahu,Reuven Rivlin
133,249,Benjamin Netanyahu,Ehud Olmert
133,821,Benjamin Netanyahu,Naftali Bennett
133,240,Benjamin Netanyahu,Ehud Barak
133,81,Benjamin Netanyahu,Ariel Sharon
133,148,Benjamin Netanyahu,Chaim Herzog
133,1230,Benjamin Netanyahu,Đại học Harvard
133,102,Benjamin Netanyahu,Bashar al-Assad
133,1153,Benjamin Netanyahu,Vladimir Vladimirovich Putin
133,758,Benjamin Netanyahu,Menachem Begin
133,119,Benjamin Netanyahu,Bill Clinton
133,156,Benjamin Netanyahu,Barack Obama
133,422,Benjamin Netanyahu,Hillary Clinton
133,707,Benjamin Netanyahu,Mahmoud Abbas
133,1203,Benjamin Netanyahu,Yoav Gallant
133,200,Benjamin Netanyahu,Condoleezza Rice
133,145,Benjamin Netanyahu,Carl Bildt
133,417,Benjamin Netanyahu,Hosni Mubarak
133,772,Benjamin Netanyahu,Michel Suleiman
133,719,Benjamin Netanyahu,Mahmud Ahmadinezhad
133,797,Benjamin Netanyahu,Moshe Sharett
133,356,Benjamin Netanyahu,Golda Meir
134,1235,Bạc Nhất Ba,Đặng Tiểu Bình
134,136,Bạc Nhất Ba,Bạc Hy Lai
134,761,Bạc Nhất Ba,Mao Trạch Đông
135,1153,Boris Nikolayevich Yeltsin,Vladimir Vladimirovich Putin
135,1160,Boris Nikolayevich Yeltsin,Vladimir Ilyich Lenin
135,803,Boris Nikolayevich Yeltsin,Mikhail Sergeyevich Gorbachyov
135,319,Boris Nikolayevich Yeltsin,George H. W. Bush
135,1198,Boris Nikolayevich Yeltsin,Yegor Timurovich Gaidar
135,119,Boris Nikolayevich Yeltsin,Bill Clinton
135,227,Boris Nikolayevich Yeltsin,Dmitry Anatolyevich Medvedev
135,1019,Boris Nikolayevich Yeltsin,Slobodan Milošević
135,814,Boris Nikolayevich Yeltsin,Ne Win
135,1235,Boris Nikolayevich Yeltsin,Đặng Tiểu Bình
135,1154,Boris Nikolayevich Yeltsin,Václav Havel
135,523,Boris Nikolayevich Yeltsin,Joachim Gauck
135,986,Boris Nikolayevich Yeltsin,Sali Berisha
135,103,Boris Nikolayevich Yeltsin,Aung San Suu Kyi
135,753,Boris Nikolayevich Yeltsin,Meles Zenawi
135,677,Boris Nikolayevich Yeltsin,Lyudmila Aleksandrovna Putina
136,1132,Bạc Hy Lai,Uông Dương
136,1098,Bạc Hy Lai,Trương Đức Giang
136,134,Bạc Hy Lai,Bạc Nhất Ba
136,761,Bạc Hy Lai,Mao Trạch Đông
136,342,Bạc Hy Lai,Giang Trạch Dân
136,457,Bạc Hy Lai,Hồ Cẩm Đào
136,1167,Bạc Hy Lai,Tập Cận Bình
136,1106,Bạc Hy Lai,Trần Mẫn Nhĩ
136,1140,Bạc Hy Lai,Trương Quốc Thanh
136,1226,Bạc Hy Lai,Đường Lương Trí
136,702,Bạc Hy Lai,Lý Khắc Cường
136,692,Bạc Hy Lai,Lý Hi
137,1065,Boris Johnson,Theresa May
137,685,Boris Johnson,Liz Truss
137,994,Boris Johnson,Sadiq Khan
137,203,Boris Johnson,David Cameron
137,1073,Boris Johnson,Thomas Mann
137,972,Boris Johnson,Robert Walpole
137,312,Boris Johnson,George Grenville
137,1188,Boris Johnson,William Pitt Trẻ
137,397,Boris Johnson,"Henry Addington, Tử tước Sidmouth thứ 1"
137,1033,Boris Johnson,Spencer Perceval
137,308,Boris Johnson,George Canning
137,83,Boris Johnson,"Arthur Wellesley, Công tước thứ 1 xứ Wellington"
137,395,Boris Johnson,"Henry John Temple, Tử tước Palmerston thứ 3"
137,1035,Boris Johnson,Stanley Baldwin
137,933,Boris Johnson,Ramsay MacDonald
137,823,Boris Johnson,Neville Chamberlain
137,1223,Boris Johnson,Winston Churchill
137,187,Boris Johnson,Clement Attlee
137,62,Boris Johnson,Anthony Eden
137,380,Boris Johnson,Harold Macmillan
137,39,Boris Johnson,Alec Douglas-Home
137,381,Boris Johnson,Harold Wilson
137,477,Boris Johnson,James Callaghan
137,735,Boris Johnson,Margaret Thatcher
137,353,Boris Johnson,Gordon Brown
137,959,Boris Johnson,Rishi Sunak
137,618,Boris Johnson,Keir Starmer
137,267,Boris Johnson,Emmanuel Macron
137,862,Boris Johnson,Olaf Scholz
137,459,Boris Johnson,Ishiba Shigeru
137,298,Boris Johnson,Donald Trump
137,811,Boris Johnson,Mã Hiểu Vĩ
137,86,Boris Johnson,Anthony Fauci
137,702,Boris Johnson,Lý Khắc Cường
138,925,C. Rajagopalachari,Rajendra Prasad
138,497,C. Rajagopalachari,Jawaharlal Nehru
139,1230,Brett Giroir,Đại học Harvard
139,298,Brett Giroir,Donald Trump
139,785,Brett Giroir,Mitt Romney
139,811,Brett Giroir,Mã Hiểu Vĩ
139,86,Brett Giroir,Anthony Fauci
139,702,Brett Giroir,Lý Khắc Cường
140,624,Brad Little,Kevin Stitt
140,565,Brad Little,Joe Biden
140,831,Brad Little,Ned Lamont
140,505,Brad Little,Janet Mills
140,173,Brad Little,Charlie Baker
140,183,Brad Little,Chris Sununu
140,913,Brad Little,Phil Murphy
140,50,Brad Little,Andrew Cuomo
140,1107,Brad Little,Tom Wolf
140,202,Brad Little,Daniel McKee
140,898,Brad Little,Phil Scott
140,480,Brad Little,J. B. Pritzker
140,258,Brad Little,Eric Holcomb
140,636,Brad Little,Kim Reynolds
140,673,Brad Little,Laura Kelly
140,367,Brad Little,Gretchen Whitmer
140,1089,Brad Little,Tim Walz
140,903,Brad Little,Pete Ricketts
140,220,Brad Little,Doug Burgum
140,812,Brad Little,Mike DeWine
140,642,Brad Little,Kristi Noem
140,1091,Brad Little,Tony Evers
140,614,Brad Little,Kay Ivey
140,91,Brad Little,Asa Hutchinson
140,554,Brad Little,John Carney
140,979,Brad Little,Ron DeSantis
140,142,Brad Little,Brian Kemp
140,60,Brad Little,Andy Beshear
140,536,Brad Little,John Bel Edwards
140,650,Brad Little,Larry Hogan
140,1061,Brad Little,Tate Reeves
140,1008,Brad Little,Roy Cooper
140,404,Brad Little,Henry McMaster
140,124,Brad Little,Bill Lee
140,365,Brad Little,Greg Abbott
140,946,Brad Little,Ralph Northam
140,534,Brad Little,Jim Justice
140,779,Brad Little,Mike Dunleavy
140,242,Brad Little,Doug Ducey
140,331,Brad Little,Gavin Newsom
140,502,Brad Little,Jared Polis
140,208,Brad Little,David Ige
140,388,Brad Little,Greg Gianforte
140,1060,Brad Little,Steve Sisolak
140,787,Brad Little,Michelle Lujan Grisham
140,612,Brad Little,Kate Brown
140,1030,Brad Little,Spencer Cox
140,506,Brad Little,Jay Inslee
140,736,Brad Little,Mark Gordon (chính trị gia)
140,540,Brad Little,Jerome Adams
140,213,Brad Little,Deborah Birx
140,86,Brad Little,Anthony Fauci
140,139,Brad Little,Brett Giroir
140,888,Brad Little,Peter Navarro
140,773,Brad Little,Mike Pence
140,976,Brad Little,Robert R. Redfield
140,298,Brad Little,Donald Trump
142,298,Brian Kemp,Donald Trump
142,773,Brian Kemp,Mike Pence
142,548,Brian Kemp,Jimmy Carter
142,565,Brian Kemp,Joe Biden
142,831,Brian Kemp,Ned Lamont
142,505,Brian Kemp,Janet Mills
142,173,Brian Kemp,Charlie Baker
142,183,Brian Kemp,Chris Sununu
142,913,Brian Kemp,Phil Murphy
142,50,Brian Kemp,Andrew Cuomo
142,1107,Brian Kemp,Tom Wolf
142,202,Brian Kemp,Daniel McKee
142,898,Brian Kemp,Phil Scott
142,480,Brian Kemp,J. B. Pritzker
142,258,Brian Kemp,Eric Holcomb
142,636,Brian Kemp,Kim Reynolds
142,673,Brian Kemp,Laura Kelly
142,367,Brian Kemp,Gretchen Whitmer
142,1089,Brian Kemp,Tim Walz
142,903,Brian Kemp,Pete Ricketts
142,220,Brian Kemp,Doug Burgum
142,812,Brian Kemp,Mike DeWine
142,642,Brian Kemp,Kristi Noem
142,1091,Brian Kemp,Tony Evers
142,614,Brian Kemp,Kay Ivey
142,91,Brian Kemp,Asa Hutchinson
142,554,Brian Kemp,John Carney
142,979,Brian Kemp,Ron DeSantis
142,60,Brian Kemp,Andy Beshear
142,536,Brian Kemp,John Bel Edwards
142,650,Brian Kemp,Larry Hogan
142,1061,Brian Kemp,Tate Reeves
142,1008,Brian Kemp,Roy Cooper
142,624,Brian Kemp,Kevin Stitt
142,404,Brian Kemp,Henry McMaster
142,124,Brian Kemp,Bill Lee
142,365,Brian Kemp,Greg Abbott
142,946,Brian Kemp,Ralph Northam
142,534,Brian Kemp,Jim Justice
142,779,Brian Kemp,Mike Dunleavy
142,242,Brian Kemp,Doug Ducey
142,331,Brian Kemp,Gavin Newsom
142,502,Brian Kemp,Jared Polis
142,208,Brian Kemp,David Ige
142,140,Brian Kemp,Brad Little
142,388,Brian Kemp,Greg Gianforte
142,1060,Brian Kemp,Steve Sisolak
142,787,Brian Kemp,Michelle Lujan Grisham
142,612,Brian Kemp,Kate Brown
142,1030,Brian Kemp,Spencer Cox
142,506,Brian Kemp,Jay Inslee
142,736,Brian Kemp,Mark Gordon (chính trị gia)
142,540,Brian Kemp,Jerome Adams
142,213,Brian Kemp,Deborah Birx
142,86,Brian Kemp,Anthony Fauci
142,139,Brian Kemp,Brett Giroir
142,888,Brian Kemp,Peter Navarro
142,976,Brian Kemp,Robert R. Redfield
143,153,Calvin Coolidge,Charles G. Dawes
143,1170,Calvin Coolidge,Warren G. Harding
143,405,Calvin Coolidge,Herbert Hoover
143,1072,Calvin Coolidge,Thomas R. Marshall
143,1206,Calvin Coolidge,William McKinley
143,539,Calvin Coolidge,John Adams
143,1083,Calvin Coolidge,Thomas Jefferson
143,483,Calvin Coolidge,James Madison
143,482,Calvin Coolidge,James Monroe
143,562,Calvin Coolidge,John Quincy Adams
143,1190,Calvin Coolidge,William Henry Harrison
143,568,Calvin Coolidge,John Tyler
143,473,Calvin Coolidge,James K. Polk
143,286,Calvin Coolidge,Franklin Pierce
143,469,Calvin Coolidge,James Buchanan
143,1127,Calvin Coolidge,Ulysses S. Grant
143,993,Calvin Coolidge,Rutherford B. Hayes
143,470,Calvin Coolidge,James A. Garfield
143,170,Calvin Coolidge,Chester A. Arthur
143,108,Calvin Coolidge,Benjamin Harrison
143,1080,Calvin Coolidge,Theodore Roosevelt
143,1189,Calvin Coolidge,William Howard Taft
143,1201,Calvin Coolidge,Woodrow Wilson
143,292,Calvin Coolidge,Franklin D. Roosevelt
143,389,Calvin Coolidge,Harry S. Truman
143,228,Calvin Coolidge,Dwight D. Eisenhower
143,549,Calvin Coolidge,John F. Kennedy
143,688,Calvin Coolidge,Lyndon B. Johnson
143,968,Calvin Coolidge,Richard Nixon
143,340,Calvin Coolidge,Gerald Ford
143,548,Calvin Coolidge,Jimmy Carter
143,1036,Calvin Coolidge,Ronald Reagan
143,319,Calvin Coolidge,George H. W. Bush
143,119,Calvin Coolidge,Bill Clinton
143,330,Calvin Coolidge,George W. Bush
143,156,Calvin Coolidge,Barack Obama
143,298,Calvin Coolidge,Donald Trump
143,565,Calvin Coolidge,Joe Biden
143,246,Calvin Coolidge,Elbridge Gerry
143,192,Calvin Coolidge,Daniel D. Tompkins
143,538,Calvin Coolidge,John C. Calhoun
143,938,Calvin Coolidge,Richard Mentor Johnson
143,314,Calvin Coolidge,George M. Dallas
143,1187,Calvin Coolidge,William R. King
143,535,Calvin Coolidge,John C. Breckinridge
143,1179,Calvin Coolidge,William A. Wheeler
143,1066,Calvin Coolidge,Thomas A. Hendricks
143,9,Calvin Coolidge,Adlai Stevenson I
143,302,Calvin Coolidge,Garret Hobart
143,160,Calvin Coolidge,Charles W. Fairbanks
143,481,Calvin Coolidge,James S. Sherman
143,561,Calvin Coolidge,John Nance Garner
143,409,Calvin Coolidge,Henry A. Wallace
143,24,Calvin Coolidge,Alben W. Barkley
143,419,Calvin Coolidge,Hubert Humphrey
143,832,Calvin Coolidge,Nelson Rockefeller
143,1169,Calvin Coolidge,Walter Mondale
143,211,Calvin Coolidge,Dick Cheney
143,773,Calvin Coolidge,Mike Pence
143,628,Calvin Coolidge,Kamala Harris
143,466,Calvin Coolidge,JD Vance
143,553,Calvin Coolidge,John Hancock
143,578,Calvin Coolidge,John Volpe
143,1195,Calvin Coolidge,William Weld
143,785,Calvin Coolidge,Mitt Romney
143,212,Calvin Coolidge,Deval Patrick
143,173,Calvin Coolidge,Charlie Baker
144,702,Bùi Kim Giai,Lý Khắc Cường
144,1167,Bùi Kim Giai,Tập Cận Bình
144,686,Bùi Kim Giai,Lý Cường
144,1231,Bùi Kim Giai,Đinh Tiết Tường
144,431,Bùi Kim Giai,Hà Lập Phong
144,1140,Bùi Kim Giai,Trương Quốc Thanh
144,709,Bùi Kim Giai,Lưu Quốc Trung
144,1174,Bùi Kim Giai,Vương Tiểu Hồng
144,834,Bùi Kim Giai,Ngô Chính Long
144,1104,Bùi Kim Giai,Thầm Di Cầm
144,421,Bùi Kim Giai,Hoài Tiến Bằng
144,630,Bùi Kim Giai,Kim Tráng Long
144,1103,Bùi Kim Giai,Trần Nhất Tân
144,439,Bùi Kim Giai,Hạ Vinh
144,1156,Bùi Kim Giai,Vương Hiểu Bình
144,1165,Bùi Kim Giai,Vương Quảng Hoa
144,426,Bùi Kim Giai,Hoàng Nhuận Thu
144,828,Bùi Kim Giai,Nghê Hồng
144,689,Bùi Kim Giai,Lý Quốc Anh
144,1166,Bùi Kim Giai,Vương Văn Đào
144,1172,Bùi Kim Giai,Vương Tường Hỉ
144,1119,Bùi Kim Giai,Trịnh Sách Khiết
144,899,Bùi Kim Giai,Phan Nhạc (chính khách)
144,811,Bùi Kim Giai,Mã Hiểu Vĩ
144,893,Bùi Kim Giai,Phan Công Thắng
144,445,Bùi Kim Giai,Hầu Khải
144,433,Bùi Kim Giai,Hàn Chính (chính khách)
144,1095,Bùi Kim Giai,Triệu Khắc Chí
144,1086,Bùi Kim Giai,Tiêu Á Khánh
144,1108,Bùi Kim Giai,Trần Văn Thanh (chính khách Trung Quốc)
144,684,Bùi Kim Giai,Lý Cán Kiệt
144,696,Bùi Kim Giai,Lạc Thụ Cương
145,438,Carl Bildt,Ingvar Carlsson
145,293,Carl Bildt,Fredrik Reinfeldt
145,490,Carl Bildt,Jan Eliasson
146,280,Camilo José Cela,Francisco Franco
146,1063,Camilo José Cela,Theodor Mommsen
146,579,Camilo José Cela,José Echegaray
146,394,Camilo José Cela,Henri Bergson
146,1073,Camilo José Cela,Thomas Mann
146,682,Camilo José Cela,Luigi Pirandello
146,970,Camilo José Cela,Roger Martin du Gard
146,1047,Camilo José Cela,T. S. Eliot
146,1183,Camilo José Cela,William Faulkner
146,1223,Camilo José Cela,Winston Churchill
146,453,Camilo José Cela,Ivo Andrić
146,768,Camilo José Cela,Miguel Ángel Asturias
146,392,Camilo José Cela,Heinrich Böll
146,853,Camilo José Cela,Odysseas Elytis
146,247,Camilo José Cela,Elias Canetti
146,307,Camilo José Cela,Gabriel García Márquez
146,1182,Camilo José Cela,William Golding
146,147,Camilo José Cela,Cao Hành Kiện
146,610,Camilo José Cela,Kazuo Ishiguro
147,1063,Cao Hành Kiện,Theodor Mommsen
147,579,Cao Hành Kiện,José Echegaray
147,394,Cao Hành Kiện,Henri Bergson
147,1073,Cao Hành Kiện,Thomas Mann
147,682,Cao Hành Kiện,Luigi Pirandello
147,970,Cao Hành Kiện,Roger Martin du Gard
147,1047,Cao Hành Kiện,T. S. Eliot
147,1183,Cao Hành Kiện,William Faulkner
147,1223,Cao Hành Kiện,Winston Churchill
147,453,Cao Hành Kiện,Ivo Andrić
147,768,Cao Hành Kiện,Miguel Ángel Asturias
147,392,Cao Hành Kiện,Heinrich Böll
147,853,Cao Hành Kiện,Odysseas Elytis
147,247,Cao Hành Kiện,Elias Canetti
147,307,Cao Hành Kiện,Gabriel García Márquez
147,1182,Cao Hành Kiện,William Golding
147,146,Cao Hành Kiện,Camilo José Cela
147,610,Cao Hành Kiện,Kazuo Ishiguro
148,758,Chaim Herzog,Menachem Begin
148,1024,Chaim Herzog,Shimon Peres
149,929,Carlos Prío Socarrás,Ramón Grau
149,288,Carlos Prío Socarrás,Fidel Castro
149,860,Carlos Prío Socarrás,Osvaldo Dorticós Torrado
150,214,Carlos Polistico García,Diosdado Macapagal
150,932,Carlos Polistico García,Ramon Magsaysay
150,271,Carlos Polistico García,Ferdinand Marcos
150,252,Carlos Polistico García,Emilio Aguinaldo
150,721,Carlos Polistico García,Manuel L. Quezon
150,1006,Carlos Polistico García,Sergio Osmeña
150,718,Carlos Polistico García,Manuel Roxas
150,588,Carlos Polistico García,José P. Laurel
150,244,Carlos Polistico García,Elpidio Quirino
150,198,Carlos Polistico García,Corazon Aquino
150,277,Carlos Polistico García,Fidel Ramos
150,574,Carlos Polistico García,Joseph Estrada
150,349,Carlos Polistico García,Gloria Macapagal Arroyo
150,104,Carlos Polistico García,Benigno Aquino III
150,966,Carlos Polistico García,Rodrigo Duterte
151,818,Charan Singh,Neelam Sanjiva Reddy
151,792,Charan Singh,Morarji Desai
151,448,Charan Singh,Indira Gandhi
151,497,Charan Singh,Jawaharlal Nehru
151,360,Charan Singh,Gulzarilal Nanda
151,923,Charan Singh,Rajiv Gandhi
151,1131,Charan Singh,V. P. Singh
151,152,Charan Singh,Chandra Shekhar
151,861,Charan Singh,P. V. Narasimha Rao
151,82,Charan Singh,Atal Bihari Vajpayee
151,428,Charan Singh,I. K. Gujral
151,720,Charan Singh,Manmohan Singh
151,816,Charan Singh,Narendra Modi
152,917,Chandra Shekhar,R. Venkataraman
152,1131,Chandra Shekhar,V. P. Singh
152,861,Chandra Shekhar,P. V. Narasimha Rao
152,497,Chandra Shekhar,Jawaharlal Nehru
152,360,Chandra Shekhar,Gulzarilal Nanda
152,448,Chandra Shekhar,Indira Gandhi
152,792,Chandra Shekhar,Morarji Desai
152,151,Chandra Shekhar,Charan Singh
152,923,Chandra Shekhar,Rajiv Gandhi
152,82,Chandra Shekhar,Atal Bihari Vajpayee
152,428,Chandra Shekhar,I. K. Gujral
152,720,Chandra Shekhar,Manmohan Singh
152,816,Chandra Shekhar,Narendra Modi
153,143,Charles G. Dawes,Calvin Coolidge
153,405,Charles G. Dawes,Herbert Hoover
153,1170,Charles G. Dawes,Warren G. Harding
153,1206,Charles G. Dawes,William McKinley
153,1080,Charles G. Dawes,Theodore Roosevelt
156,565,Barack Obama,Joe Biden
156,330,Barack Obama,George W. Bush
156,298,Barack Obama,Donald Trump
156,777,Barack Obama,Michelle Obama
156,422,Barack Obama,Hillary Clinton
156,591,Barack Obama,John McCain
156,785,Barack Obama,Mitt Romney
156,1230,Barack Obama,Đại học Harvard
156,119,Barack Obama,Bill Clinton
156,875,Barack Obama,Paul Ryan
156,292,Barack Obama,Franklin D. Roosevelt
156,817,Barack Obama,Nancy Pelosi
156,203,Barack Obama,David Cameron
156,133,Barack Obama,Benjamin Netanyahu
156,227,Barack Obama,Dmitry Anatolyevich Medvedev
156,210,Barack Obama,David Petraeus
156,1024,Barack Obama,Shimon Peres
156,102,Barack Obama,Bashar al-Assad
156,659,Barack Obama,Leon Panetta
156,837,Barack Obama,Nelson Mandela
156,143,Barack Obama,Calvin Coolidge
156,1036,Barack Obama,Ronald Reagan
156,735,Barack Obama,Margaret Thatcher
156,211,Barack Obama,Dick Cheney
156,389,Barack Obama,Harry S. Truman
156,539,Barack Obama,John Adams
156,1083,Barack Obama,Thomas Jefferson
156,483,Barack Obama,James Madison
156,482,Barack Obama,James Monroe
156,562,Barack Obama,John Quincy Adams
156,1190,Barack Obama,William Henry Harrison
156,568,Barack Obama,John Tyler
156,473,Barack Obama,James K. Polk
156,286,Barack Obama,Franklin Pierce
156,469,Barack Obama,James Buchanan
156,1127,Barack Obama,Ulysses S. Grant
156,993,Barack Obama,Rutherford B. Hayes
156,470,Barack Obama,James A. Garfield
156,170,Barack Obama,Chester A. Arthur
156,108,Barack Obama,Benjamin Harrison
156,1206,Barack Obama,William McKinley
156,1080,Barack Obama,Theodore Roosevelt
156,1189,Barack Obama,William Howard Taft
156,1201,Barack Obama,Woodrow Wilson
156,1170,Barack Obama,Warren G. Harding
156,405,Barack Obama,Herbert Hoover
156,228,Barack Obama,Dwight D. Eisenhower
156,549,Barack Obama,John F. Kennedy
156,688,Barack Obama,Lyndon B. Johnson
156,968,Barack Obama,Richard Nixon
156,340,Barack Obama,Gerald Ford
156,548,Barack Obama,Jimmy Carter
156,319,Barack Obama,George H. W. Bush
156,153,Barack Obama,Charles G. Dawes
156,321,Barack Obama,George Marshall
156,895,Barack Obama,Philip Noel-Baker
156,191,Barack Obama,Dag Hammarskjöld
156,408,Barack Obama,Henry Kissinger
156,1011,Barack Obama,Satō Eisaku
156,76,Barack Obama,Anwar Al-Sadad
156,758,Barack Obama,Menachem Begin
156,1222,Barack Obama,Óscar Arias
156,803,Barack Obama,Mikhail Sergeyevich Gorbachyov
156,103,Barack Obama,Aung San Suu Kyi
156,631,Barack Obama,Kim Dae-jung
156,627,Barack Obama,Kofi Annan
156,786,Barack Obama,Mohamed ElBaradei
156,806,Barack Obama,Muhammad Yunus
156,742,Barack Obama,Martti Ahtisaari
156,243,Barack Obama,Ellen Johnson Sirleaf
156,716,Barack Obama,Malala Yousafzai
156,595,Barack Obama,Juan Manuel Santos
156,3,Barack Obama,Abiy Ahmed
156,738,Barack Obama,Maria Ressa
156,978,Barack Obama,Rudy Giuliani
156,121,Barack Obama,Bill Gates
156,1153,Barack Obama,Vladimir Vladimirovich Putin
156,743,Barack Obama,Mark Zuckerberg
156,68,Barack Obama,Angela Merkel
156,628,Barack Obama,Kamala Harris
156,268,Barack Obama,Elon Musk
156,1148,Barack Obama,Volodymyr Oleksandrovych Zelenskyy
156,1175,Barack Obama,Taylor Swift
157,188,Chandrika Kumaratunga,Colin Powell
157,1234,Chandrika Kumaratunga,Đại học Cambridge
158,1230,Charles Joseph Bonaparte,Đại học Harvard
158,1080,Charles Joseph Bonaparte,Theodore Roosevelt
159,219,Charles Michel,Donald Tusk
159,245,Charles Michel,Elio Di Rupo
159,411,Charles Michel,Herman Van Rompuy
160,1080,Charles W. Fairbanks,Theodore Roosevelt
160,481,Charles W. Fairbanks,James S. Sherman
160,143,Charles W. Fairbanks,Calvin Coolidge
160,539,Charles W. Fairbanks,John Adams
160,1083,Charles W. Fairbanks,Thomas Jefferson
160,246,Charles W. Fairbanks,Elbridge Gerry
160,192,Charles W. Fairbanks,Daniel D. Tompkins
160,538,Charles W. Fairbanks,John C. Calhoun
160,938,Charles W. Fairbanks,Richard Mentor Johnson
160,568,Charles W. Fairbanks,John Tyler
160,314,Charles W. Fairbanks,George M. Dallas
160,1187,Charles W. Fairbanks,William R. King
160,535,Charles W. Fairbanks,John C. Breckinridge
160,1179,Charles W. Fairbanks,William A. Wheeler
160,170,Charles W. Fairbanks,Chester A. Arthur
160,1066,Charles W. Fairbanks,Thomas A. Hendricks
160,9,Charles W. Fairbanks,Adlai Stevenson I
160,302,Charles W. Fairbanks,Garret Hobart
160,1072,Charles W. Fairbanks,Thomas R. Marshall
160,153,Charles W. Fairbanks,Charles G. Dawes
160,561,Charles W. Fairbanks,John Nance Garner
160,409,Charles W. Fairbanks,Henry A. Wallace
160,389,Charles W. Fairbanks,Harry S. Truman
160,24,Charles W. Fairbanks,Alben W. Barkley
160,968,Charles W. Fairbanks,Richard Nixon
160,688,Charles W. Fairbanks,Lyndon B. Johnson
160,419,Charles W. Fairbanks,Hubert Humphrey
160,340,Charles W. Fairbanks,Gerald Ford
160,832,Charles W. Fairbanks,Nelson Rockefeller
160,1169,Charles W. Fairbanks,Walter Mondale
160,319,Charles W. Fairbanks,George H. W. Bush
160,211,Charles W. Fairbanks,Dick Cheney
160,565,Charles W. Fairbanks,Joe Biden
160,773,Charles W. Fairbanks,Mike Pence
160,628,Charles W. Fairbanks,Kamala Harris
160,466,Charles W. Fairbanks,JD Vance
161,362,Charles Villiers Stanford,Gustav Holst
161,1234,Charles Villiers Stanford,Đại học Cambridge
161,924,Charles Villiers Stanford,Ralph Vaughan Williams
162,1016,Chavarat Charnvirakul,Somchai Wongsawat
162,12,Chavarat Charnvirakul,Abhisit Vejjajiva
162,995,Chavarat Charnvirakul,Samak Sundaravej
162,1009,Chavarat Charnvirakul,Seni Pramoj
162,637,Chavarat Charnvirakul,Kukrit Pramoj
162,910,Chavarat Charnvirakul,Prem Tinsulanonda
162,185,Chavarat Charnvirakul,Chuan Leekpai
162,1067,Chavarat Charnvirakul,Thaksin Shinawatra
162,1040,Chavarat Charnvirakul,Surayud Chulanont
162,1220,Chavarat Charnvirakul,Yingluck Shinawatra
162,838,Chavarat Charnvirakul,Niwatthamrong Boonsongpaisan
162,916,Chavarat Charnvirakul,Prayut Chan-o-cha
162,907,Chavarat Charnvirakul,Prawit Wongsuwan
162,1031,Chavarat Charnvirakul,Srettha Thavisin
162,900,Chavarat Charnvirakul,Phumtham Wechayachai
162,873,Chavarat Charnvirakul,Paetongtarn Shinawatra
162,84,Chavarat Charnvirakul,Anutin Charnvirakul
163,813,Cho Kuk,Moon Jae-in
164,38,Christian Stocker,Alexander Van der Bellen
164,603,Christian Stocker,Karl Nehammer
165,68,Christian Wulff,Angela Merkel
165,413,Christian Wulff,Horst Köhler
165,523,Christian Wulff,Joachim Gauck
165,1022,Christian Wulff,Sigmar Gabriel
166,880,Choi Kyu-hah,Park Chung-hee
166,181,Choi Kyu-hah,Chun Doo-hwan
167,632,Charles-Maurice de Talleyrand-Périgord,Klemens von Metternich
167,287,Charles-Maurice de Talleyrand-Périgord,François Arago
167,75,Charles-Maurice de Talleyrand-Périgord,Armand Fallières
167,1217,Charles-Maurice de Talleyrand-Périgord,Émile Loubet
167,501,Charles-Maurice de Talleyrand-Périgord,Jean Casimir-Perier
167,322,Charles-Maurice de Talleyrand-Périgord,Georges Clemenceau
167,931,Charles-Maurice de Talleyrand-Périgord,Raymond Poincaré
167,305,Charles-Maurice de Talleyrand-Périgord,Gaston Doumergue
167,37,Charles-Maurice de Talleyrand-Périgord,Alexandre Millerand
167,171,Charles-Maurice de Talleyrand-Périgord,Charles de Gaulle
167,1138,Charles-Maurice de Talleyrand-Périgord,Vincent Auriol
167,915,Charles-Maurice de Talleyrand-Périgord,Pierre Mendès France
167,762,Charles-Maurice de Talleyrand-Périgord,Michel Debré
167,329,Charles-Maurice de Talleyrand-Périgord,Georges Pompidou
167,461,Charles-Maurice de Talleyrand-Périgord,Jacques Chaban-Delmas
167,474,Charles-Maurice de Talleyrand-Périgord,Jacques Chirac
167,652,Charles-Maurice de Talleyrand-Périgord,Laurent Fabius
167,764,Charles-Maurice de Talleyrand-Périgord,Michel Rocard
167,20,Charles-Maurice de Talleyrand-Périgord,Alain Juppé
167,217,Charles-Maurice de Talleyrand-Périgord,Dominique de Villepin
167,294,Charles-Maurice de Talleyrand-Périgord,François Fillon
167,516,Charles-Maurice de Talleyrand-Périgord,Jean-Marc Ayrault
167,726,Charles-Maurice de Talleyrand-Périgord,Manuel Valls
167,111,Charles-Maurice de Talleyrand-Périgord,Bernard Cazeneuve
167,1224,Charles-Maurice de Talleyrand-Périgord,Édouard Philippe
167,311,Charles-Maurice de Talleyrand-Périgord,Gabriel Attal
167,756,Charles-Maurice de Talleyrand-Périgord,Michel Barnier
168,38,Christian Kern,Alexander Van der Bellen
168,1007,Christian Kern,Sebastian Kurz
169,739,Christine Lagarde,Mario Draghi
169,557,Christine Lagarde,John Lipsky
169,215,Christine Lagarde,Dominique Strauss-Kahn
169,633,Christine Lagarde,Kristalina Georgieva
169,294,Christine Lagarde,François Fillon
169,756,Christine Lagarde,Michel Barnier
169,217,Christine Lagarde,Dominique de Villepin
170,470,Chester A. Arthur,James A. Garfield
170,1179,Chester A. Arthur,William A. Wheeler
170,1066,Chester A. Arthur,Thomas A. Hendricks
170,1127,Chester A. Arthur,Ulysses S. Grant
170,993,Chester A. Arthur,Rutherford B. Hayes
170,539,Chester A. Arthur,John Adams
170,1083,Chester A. Arthur,Thomas Jefferson
170,483,Chester A. Arthur,James Madison
170,482,Chester A. Arthur,James Monroe
170,562,Chester A. Arthur,John Quincy Adams
170,1190,Chester A. Arthur,William Henry Harrison
170,568,Chester A. Arthur,John Tyler
170,473,Chester A. Arthur,James K. Polk
170,286,Chester A. Arthur,Franklin Pierce
170,469,Chester A. Arthur,James Buchanan
170,108,Chester A. Arthur,Benjamin Harrison
170,1206,Chester A. Arthur,William McKinley
170,1080,Chester A. Arthur,Theodore Roosevelt
170,1189,Chester A. Arthur,William Howard Taft
170,1201,Chester A. Arthur,Woodrow Wilson
170,1170,Chester A. Arthur,Warren G. Harding
170,143,Chester A. Arthur,Calvin Coolidge
170,405,Chester A. Arthur,Herbert Hoover
170,292,Chester A. Arthur,Franklin D. Roosevelt
170,389,Chester A. Arthur,Harry S. Truman
170,228,Chester A. Arthur,Dwight D. Eisenhower
170,549,Chester A. Arthur,John F. Kennedy
170,688,Chester A. Arthur,Lyndon B. Johnson
170,968,Chester A. Arthur,Richard Nixon
170,340,Chester A. Arthur,Gerald Ford
170,548,Chester A. Arthur,Jimmy Carter
170,1036,Chester A. Arthur,Ronald Reagan
170,319,Chester A. Arthur,George H. W. Bush
170,119,Chester A. Arthur,Bill Clinton
170,330,Chester A. Arthur,George W. Bush
170,156,Chester A. Arthur,Barack Obama
170,298,Chester A. Arthur,Donald Trump
170,565,Chester A. Arthur,Joe Biden
170,246,Chester A. Arthur,Elbridge Gerry
170,192,Chester A. Arthur,Daniel D. Tompkins
170,538,Chester A. Arthur,John C. Calhoun
170,938,Chester A. Arthur,Richard Mentor Johnson
170,314,Chester A. Arthur,George M. Dallas
170,1187,Chester A. Arthur,William R. King
170,535,Chester A. Arthur,John C. Breckinridge
170,9,Chester A. Arthur,Adlai Stevenson I
170,302,Chester A. Arthur,Garret Hobart
170,160,Chester A. Arthur,Charles W. Fairbanks
170,481,Chester A. Arthur,James S. Sherman
170,1072,Chester A. Arthur,Thomas R. Marshall
170,153,Chester A. Arthur,Charles G. Dawes
170,561,Chester A. Arthur,John Nance Garner
170,409,Chester A. Arthur,Henry A. Wallace
170,24,Chester A. Arthur,Alben W. Barkley
170,419,Chester A. Arthur,Hubert Humphrey
170,832,Chester A. Arthur,Nelson Rockefeller
170,1169,Chester A. Arthur,Walter Mondale
170,211,Chester A. Arthur,Dick Cheney
170,773,Chester A. Arthur,Mike Pence
170,628,Chester A. Arthur,Kamala Harris
170,466,Chester A. Arthur,JD Vance
171,762,Charles de Gaulle,Michel Debré
171,329,Charles de Gaulle,Georges Pompidou
171,930,Charles de Gaulle,René Coty
171,16,Charles de Gaulle,Alain Poher
171,394,Charles de Gaulle,Henri Bergson
171,1223,Charles de Gaulle,Winston Churchill
171,501,Charles de Gaulle,Jean Casimir-Perier
171,1217,Charles de Gaulle,Émile Loubet
171,75,Charles de Gaulle,Armand Fallières
171,931,Charles de Gaulle,Raymond Poincaré
171,871,Charles de Gaulle,Paul Deschanel
171,37,Charles de Gaulle,Alexandre Millerand
171,305,Charles de Gaulle,Gaston Doumergue
171,874,Charles de Gaulle,Paul Doumer
171,1138,Charles de Gaulle,Vincent Auriol
171,1145,Charles de Gaulle,Valéry Giscard d'Estaing
171,299,Charles de Gaulle,François Mitterrand
171,474,Charles de Gaulle,Jacques Chirac
171,839,Charles de Gaulle,Nicolas Sarkozy
171,291,Charles de Gaulle,François Hollande
171,267,Charles de Gaulle,Emmanuel Macron
172,882,Christopher A. Pissarides,Peter A. Diamond
173,212,Charlie Baker,Deval Patrick
173,1230,Charlie Baker,Đại học Harvard
173,1195,Charlie Baker,William Weld
173,298,Charlie Baker,Donald Trump
173,578,Charlie Baker,John Volpe
173,913,Charlie Baker,Phil Murphy
173,785,Charlie Baker,Mitt Romney
173,526,Charlie Baker,Jill Stein
173,553,Charlie Baker,John Hancock
173,246,Charlie Baker,Elbridge Gerry
173,143,Charlie Baker,Calvin Coolidge
173,565,Charlie Baker,Joe Biden
173,831,Charlie Baker,Ned Lamont
173,505,Charlie Baker,Janet Mills
173,183,Charlie Baker,Chris Sununu
173,50,Charlie Baker,Andrew Cuomo
173,1107,Charlie Baker,Tom Wolf
173,202,Charlie Baker,Daniel McKee
173,898,Charlie Baker,Phil Scott
173,480,Charlie Baker,J. B. Pritzker
173,258,Charlie Baker,Eric Holcomb
173,636,Charlie Baker,Kim Reynolds
173,673,Charlie Baker,Laura Kelly
173,367,Charlie Baker,Gretchen Whitmer
173,1089,Charlie Baker,Tim Walz
173,903,Charlie Baker,Pete Ricketts
173,220,Charlie Baker,Doug Burgum
173,812,Charlie Baker,Mike DeWine
173,642,Charlie Baker,Kristi Noem
173,1091,Charlie Baker,Tony Evers
173,614,Charlie Baker,Kay Ivey
173,91,Charlie Baker,Asa Hutchinson
173,554,Charlie Baker,John Carney
173,979,Charlie Baker,Ron DeSantis
173,142,Charlie Baker,Brian Kemp
173,60,Charlie Baker,Andy Beshear
173,536,Charlie Baker,John Bel Edwards
173,650,Charlie Baker,Larry Hogan
173,1061,Charlie Baker,Tate Reeves
173,1008,Charlie Baker,Roy Cooper
173,624,Charlie Baker,Kevin Stitt
173,404,Charlie Baker,Henry McMaster
173,124,Charlie Baker,Bill Lee
173,365,Charlie Baker,Greg Abbott
173,946,Charlie Baker,Ralph Northam
173,534,Charlie Baker,Jim Justice
173,779,Charlie Baker,Mike Dunleavy
173,242,Charlie Baker,Doug Ducey
173,331,Charlie Baker,Gavin Newsom
173,502,Charlie Baker,Jared Polis
173,208,Charlie Baker,David Ige
173,140,Charlie Baker,Brad Little
173,388,Charlie Baker,Greg Gianforte
173,1060,Charlie Baker,Steve Sisolak
173,787,Charlie Baker,Michelle Lujan Grisham
173,612,Charlie Baker,Kate Brown
173,1030,Charlie Baker,Spencer Cox
173,506,Charlie Baker,Jay Inslee
173,736,Charlie Baker,Mark Gordon (chính trị gia)
173,540,Charlie Baker,Jerome Adams
173,213,Charlie Baker,Deborah Birx
173,86,Charlie Baker,Anthony Fauci
173,139,Charlie Baker,Brett Giroir
173,888,Charlie Baker,Peter Navarro
173,773,Charlie Baker,Mike Pence
173,976,Charlie Baker,Robert R. Redfield
174,1230,Christopher A. Sims,Đại học Harvard
174,1068,Christopher A. Sims,Thomas J. Sargent
174,1232,Christopher A. Sims,Đại học Yale
174,883,Christopher A. Sims,Paul Samuelson
174,1021,Christopher A. Sims,Simon Kuznets
174,551,Christopher A. Sims,John Hicks
174,621,Christopher A. Sims,Kenneth Arrow
174,295,Christopher A. Sims,Friedrich Hayek
174,794,Christopher A. Sims,Milton Friedman
174,112,Christopher A. Sims,Bertil Ohlin
174,494,Christopher A. Sims,James Meade
174,1062,Christopher A. Sims,Theodore Schultz
174,655,Christopher A. Sims,Lawrence Klein
174,485,Christopher A. Sims,James Tobin
174,320,Christopher A. Sims,George Stigler
174,364,Christopher A. Sims,Gérard Debreu
174,939,Christopher A. Sims,Richard Stone
174,281,Christopher A. Sims,Franco Modigliani
174,479,Christopher A. Sims,James M. Buchanan
174,975,Christopher A. Sims,Robert Solow
174,749,Christopher A. Sims,Maurice Allais
174,1092,Christopher A. Sims,Trygve Haavelmo
174,383,Christopher A. Sims,Harry Markowitz
174,759,Christopher A. Sims,Merton Miller
174,977,Christopher A. Sims,Ronald Coase
174,326,Christopher A. Sims,Gary Becker
174,957,Christopher A. Sims,Robert Fogel
174,221,Christopher A. Sims,Douglass North
174,956,Christopher A. Sims,"Robert Lucas, Jr."
174,476,Christopher A. Sims,James Mirrlees
174,1191,Christopher A. Sims,William Vickrey
174,805,Christopher A. Sims,Myron Scholes
174,54,Christopher A. Sims,Amartya Sen
174,962,Christopher A. Sims,Robert Mundell
174,472,Christopher A. Sims,James Heckman
174,310,Christopher A. Sims,George Akerlof
174,760,Christopher A. Sims,Michael Spence
174,587,Christopher A. Sims,Joseph Stiglitz
174,954,Christopher A. Sims,Robert F. Engle
174,194,Christopher A. Sims,Clive Granger
174,273,Christopher A. Sims,Finn E. Kydland
174,882,Christopher A. Sims,Peter A. Diamond
174,172,Christopher A. Sims,Christopher A. Pissarides
174,507,Christopher A. Sims,Jean Tirole
174,101,Christopher A. Sims,Bengt Holmström
174,941,Christopher A. Sims,Richard Thaler
174,262,Christopher A. Sims,Esther Duflo
174,580,Christopher A. Sims,Joshua Angrist
174,209,Christopher A. Sims,David Card
176,180,Chu Tiểu Xuyên,Chu Dung Cơ
177,1083,Christopher Hitchens,Thomas Jefferson
177,675,Christopher Hitchens,Lev Davidovich Trotsky
177,583,Christopher Hitchens,John Stuart Mill
177,921,Christopher Hitchens,Noam Chomsky
177,996,Christopher Hitchens,Salman Rushdie
177,260,Christopher Hitchens,Evelyn Waugh
178,288,Che Guevara,Fidel Castro
178,1183,Che Guevara,William Faulkner
178,497,Che Guevara,Jawaharlal Nehru
178,297,Che Guevara,Franz Kafka
178,369,Che Guevara,H. G. Wells
178,228,Che Guevara,Dwight D. Eisenhower
178,541,Che Guevara,John Foster Dulles
178,688,Che Guevara,Lyndon B. Johnson
179,659,Chuck Hagel,Leon Panetta
179,156,Chuck Hagel,Barack Obama
179,1036,Chuck Hagel,Ronald Reagan
179,391,Chuck Hagel,Harry Reid
180,342,Chu Dung Cơ,Giang Trạch Dân
180,829,Chu Dung Cơ,Ngô Bang Quốc
180,416,Chu Dung Cơ,Hoàng Cúc
180,1235,Chu Dung Cơ,Đặng Tiểu Bình
180,968,Chu Dung Cơ,Richard Nixon
180,408,Chu Dung Cơ,Henry Kissinger
180,817,Chu Dung Cơ,Nancy Pelosi
180,803,Chu Dung Cơ,Mikhail Sergeyevich Gorbachyov
180,119,Chu Dung Cơ,Bill Clinton
180,199,Chu Dung Cơ,Chu Ân Lai
180,702,Chu Dung Cơ,Lý Khắc Cường
180,433,Chu Dung Cơ,Hàn Chính (chính khách)
180,1167,Chu Dung Cơ,Tập Cận Bình
180,686,Chu Dung Cơ,Lý Cường
181,166,Chun Doo-hwan,Choi Kyu-hah
181,880,Chun Doo-hwan,Park Chung-hee
181,872,Chun Doo-hwan,Park Geun-hye
181,623,Chun Doo-hwan,Kim Young-sam
181,1036,Chun Doo-hwan,Ronald Reagan
181,198,Chun Doo-hwan,Corazon Aquino
181,813,Chun Doo-hwan,Moon Jae-in
181,700,Chun Doo-hwan,Lý Thừa Vãn
181,1208,Chun Doo-hwan,Yun Bo-seon
181,631,Chun Doo-hwan,Kim Dae-jung
181,674,Chun Doo-hwan,Lee Myung-bak
181,1216,Chun Doo-hwan,Yoon Suk-yeol
181,661,Chun Doo-hwan,Lee Jae-myung
182,272,Ciriaco De Mita,Francesco Cossiga
182,337,Ciriaco De Mita,Giulio Andreotti
182,77,Ciriaco De Mita,Arnaldo Forlani
182,32,Ciriaco De Mita,Aldo Moro
182,114,Ciriaco De Mita,Bettino Ricasoli
182,1124,Ciriaco De Mita,Urbano Rattazzi
182,274,Ciriaco De Mita,Francesco Crispi
182,335,Ciriaco De Mita,Giovanni Giolitti
182,676,Ciriaco De Mita,Luigi Luzzatti
182,64,Ciriaco De Mita,Antonio Salandra
182,29,Ciriaco De Mita,Alcide De Gasperi
182,334,Ciriaco De Mita,Giovanni Spadolini
182,113,Ciriaco De Mita,Bettino Craxi
182,336,Ciriaco De Mita,Giuliano Amato
182,1026,Ciriaco De Mita,Silvio Berlusconi
182,645,Ciriaco De Mita,Lamberto Dini
182,974,Ciriaco De Mita,Romano Prodi
182,733,Ciriaco De Mita,Mario Monti
182,255,Ciriaco De Mita,Enrico Letta
182,752,Ciriaco De Mita,Matteo Renzi
182,870,Ciriaco De Mita,Paolo Gentiloni
182,347,Ciriaco De Mita,Giuseppe Conte
182,739,Ciriaco De Mita,Mario Draghi
183,1150,Chris Sununu,Viện Công nghệ Massachusetts
183,565,Chris Sununu,Joe Biden
183,831,Chris Sununu,Ned Lamont
183,505,Chris Sununu,Janet Mills
183,173,Chris Sununu,Charlie Baker
183,913,Chris Sununu,Phil Murphy
183,50,Chris Sununu,Andrew Cuomo
183,1107,Chris Sununu,Tom Wolf
183,202,Chris Sununu,Daniel McKee
183,898,Chris Sununu,Phil Scott
183,480,Chris Sununu,J. B. Pritzker
183,258,Chris Sununu,Eric Holcomb
183,636,Chris Sununu,Kim Reynolds
183,673,Chris Sununu,Laura Kelly
183,367,Chris Sununu,Gretchen Whitmer
183,1089,Chris Sununu,Tim Walz
183,903,Chris Sununu,Pete Ricketts
183,220,Chris Sununu,Doug Burgum
183,812,Chris Sununu,Mike DeWine
183,642,Chris Sununu,Kristi Noem
183,1091,Chris Sununu,Tony Evers
183,614,Chris Sununu,Kay Ivey
183,91,Chris Sununu,Asa Hutchinson
183,554,Chris Sununu,John Carney
183,979,Chris Sununu,Ron DeSantis
183,142,Chris Sununu,Brian Kemp
183,60,Chris Sununu,Andy Beshear
183,536,Chris Sununu,John Bel Edwards
183,650,Chris Sununu,Larry Hogan
183,1061,Chris Sununu,Tate Reeves
183,1008,Chris Sununu,Roy Cooper
183,624,Chris Sununu,Kevin Stitt
183,404,Chris Sununu,Henry McMaster
183,124,Chris Sununu,Bill Lee
183,365,Chris Sununu,Greg Abbott
183,946,Chris Sununu,Ralph Northam
183,534,Chris Sununu,Jim Justice
183,779,Chris Sununu,Mike Dunleavy
183,242,Chris Sununu,Doug Ducey
183,331,Chris Sununu,Gavin Newsom
183,502,Chris Sununu,Jared Polis
183,208,Chris Sununu,David Ige
183,140,Chris Sununu,Brad Little
183,388,Chris Sununu,Greg Gianforte
183,1060,Chris Sununu,Steve Sisolak
183,787,Chris Sununu,Michelle Lujan Grisham
183,612,Chris Sununu,Kate Brown
183,1030,Chris Sununu,Spencer Cox
183,506,Chris Sununu,Jay Inslee
183,736,Chris Sununu,Mark Gordon (chính trị gia)
183,540,Chris Sununu,Jerome Adams
183,213,Chris Sununu,Deborah Birx
183,86,Chris Sununu,Anthony Fauci
183,139,Chris Sununu,Brett Giroir
183,888,Chris Sununu,Peter Navarro
183,773,Chris Sununu,Mike Pence
183,976,Chris Sununu,Robert R. Redfield
183,298,Chris Sununu,Donald Trump
184,465,Christopher Luxon,Jacinda Ardern
185,1067,Chuan Leekpai,Thaksin Shinawatra
185,910,Chuan Leekpai,Prem Tinsulanonda
185,1009,Chuan Leekpai,Seni Pramoj
185,637,Chuan Leekpai,Kukrit Pramoj
185,1040,Chuan Leekpai,Surayud Chulanont
185,995,Chuan Leekpai,Samak Sundaravej
185,1016,Chuan Leekpai,Somchai Wongsawat
185,162,Chuan Leekpai,Chavarat Charnvirakul
185,12,Chuan Leekpai,Abhisit Vejjajiva
185,1220,Chuan Leekpai,Yingluck Shinawatra
185,838,Chuan Leekpai,Niwatthamrong Boonsongpaisan
185,916,Chuan Leekpai,Prayut Chan-o-cha
185,907,Chuan Leekpai,Prawit Wongsuwan
185,1031,Chuan Leekpai,Srettha Thavisin
185,900,Chuan Leekpai,Phumtham Wechayachai
185,873,Chuan Leekpai,Paetongtarn Shinawatra
185,84,Chuan Leekpai,Anutin Charnvirakul
186,56,Claudia Sheinbaum,Andrés Manuel López Obrador
187,1223,Clement Attlee,Winston Churchill
187,62,Clement Attlee,Anthony Eden
187,1035,Clement Attlee,Stanley Baldwin
187,823,Clement Attlee,Neville Chamberlain
187,1233,Clement Attlee,Đại học Oxford
187,933,Clement Attlee,Ramsay MacDonald
188,330,Colin Powell,George W. Bush
188,200,Colin Powell,Condoleezza Rice
188,319,Colin Powell,George H. W. Bush
188,119,Colin Powell,Bill Clinton
188,1036,Colin Powell,Ronald Reagan
188,550,Colin Powell,John Jay
188,1083,Colin Powell,Thomas Jefferson
188,483,Colin Powell,James Madison
188,482,Colin Powell,James Monroe
188,562,Colin Powell,John Quincy Adams
188,538,Colin Powell,John C. Calhoun
188,469,Colin Powell,James Buchanan
188,1180,Colin Powell,William H. Seward
188,401,Colin Powell,Henry L. Stimson
188,206,Colin Powell,Dean Acheson
188,541,Colin Powell,John Foster Dulles
188,207,Colin Powell,Dean Rusk
188,1186,Colin Powell,William P. Rogers
188,408,Colin Powell,Henry Kissinger
188,422,Colin Powell,Hillary Clinton
188,947,Colin Powell,Rex Tillerson
188,776,Colin Powell,Mike Pompeo
188,70,Colin Powell,Antony Blinken
189,1228,Cory Booker,Đại học Stanford
189,1232,Cory Booker,Đại học Yale
190,1069,D. H. Lawrence,Thomas Hardy
190,1234,D. H. Lawrence,Đại học Cambridge
191,854,Dag Hammarskjöld,Nikita Sergeyevich Khrushchyov
191,549,Dag Hammarskjöld,John F. Kennedy
191,864,Dag Hammarskjöld,Olof Palme
191,654,Dag Hammarskjöld,Kurt Waldheim
191,127,Dag Hammarskjöld,Boutros Boutros-Ghali
191,627,Dag Hammarskjöld,Kofi Annan
191,100,Dag Hammarskjöld,Ban Ki-moon
191,74,Dag Hammarskjöld,António Guterres
192,482,Daniel D. Tompkins,James Monroe
192,246,Daniel D. Tompkins,Elbridge Gerry
192,538,Daniel D. Tompkins,John C. Calhoun
192,539,Daniel D. Tompkins,John Adams
192,1083,Daniel D. Tompkins,Thomas Jefferson
192,938,Daniel D. Tompkins,Richard Mentor Johnson
192,568,Daniel D. Tompkins,John Tyler
192,314,Daniel D. Tompkins,George M. Dallas
192,1187,Daniel D. Tompkins,William R. King
192,535,Daniel D. Tompkins,John C. Breckinridge
192,1179,Daniel D. Tompkins,William A. Wheeler
192,170,Daniel D. Tompkins,Chester A. Arthur
192,1066,Daniel D. Tompkins,Thomas A. Hendricks
192,9,Daniel D. Tompkins,Adlai Stevenson I
192,302,Daniel D. Tompkins,Garret Hobart
192,1080,Daniel D. Tompkins,Theodore Roosevelt
192,160,Daniel D. Tompkins,Charles W. Fairbanks
192,481,Daniel D. Tompkins,James S. Sherman
192,1072,Daniel D. Tompkins,Thomas R. Marshall
192,143,Daniel D. Tompkins,Calvin Coolidge
192,153,Daniel D. Tompkins,Charles G. Dawes
192,561,Daniel D. Tompkins,John Nance Garner
192,409,Daniel D. Tompkins,Henry A. Wallace
192,389,Daniel D. Tompkins,Harry S. Truman
192,24,Daniel D. Tompkins,Alben W. Barkley
192,968,Daniel D. Tompkins,Richard Nixon
192,688,Daniel D. Tompkins,Lyndon B. Johnson
192,419,Daniel D. Tompkins,Hubert Humphrey
192,340,Daniel D. Tompkins,Gerald Ford
192,832,Daniel D. Tompkins,Nelson Rockefeller
192,1169,Daniel D. Tompkins,Walter Mondale
192,319,Daniel D. Tompkins,George H. W. Bush
192,211,Daniel D. Tompkins,Dick Cheney
192,565,Daniel D. Tompkins,Joe Biden
192,773,Daniel D. Tompkins,Mike Pence
192,628,Daniel D. Tompkins,Kamala Harris
192,466,Daniel D. Tompkins,JD Vance
194,954,Clive Granger,Robert F. Engle
194,883,Clive Granger,Paul Samuelson
194,1021,Clive Granger,Simon Kuznets
194,551,Clive Granger,John Hicks
194,621,Clive Granger,Kenneth Arrow
194,295,Clive Granger,Friedrich Hayek
194,794,Clive Granger,Milton Friedman
194,112,Clive Granger,Bertil Ohlin
194,494,Clive Granger,James Meade
194,1062,Clive Granger,Theodore Schultz
194,655,Clive Granger,Lawrence Klein
194,485,Clive Granger,James Tobin
194,320,Clive Granger,George Stigler
194,364,Clive Granger,Gérard Debreu
194,939,Clive Granger,Richard Stone
194,281,Clive Granger,Franco Modigliani
194,479,Clive Granger,James M. Buchanan
194,975,Clive Granger,Robert Solow
194,749,Clive Granger,Maurice Allais
194,1092,Clive Granger,Trygve Haavelmo
194,383,Clive Granger,Harry Markowitz
194,759,Clive Granger,Merton Miller
194,977,Clive Granger,Ronald Coase
194,326,Clive Granger,Gary Becker
194,957,Clive Granger,Robert Fogel
194,221,Clive Granger,Douglass North
194,956,Clive Granger,"Robert Lucas, Jr."
194,476,Clive Granger,James Mirrlees
194,1191,Clive Granger,William Vickrey
194,805,Clive Granger,Myron Scholes
194,54,Clive Granger,Amartya Sen
194,962,Clive Granger,Robert Mundell
194,472,Clive Granger,James Heckman
194,310,Clive Granger,George Akerlof
194,760,Clive Granger,Michael Spence
194,587,Clive Granger,Joseph Stiglitz
194,273,Clive Granger,Finn E. Kydland
194,882,Clive Granger,Peter A. Diamond
194,172,Clive Granger,Christopher A. Pissarides
194,1068,Clive Granger,Thomas J. Sargent
194,174,Clive Granger,Christopher A. Sims
194,507,Clive Granger,Jean Tirole
194,101,Clive Granger,Bengt Holmström
194,941,Clive Granger,Richard Thaler
194,262,Clive Granger,Esther Duflo
194,580,Clive Granger,Joshua Angrist
194,209,Clive Granger,David Card
195,30,Cristina Fernández de Kirchner,Alberto Fernández
196,1150,Daron Acemoğlu,Viện Công nghệ Massachusetts
196,883,Daron Acemoğlu,Paul Samuelson
196,794,Daron Acemoğlu,Milton Friedman
196,485,Daron Acemoğlu,James Tobin
196,621,Daron Acemoğlu,Kenneth Arrow
196,655,Daron Acemoğlu,Lawrence Klein
196,975,Daron Acemoğlu,Robert Solow
196,326,Daron Acemoğlu,Gary Becker
196,587,Daron Acemoğlu,Joseph Stiglitz
196,760,Daron Acemoğlu,Michael Spence
196,472,Daron Acemoğlu,James Heckman
196,653,Daron Acemoğlu,Lawrence Summers
196,209,Daron Acemoğlu,David Card
196,262,Daron Acemoğlu,Esther Duflo
197,837,Cyril Ramaphosa,Nelson Mandela
197,816,Cyril Ramaphosa,Narendra Modi
197,7,Cyril Ramaphosa,Abdel Fattah el-Sisi
197,3,Cyril Ramaphosa,Abiy Ahmed
197,748,Cyril Ramaphosa,Masoud Pezeshkian
197,793,Cyril Ramaphosa,Mohamed bin Zayed Al Nahyan
197,906,Cyril Ramaphosa,Prabowo Subianto
198,271,Corazon Aquino,Ferdinand Marcos
198,99,Corazon Aquino,"Benigno Aquino, Jr."
198,104,Corazon Aquino,Benigno Aquino III
198,548,Corazon Aquino,Jimmy Carter
198,1036,Corazon Aquino,Ronald Reagan
198,277,Corazon Aquino,Fidel Ramos
198,574,Corazon Aquino,Joseph Estrada
198,837,Corazon Aquino,Nelson Mandela
198,761,Corazon Aquino,Mao Trạch Đông
198,488,Corazon Aquino,Hồ Chí Minh
198,1235,Corazon Aquino,Đặng Tiểu Bình
198,103,Corazon Aquino,Aung San Suu Kyi
198,1159,Corazon Aquino,Võ Nguyên Giáp
198,422,Corazon Aquino,Hillary Clinton
198,252,Corazon Aquino,Emilio Aguinaldo
198,721,Corazon Aquino,Manuel L. Quezon
198,1006,Corazon Aquino,Sergio Osmeña
198,718,Corazon Aquino,Manuel Roxas
198,588,Corazon Aquino,José P. Laurel
198,244,Corazon Aquino,Elpidio Quirino
198,932,Corazon Aquino,Ramon Magsaysay
198,150,Corazon Aquino,Carlos Polistico García
198,214,Corazon Aquino,Diosdado Macapagal
198,349,Corazon Aquino,Gloria Macapagal Arroyo
198,966,Corazon Aquino,Rodrigo Duterte
198,76,Corazon Aquino,Anwar Al-Sadad
198,983,Corazon Aquino,Ruhollah Khomeini
198,803,Corazon Aquino,Mikhail Sergeyevich Gorbachyov
198,319,Corazon Aquino,George H. W. Bush
198,119,Corazon Aquino,Bill Clinton
198,824,Corazon Aquino,Newt Gingrich
198,515,Corazon Aquino,Jeff Bezos
198,330,Corazon Aquino,George W. Bush
199,761,Chu Ân Lai,Mao Trạch Đông
199,1235,Chu Ân Lai,Đặng Tiểu Bình
199,1105,Chu Ân Lai,Trần Độc Tú
199,1125,Chu Ân Lai,Tưởng Giới Thạch
199,389,Chu Ân Lai,Harry S. Truman
199,321,Chu Ân Lai,George Marshall
199,408,Chu Ân Lai,Henry Kissinger
199,497,Chu Ân Lai,Jawaharlal Nehru
199,968,Chu Ân Lai,Richard Nixon
199,488,Chu Ân Lai,Hồ Chí Minh
199,180,Chu Ân Lai,Chu Dung Cơ
199,702,Chu Ân Lai,Lý Khắc Cường
199,218,Chu Ân Lai,Diệp Kiếm Anh
200,330,Condoleezza Rice,George W. Bush
200,188,Condoleezza Rice,Colin Powell
200,422,Condoleezza Rice,Hillary Clinton
200,1228,Condoleezza Rice,Đại học Stanford
200,68,Condoleezza Rice,Angela Merkel
200,548,Condoleezza Rice,Jimmy Carter
200,319,Condoleezza Rice,George H. W. Bush
200,803,Condoleezza Rice,Mikhail Sergeyevich Gorbachyov
200,968,Condoleezza Rice,Richard Nixon
200,408,Condoleezza Rice,Henry Kissinger
200,1153,Condoleezza Rice,Vladimir Vladimirovich Putin
200,839,Condoleezza Rice,Nicolas Sarkozy
200,119,Condoleezza Rice,Bill Clinton
200,668,Condoleezza Rice,Laura Bush
200,547,Condoleezza Rice,John Howard
200,550,Condoleezza Rice,John Jay
200,1083,Condoleezza Rice,Thomas Jefferson
200,483,Condoleezza Rice,James Madison
200,482,Condoleezza Rice,James Monroe
200,562,Condoleezza Rice,John Quincy Adams
200,538,Condoleezza Rice,John C. Calhoun
200,469,Condoleezza Rice,James Buchanan
200,1180,Condoleezza Rice,William H. Seward
200,401,Condoleezza Rice,Henry L. Stimson
200,206,Condoleezza Rice,Dean Acheson
200,541,Condoleezza Rice,John Foster Dulles
200,207,Condoleezza Rice,Dean Rusk
200,1186,Condoleezza Rice,William P. Rogers
200,947,Condoleezza Rice,Rex Tillerson
200,776,Condoleezza Rice,Mike Pompeo
200,70,Condoleezza Rice,Antony Blinken
201,1230,David Halberstam,Đại học Harvard
202,332,Daniel McKee,Gina Raimondo
202,1230,Daniel McKee,Đại học Harvard
202,565,Daniel McKee,Joe Biden
202,831,Daniel McKee,Ned Lamont
202,505,Daniel McKee,Janet Mills
202,173,Daniel McKee,Charlie Baker
202,183,Daniel McKee,Chris Sununu
202,913,Daniel McKee,Phil Murphy
202,50,Daniel McKee,Andrew Cuomo
202,1107,Daniel McKee,Tom Wolf
202,898,Daniel McKee,Phil Scott
202,480,Daniel McKee,J. B. Pritzker
202,258,Daniel McKee,Eric Holcomb
202,636,Daniel McKee,Kim Reynolds
202,673,Daniel McKee,Laura Kelly
202,367,Daniel McKee,Gretchen Whitmer
202,1089,Daniel McKee,Tim Walz
202,903,Daniel McKee,Pete Ricketts
202,220,Daniel McKee,Doug Burgum
202,812,Daniel McKee,Mike DeWine
202,642,Daniel McKee,Kristi Noem
202,1091,Daniel McKee,Tony Evers
202,614,Daniel McKee,Kay Ivey
202,91,Daniel McKee,Asa Hutchinson
202,554,Daniel McKee,John Carney
202,979,Daniel McKee,Ron DeSantis
202,142,Daniel McKee,Brian Kemp
202,60,Daniel McKee,Andy Beshear
202,536,Daniel McKee,John Bel Edwards
202,650,Daniel McKee,Larry Hogan
202,1061,Daniel McKee,Tate Reeves
202,1008,Daniel McKee,Roy Cooper
202,624,Daniel McKee,Kevin Stitt
202,404,Daniel McKee,Henry McMaster
202,124,Daniel McKee,Bill Lee
202,365,Daniel McKee,Greg Abbott
202,946,Daniel McKee,Ralph Northam
202,534,Daniel McKee,Jim Justice
202,779,Daniel McKee,Mike Dunleavy
202,242,Daniel McKee,Doug Ducey
202,331,Daniel McKee,Gavin Newsom
202,502,Daniel McKee,Jared Polis
202,208,Daniel McKee,David Ige
202,140,Daniel McKee,Brad Little
202,388,Daniel McKee,Greg Gianforte
202,1060,Daniel McKee,Steve Sisolak
202,787,Daniel McKee,Michelle Lujan Grisham
202,612,Daniel McKee,Kate Brown
202,1030,Daniel McKee,Spencer Cox
202,506,Daniel McKee,Jay Inslee
202,736,Daniel McKee,Mark Gordon (chính trị gia)
202,540,Daniel McKee,Jerome Adams
202,213,Daniel McKee,Deborah Birx
202,86,Daniel McKee,Anthony Fauci
202,139,Daniel McKee,Brett Giroir
202,888,Daniel McKee,Peter Navarro
202,773,Daniel McKee,Mike Pence
202,976,Daniel McKee,Robert R. Redfield
202,298,Daniel McKee,Donald Trump
203,959,David Cameron,Rishi Sunak
203,353,David Cameron,Gordon Brown
203,1065,David Cameron,Theresa May
203,1185,David Cameron,William Hague
203,316,David Cameron,George Osborne
203,1233,David Cameron,Đại học Oxford
203,972,David Cameron,Robert Walpole
203,312,David Cameron,George Grenville
203,1188,David Cameron,William Pitt Trẻ
203,397,David Cameron,"Henry Addington, Tử tước Sidmouth thứ 1"
203,1033,David Cameron,Spencer Perceval
203,308,David Cameron,George Canning
203,83,David Cameron,"Arthur Wellesley, Công tước thứ 1 xứ Wellington"
203,395,David Cameron,"Henry John Temple, Tử tước Palmerston thứ 3"
203,1035,David Cameron,Stanley Baldwin
203,933,David Cameron,Ramsay MacDonald
203,823,David Cameron,Neville Chamberlain
203,1223,David Cameron,Winston Churchill
203,187,David Cameron,Clement Attlee
203,62,David Cameron,Anthony Eden
203,380,David Cameron,Harold Macmillan
203,39,David Cameron,Alec Douglas-Home
203,381,David Cameron,Harold Wilson
203,477,David Cameron,James Callaghan
203,735,David Cameron,Margaret Thatcher
203,137,David Cameron,Boris Johnson
203,685,David Cameron,Liz Truss
203,618,David Cameron,Keir Starmer
205,590,David Lloyd Johnston,Julie Payette
205,1230,David Lloyd Johnston,Đại học Harvard
205,1234,David Lloyd Johnston,Đại học Cambridge
206,389,Dean Acheson,Harry S. Truman
206,541,Dean Acheson,John Foster Dulles
206,1232,Dean Acheson,Đại học Yale
206,1230,Dean Acheson,Đại học Harvard
206,688,Dean Acheson,Lyndon B. Johnson
206,549,Dean Acheson,John F. Kennedy
206,576,Dean Acheson,Joseph McCarthy
207,549,Dean Rusk,John F. Kennedy
207,688,Dean Rusk,Lyndon B. Johnson
207,1186,Dean Rusk,William P. Rogers
207,389,Dean Rusk,Harry S. Truman
207,1233,Dean Rusk,Đại học Oxford
207,955,Dean Rusk,Robert McNamara
207,1180,Dean Rusk,William H. Seward
208,298,David Ige,Donald Trump
208,565,David Ige,Joe Biden
208,1150,David Ige,Viện Công nghệ Massachusetts
208,330,David Ige,George W. Bush
208,156,David Ige,Barack Obama
208,831,David Ige,Ned Lamont
208,505,David Ige,Janet Mills
208,173,David Ige,Charlie Baker
208,183,David Ige,Chris Sununu
208,913,David Ige,Phil Murphy
208,50,David Ige,Andrew Cuomo
208,1107,David Ige,Tom Wolf
208,202,David Ige,Daniel McKee
208,898,David Ige,Phil Scott
208,480,David Ige,J. B. Pritzker
208,258,David Ige,Eric Holcomb
208,636,David Ige,Kim Reynolds
208,673,David Ige,Laura Kelly
208,367,David Ige,Gretchen Whitmer
208,1089,David Ige,Tim Walz
208,903,David Ige,Pete Ricketts
208,220,David Ige,Doug Burgum
208,812,David Ige,Mike DeWine
208,642,David Ige,Kristi Noem
208,1091,David Ige,Tony Evers
208,614,David Ige,Kay Ivey
208,91,David Ige,Asa Hutchinson
208,554,David Ige,John Carney
208,979,David Ige,Ron DeSantis
208,142,David Ige,Brian Kemp
208,60,David Ige,Andy Beshear
208,536,David Ige,John Bel Edwards
208,650,David Ige,Larry Hogan
208,1061,David Ige,Tate Reeves
208,1008,David Ige,Roy Cooper
208,624,David Ige,Kevin Stitt
208,404,David Ige,Henry McMaster
208,124,David Ige,Bill Lee
208,365,David Ige,Greg Abbott
208,946,David Ige,Ralph Northam
208,534,David Ige,Jim Justice
208,779,David Ige,Mike Dunleavy
208,242,David Ige,Doug Ducey
208,331,David Ige,Gavin Newsom
208,502,David Ige,Jared Polis
208,140,David Ige,Brad Little
208,388,David Ige,Greg Gianforte
208,1060,David Ige,Steve Sisolak
208,787,David Ige,Michelle Lujan Grisham
208,612,David Ige,Kate Brown
208,1030,David Ige,Spencer Cox
208,506,David Ige,Jay Inslee
208,736,David Ige,Mark Gordon (chính trị gia)
208,540,David Ige,Jerome Adams
208,213,David Ige,Deborah Birx
208,86,David Ige,Anthony Fauci
208,139,David Ige,Brett Giroir
208,888,David Ige,Peter Navarro
208,773,David Ige,Mike Pence
208,976,David Ige,Robert R. Redfield
209,580,David Card,Joshua Angrist
209,883,David Card,Paul Samuelson
209,1021,David Card,Simon Kuznets
209,551,David Card,John Hicks
209,621,David Card,Kenneth Arrow
209,295,David Card,Friedrich Hayek
209,794,David Card,Milton Friedman
209,112,David Card,Bertil Ohlin
209,494,David Card,James Meade
209,1062,David Card,Theodore Schultz
209,655,David Card,Lawrence Klein
209,485,David Card,James Tobin
209,320,David Card,George Stigler
209,364,David Card,Gérard Debreu
209,939,David Card,Richard Stone
209,281,David Card,Franco Modigliani
209,479,David Card,James M. Buchanan
209,975,David Card,Robert Solow
209,749,David Card,Maurice Allais
209,1092,David Card,Trygve Haavelmo
209,383,David Card,Harry Markowitz
209,759,David Card,Merton Miller
209,977,David Card,Ronald Coase
209,326,David Card,Gary Becker
209,957,David Card,Robert Fogel
209,221,David Card,Douglass North
209,956,David Card,"Robert Lucas, Jr."
209,476,David Card,James Mirrlees
209,1191,David Card,William Vickrey
209,805,David Card,Myron Scholes
209,54,David Card,Amartya Sen
209,962,David Card,Robert Mundell
209,472,David Card,James Heckman
209,310,David Card,George Akerlof
209,760,David Card,Michael Spence
209,587,David Card,Joseph Stiglitz
209,954,David Card,Robert F. Engle
209,194,David Card,Clive Granger
209,273,David Card,Finn E. Kydland
209,882,David Card,Peter A. Diamond
209,172,David Card,Christopher A. Pissarides
209,1068,David Card,Thomas J. Sargent
209,174,David Card,Christopher A. Sims
209,507,David Card,Jean Tirole
209,101,David Card,Bengt Holmström
209,941,David Card,Richard Thaler
209,262,David Card,Esther Duflo
209,653,David Card,Lawrence Summers
209,196,David Card,Daron Acemoğlu
210,156,David Petraeus,Barack Obama
210,659,David Petraeus,Leon Panetta
210,563,David Petraeus,John O. Brennan
210,321,David Petraeus,George Marshall
211,330,Dick Cheney,George W. Bush
211,565,Dick Cheney,Joe Biden
211,319,Dick Cheney,George H. W. Bush
211,824,Dick Cheney,Newt Gingrich
211,340,Dick Cheney,Gerald Ford
211,216,Dick Cheney,Donald Rumsfeld
211,1232,Dick Cheney,Đại học Yale
211,1169,Dick Cheney,Walter Mondale
211,628,Dick Cheney,Kamala Harris
211,591,Dick Cheney,John McCain
211,1010,Dick Cheney,Sarah Palin
211,539,Dick Cheney,John Adams
211,1083,Dick Cheney,Thomas Jefferson
211,246,Dick Cheney,Elbridge Gerry
211,192,Dick Cheney,Daniel D. Tompkins
211,538,Dick Cheney,John C. Calhoun
211,938,Dick Cheney,Richard Mentor Johnson
211,568,Dick Cheney,John Tyler
211,314,Dick Cheney,George M. Dallas
211,1187,Dick Cheney,William R. King
211,535,Dick Cheney,John C. Breckinridge
211,1179,Dick Cheney,William A. Wheeler
211,170,Dick Cheney,Chester A. Arthur
211,1066,Dick Cheney,Thomas A. Hendricks
211,9,Dick Cheney,Adlai Stevenson I
211,302,Dick Cheney,Garret Hobart
211,1080,Dick Cheney,Theodore Roosevelt
211,160,Dick Cheney,Charles W. Fairbanks
211,481,Dick Cheney,James S. Sherman
211,1072,Dick Cheney,Thomas R. Marshall
211,143,Dick Cheney,Calvin Coolidge
211,153,Dick Cheney,Charles G. Dawes
211,561,Dick Cheney,John Nance Garner
211,409,Dick Cheney,Henry A. Wallace
211,389,Dick Cheney,Harry S. Truman
211,24,Dick Cheney,Alben W. Barkley
211,968,Dick Cheney,Richard Nixon
211,688,Dick Cheney,Lyndon B. Johnson
211,419,Dick Cheney,Hubert Humphrey
211,832,Dick Cheney,Nelson Rockefeller
211,773,Dick Cheney,Mike Pence
211,466,Dick Cheney,JD Vance
212,785,Deval Patrick,Mitt Romney
212,119,Deval Patrick,Bill Clinton
212,1230,Deval Patrick,Đại học Harvard
212,553,Deval Patrick,John Hancock
212,246,Deval Patrick,Elbridge Gerry
212,143,Deval Patrick,Calvin Coolidge
212,578,Deval Patrick,John Volpe
212,1195,Deval Patrick,William Weld
212,173,Deval Patrick,Charlie Baker
213,773,Deborah Birx,Mike Pence
213,86,Deborah Birx,Anthony Fauci
213,156,Deborah Birx,Barack Obama
213,811,Deborah Birx,Mã Hiểu Vĩ
213,702,Deborah Birx,Lý Khắc Cường
214,150,Diosdado Macapagal,Carlos Polistico García
214,271,Diosdado Macapagal,Ferdinand Marcos
214,349,Diosdado Macapagal,Gloria Macapagal Arroyo
214,252,Diosdado Macapagal,Emilio Aguinaldo
214,721,Diosdado Macapagal,Manuel L. Quezon
214,1006,Diosdado Macapagal,Sergio Osmeña
214,718,Diosdado Macapagal,Manuel Roxas
214,588,Diosdado Macapagal,José P. Laurel
214,244,Diosdado Macapagal,Elpidio Quirino
214,932,Diosdado Macapagal,Ramon Magsaysay
214,198,Diosdado Macapagal,Corazon Aquino
214,277,Diosdado Macapagal,Fidel Ramos
214,574,Diosdado Macapagal,Joseph Estrada
214,104,Diosdado Macapagal,Benigno Aquino III
214,966,Diosdado Macapagal,Rodrigo Duterte
215,169,Dominique Strauss-Kahn,Christine Lagarde
216,330,Donald Rumsfeld,George W. Bush
216,340,Donald Rumsfeld,Gerald Ford
216,478,Donald Rumsfeld,James R. Schlesinger
216,211,Donald Rumsfeld,Dick Cheney
216,968,Donald Rumsfeld,Richard Nixon
217,474,Dominique de Villepin,Jacques Chirac
217,294,Dominique de Villepin,François Fillon
217,839,Dominique de Villepin,Nicolas Sarkozy
217,756,Dominique de Villepin,Michel Barnier
217,167,Dominique de Villepin,Charles-Maurice de Talleyrand-Périgord
217,287,Dominique de Villepin,François Arago
217,75,Dominique de Villepin,Armand Fallières
217,1217,Dominique de Villepin,Émile Loubet
217,501,Dominique de Villepin,Jean Casimir-Perier
217,322,Dominique de Villepin,Georges Clemenceau
217,931,Dominique de Villepin,Raymond Poincaré
217,305,Dominique de Villepin,Gaston Doumergue
217,37,Dominique de Villepin,Alexandre Millerand
217,171,Dominique de Villepin,Charles de Gaulle
217,1138,Dominique de Villepin,Vincent Auriol
217,915,Dominique de Villepin,Pierre Mendès France
217,762,Dominique de Villepin,Michel Debré
217,329,Dominique de Villepin,Georges Pompidou
217,461,Dominique de Villepin,Jacques Chaban-Delmas
217,652,Dominique de Villepin,Laurent Fabius
217,764,Dominique de Villepin,Michel Rocard
217,20,Dominique de Villepin,Alain Juppé
217,516,Dominique de Villepin,Jean-Marc Ayrault
217,726,Dominique de Villepin,Manuel Valls
217,111,Dominique de Villepin,Bernard Cazeneuve
217,1224,Dominique de Villepin,Édouard Philippe
217,311,Dominique de Villepin,Gabriel Attal
218,1128,Diệp Kiếm Anh,Tôn Trung Sơn
218,829,Diệp Kiếm Anh,Ngô Bang Quốc
218,1098,Diệp Kiếm Anh,Trương Đức Giang
218,354,Diệp Kiếm Anh,Giả Khánh Lâm
218,1082,Diệp Kiếm Anh,Thái Kỳ
218,239,Diệp Kiếm Anh,Doãn Lực
218,1162,Diệp Kiếm Anh,Vương Kỳ Sơn
218,1215,Diệp Kiếm Anh,Ân Dũng
218,1132,Diệp Kiếm Anh,Uông Dương
218,692,Diệp Kiếm Anh,Lý Hi
219,411,Donald Tusk,Herman Van Rompuy
219,159,Donald Tusk,Charles Michel
219,55,Donald Tusk,Andrzej Duda
219,745,Donald Tusk,Mateusz Morawiecki
219,656,Donald Tusk,Lech Kaczyński
219,132,Donald Tusk,Bronisław Komorowski
219,116,Donald Tusk,Bogdan Borusewicz
219,358,Donald Tusk,Grzegorz Schetyna
219,463,Donald Tusk,Jacek Rostowski
219,248,Donald Tusk,Elżbieta Bieńkowska
219,510,Donald Tusk,Jarosław Kaczyński
219,265,Donald Tusk,Ewa Kopacz
219,517,Donald Tusk,Jean-Claude Juncker
219,1200,Donald Tusk,Włodzimierz Cimoszewicz
219,525,Donald Tusk,Jerzy Buzek
219,95,Donald Tusk,Beata Szydło
219,603,Donald Tusk,Karl Nehammer
219,48,Donald Tusk,Andrej Babiš
219,757,Donald Tusk,Mette Frederiksen
219,598,Donald Tusk,Kaja Kallas
219,1004,Donald Tusk,Sanna Marin
219,267,Donald Tusk,Emmanuel Macron
219,862,Donald Tusk,Olaf Scholz
219,648,Donald Tusk,Kyriakos Mitsotakis
219,766,Donald Tusk,Micheál Martin
219,264,Donald Tusk,Evika Siliņa
219,338,Donald Tusk,Gitanas Nausėda
219,1199,Donald Tusk,Xavier Bettel
219,953,Donald Tusk,Robert Abela
219,741,Donald Tusk,Mark Rutte
219,72,Donald Tusk,António Costa
219,626,Donald Tusk,Klaus Iohannis
219,496,Donald Tusk,Janez Janša
219,887,Donald Tusk,Pedro Sánchez
219,708,Donald Tusk,Magdalena Andersson
220,1228,Doug Burgum,Đại học Stanford
220,1005,Doug Burgum,Satya Nadella
220,298,Doug Burgum,Donald Trump
220,502,Doug Burgum,Jared Polis
220,565,Doug Burgum,Joe Biden
220,831,Doug Burgum,Ned Lamont
220,505,Doug Burgum,Janet Mills
220,173,Doug Burgum,Charlie Baker
220,183,Doug Burgum,Chris Sununu
220,913,Doug Burgum,Phil Murphy
220,50,Doug Burgum,Andrew Cuomo
220,1107,Doug Burgum,Tom Wolf
220,202,Doug Burgum,Daniel McKee
220,898,Doug Burgum,Phil Scott
220,480,Doug Burgum,J. B. Pritzker
220,258,Doug Burgum,Eric Holcomb
220,636,Doug Burgum,Kim Reynolds
220,673,Doug Burgum,Laura Kelly
220,367,Doug Burgum,Gretchen Whitmer
220,1089,Doug Burgum,Tim Walz
220,903,Doug Burgum,Pete Ricketts
220,812,Doug Burgum,Mike DeWine
220,642,Doug Burgum,Kristi Noem
220,1091,Doug Burgum,Tony Evers
220,614,Doug Burgum,Kay Ivey
220,91,Doug Burgum,Asa Hutchinson
220,554,Doug Burgum,John Carney
220,979,Doug Burgum,Ron DeSantis
220,142,Doug Burgum,Brian Kemp
220,60,Doug Burgum,Andy Beshear
220,536,Doug Burgum,John Bel Edwards
220,650,Doug Burgum,Larry Hogan
220,1061,Doug Burgum,Tate Reeves
220,1008,Doug Burgum,Roy Cooper
220,624,Doug Burgum,Kevin Stitt
220,404,Doug Burgum,Henry McMaster
220,124,Doug Burgum,Bill Lee
220,365,Doug Burgum,Greg Abbott
220,946,Doug Burgum,Ralph Northam
220,534,Doug Burgum,Jim Justice
220,779,Doug Burgum,Mike Dunleavy
220,242,Doug Burgum,Doug Ducey
220,331,Doug Burgum,Gavin Newsom
220,208,Doug Burgum,David Ige
220,140,Doug Burgum,Brad Little
220,388,Doug Burgum,Greg Gianforte
220,1060,Doug Burgum,Steve Sisolak
220,787,Doug Burgum,Michelle Lujan Grisham
220,612,Doug Burgum,Kate Brown
220,1030,Doug Burgum,Spencer Cox
220,506,Doug Burgum,Jay Inslee
220,736,Doug Burgum,Mark Gordon (chính trị gia)
220,540,Doug Burgum,Jerome Adams
220,213,Doug Burgum,Deborah Birx
220,86,Doug Burgum,Anthony Fauci
220,139,Doug Burgum,Brett Giroir
220,888,Doug Burgum,Peter Navarro
220,773,Doug Burgum,Mike Pence
220,976,Doug Burgum,Robert R. Redfield
221,1228,Douglass North,Đại học Stanford
221,1234,Douglass North,Đại học Cambridge
221,1230,Douglass North,Đại học Harvard
221,883,Douglass North,Paul Samuelson
221,1021,Douglass North,Simon Kuznets
221,551,Douglass North,John Hicks
221,621,Douglass North,Kenneth Arrow
221,295,Douglass North,Friedrich Hayek
221,794,Douglass North,Milton Friedman
221,112,Douglass North,Bertil Ohlin
221,494,Douglass North,James Meade
221,1062,Douglass North,Theodore Schultz
221,655,Douglass North,Lawrence Klein
221,485,Douglass North,James Tobin
221,320,Douglass North,George Stigler
221,364,Douglass North,Gérard Debreu
221,939,Douglass North,Richard Stone
221,281,Douglass North,Franco Modigliani
221,479,Douglass North,James M. Buchanan
221,975,Douglass North,Robert Solow
221,749,Douglass North,Maurice Allais
221,1092,Douglass North,Trygve Haavelmo
221,383,Douglass North,Harry Markowitz
221,759,Douglass North,Merton Miller
221,977,Douglass North,Ronald Coase
221,326,Douglass North,Gary Becker
221,957,Douglass North,Robert Fogel
221,956,Douglass North,"Robert Lucas, Jr."
221,476,Douglass North,James Mirrlees
221,1191,Douglass North,William Vickrey
221,805,Douglass North,Myron Scholes
221,54,Douglass North,Amartya Sen
221,962,Douglass North,Robert Mundell
221,472,Douglass North,James Heckman
221,310,Douglass North,George Akerlof
221,760,Douglass North,Michael Spence
221,587,Douglass North,Joseph Stiglitz
221,954,Douglass North,Robert F. Engle
221,194,Douglass North,Clive Granger
221,273,Douglass North,Finn E. Kydland
221,882,Douglass North,Peter A. Diamond
221,172,Douglass North,Christopher A. Pissarides
221,1068,Douglass North,Thomas J. Sargent
221,174,Douglass North,Christopher A. Sims
221,507,Douglass North,Jean Tirole
221,101,Douglass North,Bengt Holmström
221,941,Douglass North,Richard Thaler
221,262,Douglass North,Esther Duflo
221,580,Douglass North,Joshua Angrist
221,209,Douglass North,David Card
223,816,Droupadi Murmu,Narendra Modi
223,926,Droupadi Murmu,Ram Nath Kovind
223,908,Droupadi Murmu,Pratibha Patil
223,925,Droupadi Murmu,Rajendra Prasad
223,998,Droupadi Murmu,Sarvepalli Radhakrishnan
223,1218,Droupadi Murmu,Zakir Husain (chính trị gia)
223,1129,Droupadi Murmu,V. V. Giri
223,789,Droupadi Murmu,Mohammad Hidayatullah
223,266,Droupadi Murmu,Fakhruddin Ali Ahmed
223,93,Droupadi Murmu,B. D. Jatti
223,818,Droupadi Murmu,Neelam Sanjiva Reddy
223,1209,Droupadi Murmu,Zail Singh
223,917,Droupadi Murmu,R. Venkataraman
223,1013,Droupadi Murmu,Shankar Dayal Sharma
223,596,Droupadi Murmu,K. R. Narayanan
223,6,Droupadi Murmu,A. P. J. Abdul Kalam
223,909,Droupadi Murmu,Pranab Mukherjee
223,504,Droupadi Murmu,Javier Milei
223,1167,Droupadi Murmu,Tập Cận Bình
223,159,Droupadi Murmu,Charles Michel
223,267,Droupadi Murmu,Emmanuel Macron
223,284,Droupadi Murmu,Frank-Walter Steinmeier
223,570,Droupadi Murmu,Joko Widodo
223,1012,Droupadi Murmu,Sergio Mattarella
223,56,Droupadi Murmu,Andrés Manuel López Obrador
223,197,Droupadi Murmu,Cyril Ramaphosa
223,1216,Droupadi Murmu,Yoon Suk-yeol
223,928,Droupadi Murmu,Recep Tayyip Erdoğan
223,298,Droupadi Murmu,Donald Trump
224,715,Dương Chấn Vũ,Lật Chiến Thư
224,698,Dương Chấn Vũ,Lưu Kỳ (sinh năm 1957)
224,702,Dương Chấn Vũ,Lý Khắc Cường
224,1167,Dương Chấn Vũ,Tập Cận Bình
224,1071,Dương Chấn Vũ,Thái Danh Chiếu
225,628,Doug Emhoff,Kamala Harris
225,602,Doug Emhoff,Karen Pence
225,565,Doug Emhoff,Joe Biden
226,406,Dries van Agt,Helmut Kohl
226,1169,Dries van Agt,Walter Mondale
226,735,Dries van Agt,Margaret Thatcher
226,398,Dries van Agt,Helmut Schmidt
226,741,Dries van Agt,Mark Rutte
227,1153,Dmitry Anatolyevich Medvedev,Vladimir Vladimirovich Putin
227,720,Dmitry Anatolyevich Medvedev,Manmohan Singh
227,457,Dmitry Anatolyevich Medvedev,Hồ Cẩm Đào
227,125,Dmitry Anatolyevich Medvedev,Boris Tadić
227,803,Dmitry Anatolyevich Medvedev,Mikhail Sergeyevich Gorbachyov
227,839,Dmitry Anatolyevich Medvedev,Nicolas Sarkozy
227,102,Dmitry Anatolyevich Medvedev,Bashar al-Assad
227,833,Dmitry Anatolyevich Medvedev,Nguyễn Minh Triết
227,135,Dmitry Anatolyevich Medvedev,Boris Nikolayevich Yeltsin
227,450,Dmitry Anatolyevich Medvedev,Ivan Logginovich Goremykin
227,1160,Dmitry Anatolyevich Medvedev,Vladimir Ilyich Lenin
227,324,Dmitry Anatolyevich Medvedev,Georgy Maksimilianovich Malenkov
227,854,Dmitry Anatolyevich Medvedev,Nikita Sergeyevich Khrushchyov
227,1198,Dmitry Anatolyevich Medvedev,Yegor Timurovich Gaidar
227,1207,Dmitry Anatolyevich Medvedev,Yevgeny Maksimovich Primakov
228,968,Dwight D. Eisenhower,Richard Nixon
228,389,Dwight D. Eisenhower,Harry S. Truman
228,549,Dwight D. Eisenhower,John F. Kennedy
228,321,Dwight D. Eisenhower,George Marshall
228,1232,Dwight D. Eisenhower,Đại học Yale
228,1223,Dwight D. Eisenhower,Winston Churchill
228,292,Dwight D. Eisenhower,Franklin D. Roosevelt
228,171,Dwight D. Eisenhower,Charles de Gaulle
228,514,Dwight D. Eisenhower,Jean de Lattre de Tassigny
228,576,Dwight D. Eisenhower,Joseph McCarthy
228,469,Dwight D. Eisenhower,James Buchanan
228,1189,Dwight D. Eisenhower,William Howard Taft
228,405,Dwight D. Eisenhower,Herbert Hoover
228,854,Dwight D. Eisenhower,Nikita Sergeyevich Khrushchyov
228,280,Dwight D. Eisenhower,Francisco Franco
228,798,Dwight D. Eisenhower,Mohammad Mosaddegh
228,1080,Dwight D. Eisenhower,Theodore Roosevelt
228,53,Dwight D. Eisenhower,Allen Dulles
228,541,Dwight D. Eisenhower,John Foster Dulles
228,842,Dwight D. Eisenhower,Ngô Đình Diệm
228,230,Dwight D. Eisenhower,Earl Warren
228,688,Dwight D. Eisenhower,Lyndon B. Johnson
228,548,Dwight D. Eisenhower,Jimmy Carter
228,735,Dwight D. Eisenhower,Margaret Thatcher
228,539,Dwight D. Eisenhower,John Adams
228,1083,Dwight D. Eisenhower,Thomas Jefferson
228,483,Dwight D. Eisenhower,James Madison
228,482,Dwight D. Eisenhower,James Monroe
228,562,Dwight D. Eisenhower,John Quincy Adams
228,1190,Dwight D. Eisenhower,William Henry Harrison
228,568,Dwight D. Eisenhower,John Tyler
228,473,Dwight D. Eisenhower,James K. Polk
228,286,Dwight D. Eisenhower,Franklin Pierce
228,1127,Dwight D. Eisenhower,Ulysses S. Grant
228,993,Dwight D. Eisenhower,Rutherford B. Hayes
228,470,Dwight D. Eisenhower,James A. Garfield
228,170,Dwight D. Eisenhower,Chester A. Arthur
228,108,Dwight D. Eisenhower,Benjamin Harrison
228,1206,Dwight D. Eisenhower,William McKinley
228,1201,Dwight D. Eisenhower,Woodrow Wilson
228,1170,Dwight D. Eisenhower,Warren G. Harding
228,143,Dwight D. Eisenhower,Calvin Coolidge
228,340,Dwight D. Eisenhower,Gerald Ford
228,1036,Dwight D. Eisenhower,Ronald Reagan
228,319,Dwight D. Eisenhower,George H. W. Bush
228,119,Dwight D. Eisenhower,Bill Clinton
228,330,Dwight D. Eisenhower,George W. Bush
228,156,Dwight D. Eisenhower,Barack Obama
228,298,Dwight D. Eisenhower,Donald Trump
228,565,Dwight D. Eisenhower,Joe Biden
229,1149,Dương Văn Minh,Vũ Văn Mẫu
229,842,Dương Văn Minh,Ngô Đình Diệm
229,827,Dương Văn Minh,Nguyễn Khánh
229,835,Dương Văn Minh,Ngô Đình Nhu
229,856,Dương Văn Minh,Nguyễn Văn Thiệu
229,1114,Dương Văn Minh,Trần Văn Đôn
229,681,Dương Văn Minh,Lê Văn Kim
229,1125,Dương Văn Minh,Tưởng Giới Thạch
230,228,Earl Warren,Dwight D. Eisenhower
230,346,Earl Warren,Goodwin Knight
231,1235,Dương Đắc Chí,Đặng Tiểu Bình
231,684,Dương Đắc Chí,Lý Cán Kiệt
232,702,Dịch Hội Mãn,Lý Khắc Cường
232,1167,Dịch Hội Mãn,Tập Cận Bình
233,527,Edwin Linkomies,Johan Wilhelm Rangell
234,264,Edgars Rinkēvičs,Evika Siliņa
234,1133,Edgars Rinkēvičs,Valdis Dombrovskis
234,649,Edgars Rinkēvičs,Laimdota Straujuma
235,44,Edmund Barton,Alfred Deakin
235,318,Edmund Barton,George Reid (chính khách Úc)
235,52,Edmund Barton,Andrew Fisher
235,1032,Edmund Barton,Stanley Bruce
235,236,Edmund Barton,Earle Page
235,960,Edmund Barton,Robert Menzies
235,282,Edmund Barton,Frank Forde
235,377,Edmund Barton,Harold Holt
235,559,Edmund Barton,John McEwen
235,543,Edmund Barton,John Gorton
235,1184,Edmund Barton,William McMahon
235,348,Edmund Barton,Gough Whitlam
235,714,Edmund Barton,Malcolm Fraser
235,120,Edmund Barton,Bob Hawke
235,547,Edmund Barton,John Howard
235,620,Edmund Barton,Kevin Rudd
235,597,Edmund Barton,Julia Gillard
235,1084,Edmund Barton,Tony Abbott
235,717,Edmund Barton,Malcolm Turnbull
235,1003,Edmund Barton,Scott Morrison
235,63,Edmund Barton,Anthony Albanese
236,960,Earle Page,Robert Menzies
236,1032,Earle Page,Stanley Bruce
236,235,Earle Page,Edmund Barton
236,44,Earle Page,Alfred Deakin
236,318,Earle Page,George Reid (chính khách Úc)
236,52,Earle Page,Andrew Fisher
236,282,Earle Page,Frank Forde
236,377,Earle Page,Harold Holt
236,559,Earle Page,John McEwen
236,543,Earle Page,John Gorton
236,1184,Earle Page,William McMahon
236,348,Earle Page,Gough Whitlam
236,714,Earle Page,Malcolm Fraser
236,120,Earle Page,Bob Hawke
236,547,Earle Page,John Howard
236,620,Earle Page,Kevin Rudd
236,597,Earle Page,Julia Gillard
236,1084,Earle Page,Tony Abbott
236,717,Earle Page,Malcolm Turnbull
236,1003,Earle Page,Scott Morrison
236,63,Earle Page,Anthony Albanese
238,1107,Ed Rendell,Tom Wolf
238,582,Ed Rendell,Josh Shapiro
239,1082,Doãn Lực,Thái Kỳ
239,1167,Doãn Lực,Tập Cận Bình
239,1146,Doãn Lực,Vu Vĩ Quốc
239,1230,Doãn Lực,Đại học Harvard
239,1178,Doãn Lực,Vương Đông Minh
239,686,Doãn Lực,Lý Cường
239,1094,Doãn Lực,Triệu Lạc Tế
239,1168,Doãn Lực,Vương Hỗ Ninh
239,1231,Doãn Lực,Đinh Tiết Tường
239,692,Doãn Lực,Lý Hi
239,1081,Doãn Lực,Thạch Thái Phong
239,709,Doãn Lực,Lưu Quốc Trung
239,684,Doãn Lực,Lý Cán Kiệt
239,691,Doãn Lực,Lý Thư Lỗi
239,697,Doãn Lực,Lý Hồng Trung
239,427,Doãn Lực,Hà Vệ Đông
239,431,Doãn Lực,Hà Lập Phong
239,1140,Doãn Lực,Trương Quốc Thanh
239,1108,Doãn Lực,Trần Văn Thanh (chính khách Trung Quốc)
239,1106,Doãn Lực,Trần Mẫn Nhĩ
239,701,Doãn Lực,Lưu Kim Quốc
239,1174,Doãn Lực,Vương Tiểu Hồng
239,433,Doãn Lực,Hàn Chính (chính khách)
239,834,Doãn Lực,Ngô Chính Long
239,1104,Doãn Lực,Thầm Di Cầm
239,1077,Doãn Lực,Thẩm Dược Dược
239,1096,Doãn Lực,Trương Quân
239,702,Doãn Lực,Lý Khắc Cường
239,715,Doãn Lực,Lật Chiến Thư
239,1132,Doãn Lực,Uông Dương
239,1162,Doãn Lực,Vương Kỳ Sơn
239,1095,Doãn Lực,Triệu Khắc Chí
239,430,Doãn Lực,Hạ Bảo Long
239,354,Doãn Lực,Giả Khánh Lâm
239,218,Doãn Lực,Diệp Kiếm Anh
239,1215,Doãn Lực,Ân Dũng
239,826,Doãn Lực,Nghê Nhạc Phong
239,651,Doãn Lực,Lam Phật An
239,1119,Doãn Lực,Trịnh Sách Khiết
239,429,Doãn Lực,Hác Bằng
239,683,Doãn Lực,Lâu Cần Kiệm
239,698,Doãn Lực,Lưu Kỳ (sinh năm 1957)
239,1227,Doãn Lực,Đỗ Gia Hào
239,98,Doãn Lực,Bayanqolu
239,712,Doãn Lực,Lộc Tâm Xã
239,1226,Doãn Lực,Đường Lương Trí
239,689,Doãn Lực,Lý Quốc Anh
239,1166,Doãn Lực,Vương Văn Đào
240,133,Ehud Barak,Benjamin Netanyahu
240,81,Ehud Barak,Ariel Sharon
240,249,Ehud Barak,Ehud Olmert
240,1024,Ehud Barak,Shimon Peres
240,148,Ehud Barak,Chaim Herzog
240,1228,Ehud Barak,Đại học Stanford
240,200,Ehud Barak,Condoleezza Rice
240,797,Ehud Barak,Moshe Sharett
240,356,Ehud Barak,Golda Meir
240,758,Ehud Barak,Menachem Begin
240,821,Ehud Barak,Naftali Bennett
241,469,Edwin Stanton,James Buchanan
241,1180,Edwin Stanton,William H. Seward
242,365,Doug Ducey,Greg Abbott
242,591,Doug Ducey,John McCain
242,1053,Doug Ducey,Ted Cruz
242,1001,Doug Ducey,Scott Walker (chính khách)
242,773,Doug Ducey,Mike Pence
242,298,Doug Ducey,Donald Trump
242,565,Doug Ducey,Joe Biden
242,831,Doug Ducey,Ned Lamont
242,505,Doug Ducey,Janet Mills
242,173,Doug Ducey,Charlie Baker
242,183,Doug Ducey,Chris Sununu
242,913,Doug Ducey,Phil Murphy
242,50,Doug Ducey,Andrew Cuomo
242,1107,Doug Ducey,Tom Wolf
242,202,Doug Ducey,Daniel McKee
242,898,Doug Ducey,Phil Scott
242,480,Doug Ducey,J. B. Pritzker
242,258,Doug Ducey,Eric Holcomb
242,636,Doug Ducey,Kim Reynolds
242,673,Doug Ducey,Laura Kelly
242,367,Doug Ducey,Gretchen Whitmer
242,1089,Doug Ducey,Tim Walz
242,903,Doug Ducey,Pete Ricketts
242,220,Doug Ducey,Doug Burgum
242,812,Doug Ducey,Mike DeWine
242,642,Doug Ducey,Kristi Noem
242,1091,Doug Ducey,Tony Evers
242,614,Doug Ducey,Kay Ivey
242,91,Doug Ducey,Asa Hutchinson
242,554,Doug Ducey,John Carney
242,979,Doug Ducey,Ron DeSantis
242,142,Doug Ducey,Brian Kemp
242,60,Doug Ducey,Andy Beshear
242,536,Doug Ducey,John Bel Edwards
242,650,Doug Ducey,Larry Hogan
242,1061,Doug Ducey,Tate Reeves
242,1008,Doug Ducey,Roy Cooper
242,624,Doug Ducey,Kevin Stitt
242,404,Doug Ducey,Henry McMaster
242,124,Doug Ducey,Bill Lee
242,946,Doug Ducey,Ralph Northam
242,534,Doug Ducey,Jim Justice
242,779,Doug Ducey,Mike Dunleavy
242,331,Doug Ducey,Gavin Newsom
242,502,Doug Ducey,Jared Polis
242,208,Doug Ducey,David Ige
242,140,Doug Ducey,Brad Little
242,388,Doug Ducey,Greg Gianforte
242,1060,Doug Ducey,Steve Sisolak
242,787,Doug Ducey,Michelle Lujan Grisham
242,612,Doug Ducey,Kate Brown
242,1030,Doug Ducey,Spencer Cox
242,506,Doug Ducey,Jay Inslee
242,736,Doug Ducey,Mark Gordon (chính trị gia)
242,540,Doug Ducey,Jerome Adams
242,213,Doug Ducey,Deborah Birx
242,86,Doug Ducey,Anthony Fauci
242,139,Doug Ducey,Brett Giroir
242,888,Doug Ducey,Peter Navarro
242,976,Doug Ducey,Robert R. Redfield
243,573,Ellen Johnson Sirleaf,Joseph Boakai
243,339,Ellen Johnson Sirleaf,George Weah
244,718,Elpidio Quirino,Manuel Roxas
244,932,Elpidio Quirino,Ramon Magsaysay
244,1006,Elpidio Quirino,Sergio Osmeña
244,721,Elpidio Quirino,Manuel L. Quezon
244,252,Elpidio Quirino,Emilio Aguinaldo
244,588,Elpidio Quirino,José P. Laurel
244,150,Elpidio Quirino,Carlos Polistico García
244,214,Elpidio Quirino,Diosdado Macapagal
244,271,Elpidio Quirino,Ferdinand Marcos
244,198,Elpidio Quirino,Corazon Aquino
244,277,Elpidio Quirino,Fidel Ramos
244,574,Elpidio Quirino,Joseph Estrada
244,349,Elpidio Quirino,Gloria Macapagal Arroyo
244,104,Elpidio Quirino,Benigno Aquino III
244,966,Elpidio Quirino,Rodrigo Duterte
246,483,Elbridge Gerry,James Madison
246,192,Elbridge Gerry,Daniel D. Tompkins
246,553,Elbridge Gerry,John Hancock
246,143,Elbridge Gerry,Calvin Coolidge
246,578,Elbridge Gerry,John Volpe
246,1195,Elbridge Gerry,William Weld
246,785,Elbridge Gerry,Mitt Romney
246,212,Elbridge Gerry,Deval Patrick
246,173,Elbridge Gerry,Charlie Baker
247,1073,Elias Canetti,Thomas Mann
247,1063,Elias Canetti,Theodor Mommsen
247,579,Elias Canetti,José Echegaray
247,394,Elias Canetti,Henri Bergson
247,682,Elias Canetti,Luigi Pirandello
247,970,Elias Canetti,Roger Martin du Gard
247,1047,Elias Canetti,T. S. Eliot
247,1183,Elias Canetti,William Faulkner
247,1223,Elias Canetti,Winston Churchill
247,453,Elias Canetti,Ivo Andrić
247,768,Elias Canetti,Miguel Ángel Asturias
247,392,Elias Canetti,Heinrich Böll
247,853,Elias Canetti,Odysseas Elytis
247,307,Elias Canetti,Gabriel García Márquez
247,1182,Elias Canetti,William Golding
247,146,Elias Canetti,Camilo José Cela
247,147,Elias Canetti,Cao Hành Kiện
247,610,Elias Canetti,Kazuo Ishiguro
248,756,Elżbieta Bieńkowska,Michel Barnier
248,463,Elżbieta Bieńkowska,Jacek Rostowski
248,517,Elżbieta Bieńkowska,Jean-Claude Juncker
248,219,Elżbieta Bieńkowska,Donald Tusk
249,1024,Ehud Olmert,Shimon Peres
249,81,Ehud Olmert,Ariel Sharon
249,133,Ehud Olmert,Benjamin Netanyahu
249,758,Ehud Olmert,Menachem Begin
249,330,Ehud Olmert,George W. Bush
249,443,Ehud Olmert,Isaac Herzog
249,200,Ehud Olmert,Condoleezza Rice
249,707,Ehud Olmert,Mahmoud Abbas
249,719,Ehud Olmert,Mahmud Ahmadinezhad
249,797,Ehud Olmert,Moshe Sharett
249,356,Ehud Olmert,Golda Meir
249,240,Ehud Olmert,Ehud Barak
249,821,Ehud Olmert,Naftali Bennett
250,1230,Elizabeth Warren,Đại học Harvard
250,156,Elizabeth Warren,Barack Obama
250,422,Elizabeth Warren,Hillary Clinton
250,1053,Elizabeth Warren,Ted Cruz
251,29,Enrico De Nicola,Alcide De Gasperi
251,672,Enrico De Nicola,Luigi Einaudi
252,721,Emilio Aguinaldo,Manuel L. Quezon
252,1080,Emilio Aguinaldo,Theodore Roosevelt
252,244,Emilio Aguinaldo,Elpidio Quirino
252,214,Emilio Aguinaldo,Diosdado Macapagal
253,740,Enda Kenny,Mary McAleese
253,128,Enda Kenny,Brian Cowen
253,766,Enda Kenny,Micheál Martin
254,963,Emmerson Mnangagwa,Robert Mugabe
255,333,Enrico Letta,Giorgio Napolitano
255,733,Enrico Letta,Mario Monti
255,752,Enrico Letta,Matteo Renzi
255,974,Enrico Letta,Romano Prodi
255,336,Enrico Letta,Giuliano Amato
255,645,Enrico Letta,Lamberto Dini
255,1026,Enrico Letta,Silvio Berlusconi
255,114,Enrico Letta,Bettino Ricasoli
255,1124,Enrico Letta,Urbano Rattazzi
255,274,Enrico Letta,Francesco Crispi
255,335,Enrico Letta,Giovanni Giolitti
255,676,Enrico Letta,Luigi Luzzatti
255,64,Enrico Letta,Antonio Salandra
255,29,Enrico Letta,Alcide De Gasperi
255,32,Enrico Letta,Aldo Moro
255,337,Enrico Letta,Giulio Andreotti
255,272,Enrico Letta,Francesco Cossiga
255,77,Enrico Letta,Arnaldo Forlani
255,334,Enrico Letta,Giovanni Spadolini
255,113,Enrico Letta,Bettino Craxi
255,870,Enrico Letta,Paolo Gentiloni
255,347,Enrico Letta,Giuseppe Conte
255,739,Enrico Letta,Mario Draghi
256,1135,Ernesto Zedillo,Vicente Fox
256,1232,Ernesto Zedillo,Đại học Yale
256,363,Ernesto Zedillo,Guadalupe Victoria
256,276,Ernesto Zedillo,Francisco I. Madero
256,680,Ernesto Zedillo,Luis Echeverría
256,767,Ernesto Zedillo,Miguel de la Madrid
256,275,Ernesto Zedillo,Felipe Calderón
256,257,Ernesto Zedillo,Enrique Peña Nieto
256,56,Ernesto Zedillo,Andrés Manuel López Obrador
257,275,Enrique Peña Nieto,Felipe Calderón
257,56,Enrique Peña Nieto,Andrés Manuel López Obrador
257,363,Enrique Peña Nieto,Guadalupe Victoria
257,276,Enrique Peña Nieto,Francisco I. Madero
257,680,Enrique Peña Nieto,Luis Echeverría
257,767,Enrique Peña Nieto,Miguel de la Madrid
257,256,Enrique Peña Nieto,Ernesto Zedillo
257,1135,Enrique Peña Nieto,Vicente Fox
258,773,Eric Holcomb,Mike Pence
258,1190,Eric Holcomb,William Henry Harrison
258,1066,Eric Holcomb,Thomas A. Hendricks
258,1072,Eric Holcomb,Thomas R. Marshall
258,565,Eric Holcomb,Joe Biden
258,831,Eric Holcomb,Ned Lamont
258,505,Eric Holcomb,Janet Mills
258,173,Eric Holcomb,Charlie Baker
258,183,Eric Holcomb,Chris Sununu
258,913,Eric Holcomb,Phil Murphy
258,50,Eric Holcomb,Andrew Cuomo
258,1107,Eric Holcomb,Tom Wolf
258,202,Eric Holcomb,Daniel McKee
258,898,Eric Holcomb,Phil Scott
258,480,Eric Holcomb,J. B. Pritzker
258,636,Eric Holcomb,Kim Reynolds
258,673,Eric Holcomb,Laura Kelly
258,367,Eric Holcomb,Gretchen Whitmer
258,1089,Eric Holcomb,Tim Walz
258,903,Eric Holcomb,Pete Ricketts
258,220,Eric Holcomb,Doug Burgum
258,812,Eric Holcomb,Mike DeWine
258,642,Eric Holcomb,Kristi Noem
258,1091,Eric Holcomb,Tony Evers
258,614,Eric Holcomb,Kay Ivey
258,91,Eric Holcomb,Asa Hutchinson
258,554,Eric Holcomb,John Carney
258,979,Eric Holcomb,Ron DeSantis
258,142,Eric Holcomb,Brian Kemp
258,60,Eric Holcomb,Andy Beshear
258,536,Eric Holcomb,John Bel Edwards
258,650,Eric Holcomb,Larry Hogan
258,1061,Eric Holcomb,Tate Reeves
258,1008,Eric Holcomb,Roy Cooper
258,624,Eric Holcomb,Kevin Stitt
258,404,Eric Holcomb,Henry McMaster
258,124,Eric Holcomb,Bill Lee
258,365,Eric Holcomb,Greg Abbott
258,946,Eric Holcomb,Ralph Northam
258,534,Eric Holcomb,Jim Justice
258,779,Eric Holcomb,Mike Dunleavy
258,242,Eric Holcomb,Doug Ducey
258,331,Eric Holcomb,Gavin Newsom
258,502,Eric Holcomb,Jared Polis
258,208,Eric Holcomb,David Ige
258,140,Eric Holcomb,Brad Little
258,388,Eric Holcomb,Greg Gianforte
258,1060,Eric Holcomb,Steve Sisolak
258,787,Eric Holcomb,Michelle Lujan Grisham
258,612,Eric Holcomb,Kate Brown
258,1030,Eric Holcomb,Spencer Cox
258,506,Eric Holcomb,Jay Inslee
258,736,Eric Holcomb,Mark Gordon (chính trị gia)
258,540,Eric Holcomb,Jerome Adams
258,213,Eric Holcomb,Deborah Birx
258,86,Eric Holcomb,Anthony Fauci
258,139,Eric Holcomb,Brett Giroir
258,888,Eric Holcomb,Peter Navarro
258,976,Eric Holcomb,Robert R. Redfield
258,298,Eric Holcomb,Donald Trump
259,448,Eugenia Charles,Indira Gandhi
259,1036,Eugenia Charles,Ronald Reagan
259,117,Eugenia Charles,Bob Woodward
259,735,Eugenia Charles,Margaret Thatcher
261,412,Ernst Kaltenbrunner,Heinrich Himmler
262,1150,Esther Duflo,Viện Công nghệ Massachusetts
262,54,Esther Duflo,Amartya Sen
262,156,Esther Duflo,Barack Obama
262,883,Esther Duflo,Paul Samuelson
262,1021,Esther Duflo,Simon Kuznets
262,551,Esther Duflo,John Hicks
262,621,Esther Duflo,Kenneth Arrow
262,295,Esther Duflo,Friedrich Hayek
262,794,Esther Duflo,Milton Friedman
262,112,Esther Duflo,Bertil Ohlin
262,494,Esther Duflo,James Meade
262,1062,Esther Duflo,Theodore Schultz
262,655,Esther Duflo,Lawrence Klein
262,485,Esther Duflo,James Tobin
262,320,Esther Duflo,George Stigler
262,364,Esther Duflo,Gérard Debreu
262,939,Esther Duflo,Richard Stone
262,281,Esther Duflo,Franco Modigliani
262,479,Esther Duflo,James M. Buchanan
262,975,Esther Duflo,Robert Solow
262,749,Esther Duflo,Maurice Allais
262,1092,Esther Duflo,Trygve Haavelmo
262,383,Esther Duflo,Harry Markowitz
262,759,Esther Duflo,Merton Miller
262,977,Esther Duflo,Ronald Coase
262,326,Esther Duflo,Gary Becker
262,957,Esther Duflo,Robert Fogel
262,221,Esther Duflo,Douglass North
262,956,Esther Duflo,"Robert Lucas, Jr."
262,476,Esther Duflo,James Mirrlees
262,1191,Esther Duflo,William Vickrey
262,805,Esther Duflo,Myron Scholes
262,962,Esther Duflo,Robert Mundell
262,472,Esther Duflo,James Heckman
262,310,Esther Duflo,George Akerlof
262,760,Esther Duflo,Michael Spence
262,587,Esther Duflo,Joseph Stiglitz
262,954,Esther Duflo,Robert F. Engle
262,194,Esther Duflo,Clive Granger
262,273,Esther Duflo,Finn E. Kydland
262,882,Esther Duflo,Peter A. Diamond
262,172,Esther Duflo,Christopher A. Pissarides
262,1068,Esther Duflo,Thomas J. Sargent
262,174,Esther Duflo,Christopher A. Sims
262,507,Esther Duflo,Jean Tirole
262,101,Esther Duflo,Bengt Holmström
262,941,Esther Duflo,Richard Thaler
262,580,Esther Duflo,Joshua Angrist
262,209,Esther Duflo,David Card
263,1232,Ernest Lawrence,Đại học Yale
263,541,Ernest Lawrence,John Foster Dulles
264,234,Evika Siliņa,Edgars Rinkēvičs
264,1133,Evika Siliņa,Valdis Dombrovskis
264,649,Evika Siliņa,Laimdota Straujuma
264,159,Evika Siliņa,Charles Michel
264,603,Evika Siliņa,Karl Nehammer
264,48,Evika Siliņa,Andrej Babiš
264,757,Evika Siliņa,Mette Frederiksen
264,598,Evika Siliņa,Kaja Kallas
264,1004,Evika Siliņa,Sanna Marin
264,267,Evika Siliņa,Emmanuel Macron
264,862,Evika Siliņa,Olaf Scholz
264,648,Evika Siliņa,Kyriakos Mitsotakis
264,766,Evika Siliņa,Micheál Martin
264,338,Evika Siliņa,Gitanas Nausėda
264,1199,Evika Siliņa,Xavier Bettel
264,953,Evika Siliņa,Robert Abela
264,741,Evika Siliņa,Mark Rutte
264,219,Evika Siliņa,Donald Tusk
264,72,Evika Siliņa,António Costa
264,626,Evika Siliņa,Klaus Iohannis
264,496,Evika Siliņa,Janez Janša
264,887,Evika Siliņa,Pedro Sánchez
264,708,Evika Siliņa,Magdalena Andersson
265,132,Ewa Kopacz,Bronisław Komorowski
265,55,Ewa Kopacz,Andrzej Duda
265,219,Ewa Kopacz,Donald Tusk
265,95,Ewa Kopacz,Beata Szydło
265,358,Ewa Kopacz,Grzegorz Schetyna
265,1200,Ewa Kopacz,Włodzimierz Cimoszewicz
265,525,Ewa Kopacz,Jerzy Buzek
265,510,Ewa Kopacz,Jarosław Kaczyński
265,745,Ewa Kopacz,Mateusz Morawiecki
266,448,Fakhruddin Ali Ahmed,Indira Gandhi
266,93,Fakhruddin Ali Ahmed,B. D. Jatti
266,1129,Fakhruddin Ali Ahmed,V. V. Giri
266,1234,Fakhruddin Ali Ahmed,Đại học Cambridge
266,925,Fakhruddin Ali Ahmed,Rajendra Prasad
266,998,Fakhruddin Ali Ahmed,Sarvepalli Radhakrishnan
266,1218,Fakhruddin Ali Ahmed,Zakir Husain (chính trị gia)
266,789,Fakhruddin Ali Ahmed,Mohammad Hidayatullah
266,818,Fakhruddin Ali Ahmed,Neelam Sanjiva Reddy
266,1209,Fakhruddin Ali Ahmed,Zail Singh
266,917,Fakhruddin Ali Ahmed,R. Venkataraman
266,1013,Fakhruddin Ali Ahmed,Shankar Dayal Sharma
266,596,Fakhruddin Ali Ahmed,K. R. Narayanan
266,6,Fakhruddin Ali Ahmed,A. P. J. Abdul Kalam
266,908,Fakhruddin Ali Ahmed,Pratibha Patil
266,909,Fakhruddin Ali Ahmed,Pranab Mukherjee
266,926,Fakhruddin Ali Ahmed,Ram Nath Kovind
266,223,Fakhruddin Ali Ahmed,Droupadi Murmu
267,1224,Emmanuel Macron,Édouard Philippe
267,311,Emmanuel Macron,Gabriel Attal
267,756,Emmanuel Macron,Michel Barnier
267,291,Emmanuel Macron,François Hollande
267,726,Emmanuel Macron,Manuel Valls
267,549,Emmanuel Macron,John F. Kennedy
267,732,Emmanuel Macron,Marine Le Pen
267,839,Emmanuel Macron,Nicolas Sarkozy
267,119,Emmanuel Macron,Bill Clinton
267,461,Emmanuel Macron,Jacques Chaban-Delmas
267,1022,Emmanuel Macron,Sigmar Gabriel
267,40,Emmanuel Macron,Alexis Tsipras
267,68,Emmanuel Macron,Angela Merkel
267,501,Emmanuel Macron,Jean Casimir-Perier
267,1217,Emmanuel Macron,Émile Loubet
267,75,Emmanuel Macron,Armand Fallières
267,931,Emmanuel Macron,Raymond Poincaré
267,871,Emmanuel Macron,Paul Deschanel
267,37,Emmanuel Macron,Alexandre Millerand
267,305,Emmanuel Macron,Gaston Doumergue
267,874,Emmanuel Macron,Paul Doumer
267,1138,Emmanuel Macron,Vincent Auriol
267,930,Emmanuel Macron,René Coty
267,171,Emmanuel Macron,Charles de Gaulle
267,329,Emmanuel Macron,Georges Pompidou
267,1145,Emmanuel Macron,Valéry Giscard d'Estaing
267,299,Emmanuel Macron,François Mitterrand
267,474,Emmanuel Macron,Jacques Chirac
267,862,Emmanuel Macron,Olaf Scholz
267,459,Emmanuel Macron,Ishiba Shigeru
267,618,Emmanuel Macron,Keir Starmer
267,298,Emmanuel Macron,Donald Trump
267,159,Emmanuel Macron,Charles Michel
267,603,Emmanuel Macron,Karl Nehammer
267,48,Emmanuel Macron,Andrej Babiš
267,757,Emmanuel Macron,Mette Frederiksen
267,598,Emmanuel Macron,Kaja Kallas
267,1004,Emmanuel Macron,Sanna Marin
267,648,Emmanuel Macron,Kyriakos Mitsotakis
267,766,Emmanuel Macron,Micheál Martin
267,264,Emmanuel Macron,Evika Siliņa
267,338,Emmanuel Macron,Gitanas Nausėda
267,1199,Emmanuel Macron,Xavier Bettel
267,953,Emmanuel Macron,Robert Abela
267,741,Emmanuel Macron,Mark Rutte
267,219,Emmanuel Macron,Donald Tusk
267,72,Emmanuel Macron,António Costa
267,626,Emmanuel Macron,Klaus Iohannis
267,496,Emmanuel Macron,Janez Janša
267,887,Emmanuel Macron,Pedro Sánchez
267,708,Emmanuel Macron,Magdalena Andersson
267,504,Emmanuel Macron,Javier Milei
267,1167,Emmanuel Macron,Tập Cận Bình
267,284,Emmanuel Macron,Frank-Walter Steinmeier
267,223,Emmanuel Macron,Droupadi Murmu
267,570,Emmanuel Macron,Joko Widodo
267,1012,Emmanuel Macron,Sergio Mattarella
267,56,Emmanuel Macron,Andrés Manuel López Obrador
267,197,Emmanuel Macron,Cyril Ramaphosa
267,1216,Emmanuel Macron,Yoon Suk-yeol
267,928,Emmanuel Macron,Recep Tayyip Erdoğan
267,296,Emmanuel Macron,Frederik X của Đan Mạch
267,379,Emmanuel Macron,Giáo hoàng Lêô XIV
268,816,Elon Musk,Narendra Modi
268,1228,Elon Musk,Đại học Stanford
268,298,Elon Musk,Donald Trump
268,442,Elon Musk,Isaac Asimov
268,156,Elon Musk,Barack Obama
268,743,Elon Musk,Mark Zuckerberg
268,422,Elon Musk,Hillary Clinton
268,565,Elon Musk,Joe Biden
268,979,Elon Musk,Ron DeSantis
268,292,Elon Musk,Franklin D. Roosevelt
268,1125,Elon Musk,Tưởng Giới Thạch
268,1223,Elon Musk,Winston Churchill
268,321,Elon Musk,George Marshall
268,228,Elon Musk,Dwight D. Eisenhower
268,389,Elon Musk,Harry S. Truman
268,798,Elon Musk,Mohammad Mosaddegh
268,634,Elon Musk,Konrad Adenauer
268,541,Elon Musk,John Foster Dulles
268,854,Elon Musk,Nikita Sergeyevich Khrushchyov
268,171,Elon Musk,Charles de Gaulle
268,549,Elon Musk,John F. Kennedy
268,688,Elon Musk,Lyndon B. Johnson
268,968,Elon Musk,Richard Nixon
268,408,Elon Musk,Henry Kissinger
268,548,Elon Musk,Jimmy Carter
268,76,Elon Musk,Anwar Al-Sadad
268,1235,Elon Musk,Đặng Tiểu Bình
268,983,Elon Musk,Ruhollah Khomeini
268,1036,Elon Musk,Ronald Reagan
268,198,Elon Musk,Corazon Aquino
268,803,Elon Musk,Mikhail Sergeyevich Gorbachyov
268,319,Elon Musk,George H. W. Bush
268,119,Elon Musk,Bill Clinton
268,837,Elon Musk,Nelson Mandela
268,824,Elon Musk,Newt Gingrich
268,515,Elon Musk,Jeff Bezos
268,330,Elon Musk,George W. Bush
268,978,Elon Musk,Rudy Giuliani
268,121,Elon Musk,Bill Gates
268,1153,Elon Musk,Vladimir Vladimirovich Putin
268,68,Elon Musk,Angela Merkel
268,738,Elon Musk,Maria Ressa
268,628,Elon Musk,Kamala Harris
268,1148,Elon Musk,Volodymyr Oleksandrovych Zelenskyy
268,1175,Elon Musk,Taylor Swift
270,517,Federica Mogherini,Jean-Claude Juncker
270,752,Federica Mogherini,Matteo Renzi
271,214,Ferdinand Marcos,Diosdado Macapagal
271,198,Ferdinand Marcos,Corazon Aquino
271,122,Ferdinand Marcos,Bongbong Marcos
271,688,Ferdinand Marcos,Lyndon B. Johnson
271,252,Ferdinand Marcos,Emilio Aguinaldo
271,721,Ferdinand Marcos,Manuel L. Quezon
271,1006,Ferdinand Marcos,Sergio Osmeña
271,718,Ferdinand Marcos,Manuel Roxas
271,588,Ferdinand Marcos,José P. Laurel
271,244,Ferdinand Marcos,Elpidio Quirino
271,932,Ferdinand Marcos,Ramon Magsaysay
271,150,Ferdinand Marcos,Carlos Polistico García
271,277,Ferdinand Marcos,Fidel Ramos
271,574,Ferdinand Marcos,Joseph Estrada
271,349,Ferdinand Marcos,Gloria Macapagal Arroyo
271,104,Ferdinand Marcos,Benigno Aquino III
271,966,Ferdinand Marcos,Rodrigo Duterte
272,113,Francesco Cossiga,Bettino Craxi
272,182,Francesco Cossiga,Ciriaco De Mita
272,337,Francesco Cossiga,Giulio Andreotti
272,1000,Francesco Cossiga,Sandro Pertini
272,77,Francesco Cossiga,Arnaldo Forlani
272,32,Francesco Cossiga,Aldo Moro
272,114,Francesco Cossiga,Bettino Ricasoli
272,1124,Francesco Cossiga,Urbano Rattazzi
272,274,Francesco Cossiga,Francesco Crispi
272,335,Francesco Cossiga,Giovanni Giolitti
272,676,Francesco Cossiga,Luigi Luzzatti
272,64,Francesco Cossiga,Antonio Salandra
272,29,Francesco Cossiga,Alcide De Gasperi
272,334,Francesco Cossiga,Giovanni Spadolini
272,336,Francesco Cossiga,Giuliano Amato
272,1026,Francesco Cossiga,Silvio Berlusconi
272,645,Francesco Cossiga,Lamberto Dini
272,974,Francesco Cossiga,Romano Prodi
272,733,Francesco Cossiga,Mario Monti
272,255,Francesco Cossiga,Enrico Letta
272,752,Francesco Cossiga,Matteo Renzi
272,870,Francesco Cossiga,Paolo Gentiloni
272,347,Francesco Cossiga,Giuseppe Conte
272,739,Francesco Cossiga,Mario Draghi
273,883,Finn E. Kydland,Paul Samuelson
273,1021,Finn E. Kydland,Simon Kuznets
273,551,Finn E. Kydland,John Hicks
273,621,Finn E. Kydland,Kenneth Arrow
273,295,Finn E. Kydland,Friedrich Hayek
273,794,Finn E. Kydland,Milton Friedman
273,112,Finn E. Kydland,Bertil Ohlin
273,494,Finn E. Kydland,James Meade
273,1062,Finn E. Kydland,Theodore Schultz
273,655,Finn E. Kydland,Lawrence Klein
273,485,Finn E. Kydland,James Tobin
273,320,Finn E. Kydland,George Stigler
273,364,Finn E. Kydland,Gérard Debreu
273,939,Finn E. Kydland,Richard Stone
273,281,Finn E. Kydland,Franco Modigliani
273,479,Finn E. Kydland,James M. Buchanan
273,975,Finn E. Kydland,Robert Solow
273,749,Finn E. Kydland,Maurice Allais
273,1092,Finn E. Kydland,Trygve Haavelmo
273,383,Finn E. Kydland,Harry Markowitz
273,759,Finn E. Kydland,Merton Miller
273,977,Finn E. Kydland,Ronald Coase
273,326,Finn E. Kydland,Gary Becker
273,957,Finn E. Kydland,Robert Fogel
273,221,Finn E. Kydland,Douglass North
273,956,Finn E. Kydland,"Robert Lucas, Jr."
273,476,Finn E. Kydland,James Mirrlees
273,1191,Finn E. Kydland,William Vickrey
273,805,Finn E. Kydland,Myron Scholes
273,54,Finn E. Kydland,Amartya Sen
273,962,Finn E. Kydland,Robert Mundell
273,472,Finn E. Kydland,James Heckman
273,310,Finn E. Kydland,George Akerlof
273,760,Finn E. Kydland,Michael Spence
273,587,Finn E. Kydland,Joseph Stiglitz
273,954,Finn E. Kydland,Robert F. Engle
273,194,Finn E. Kydland,Clive Granger
273,882,Finn E. Kydland,Peter A. Diamond
273,172,Finn E. Kydland,Christopher A. Pissarides
273,1068,Finn E. Kydland,Thomas J. Sargent
273,174,Finn E. Kydland,Christopher A. Sims
273,507,Finn E. Kydland,Jean Tirole
273,101,Finn E. Kydland,Bengt Holmström
273,941,Finn E. Kydland,Richard Thaler
273,262,Finn E. Kydland,Esther Duflo
273,580,Finn E. Kydland,Joshua Angrist
273,209,Finn E. Kydland,David Card
274,335,Francesco Crispi,Giovanni Giolitti
274,341,Francesco Crispi,Giuseppe Mazzini
274,866,Francesco Crispi,Otto von Bismarck
274,114,Francesco Crispi,Bettino Ricasoli
274,1124,Francesco Crispi,Urbano Rattazzi
274,676,Francesco Crispi,Luigi Luzzatti
274,64,Francesco Crispi,Antonio Salandra
274,29,Francesco Crispi,Alcide De Gasperi
274,32,Francesco Crispi,Aldo Moro
274,337,Francesco Crispi,Giulio Andreotti
274,272,Francesco Crispi,Francesco Cossiga
274,77,Francesco Crispi,Arnaldo Forlani
274,334,Francesco Crispi,Giovanni Spadolini
274,113,Francesco Crispi,Bettino Craxi
274,336,Francesco Crispi,Giuliano Amato
274,1026,Francesco Crispi,Silvio Berlusconi
274,645,Francesco Crispi,Lamberto Dini
274,974,Francesco Crispi,Romano Prodi
274,733,Francesco Crispi,Mario Monti
274,255,Francesco Crispi,Enrico Letta
274,752,Francesco Crispi,Matteo Renzi
274,870,Francesco Crispi,Paolo Gentiloni
274,347,Francesco Crispi,Giuseppe Conte
274,739,Francesco Crispi,Mario Draghi
275,1135,Felipe Calderón,Vicente Fox
275,257,Felipe Calderón,Enrique Peña Nieto
275,56,Felipe Calderón,Andrés Manuel López Obrador
275,1230,Felipe Calderón,Đại học Harvard
275,363,Felipe Calderón,Guadalupe Victoria
275,276,Felipe Calderón,Francisco I. Madero
275,680,Felipe Calderón,Luis Echeverría
275,767,Felipe Calderón,Miguel de la Madrid
275,256,Felipe Calderón,Ernesto Zedillo
276,363,Francisco I. Madero,Guadalupe Victoria
276,680,Francisco I. Madero,Luis Echeverría
276,767,Francisco I. Madero,Miguel de la Madrid
276,256,Francisco I. Madero,Ernesto Zedillo
276,1135,Francisco I. Madero,Vicente Fox
276,275,Francisco I. Madero,Felipe Calderón
276,257,Francisco I. Madero,Enrique Peña Nieto
276,56,Francisco I. Madero,Andrés Manuel López Obrador
277,574,Fidel Ramos,Joseph Estrada
277,198,Fidel Ramos,Corazon Aquino
278,228,F. Scott Fitzgerald,Dwight D. Eisenhower
280,968,Francisco Franco,Richard Nixon
281,759,Franco Modigliani,Merton Miller
281,883,Franco Modigliani,Paul Samuelson
281,1021,Franco Modigliani,Simon Kuznets
281,551,Franco Modigliani,John Hicks
281,621,Franco Modigliani,Kenneth Arrow
281,295,Franco Modigliani,Friedrich Hayek
281,794,Franco Modigliani,Milton Friedman
281,112,Franco Modigliani,Bertil Ohlin
281,494,Franco Modigliani,James Meade
281,1062,Franco Modigliani,Theodore Schultz
281,655,Franco Modigliani,Lawrence Klein
281,485,Franco Modigliani,James Tobin
281,320,Franco Modigliani,George Stigler
281,364,Franco Modigliani,Gérard Debreu
281,939,Franco Modigliani,Richard Stone
281,479,Franco Modigliani,James M. Buchanan
281,975,Franco Modigliani,Robert Solow
281,749,Franco Modigliani,Maurice Allais
281,1092,Franco Modigliani,Trygve Haavelmo
281,383,Franco Modigliani,Harry Markowitz
281,977,Franco Modigliani,Ronald Coase
281,326,Franco Modigliani,Gary Becker
281,957,Franco Modigliani,Robert Fogel
281,221,Franco Modigliani,Douglass North
281,956,Franco Modigliani,"Robert Lucas, Jr."
281,476,Franco Modigliani,James Mirrlees
281,1191,Franco Modigliani,William Vickrey
281,805,Franco Modigliani,Myron Scholes
281,54,Franco Modigliani,Amartya Sen
281,962,Franco Modigliani,Robert Mundell
281,472,Franco Modigliani,James Heckman
281,310,Franco Modigliani,George Akerlof
281,760,Franco Modigliani,Michael Spence
281,587,Franco Modigliani,Joseph Stiglitz
281,954,Franco Modigliani,Robert F. Engle
281,194,Franco Modigliani,Clive Granger
281,273,Franco Modigliani,Finn E. Kydland
281,882,Franco Modigliani,Peter A. Diamond
281,172,Franco Modigliani,Christopher A. Pissarides
281,1068,Franco Modigliani,Thomas J. Sargent
281,174,Franco Modigliani,Christopher A. Sims
281,507,Franco Modigliani,Jean Tirole
281,101,Franco Modigliani,Bengt Holmström
281,941,Franco Modigliani,Richard Thaler
281,262,Franco Modigliani,Esther Duflo
281,580,Franco Modigliani,Joshua Angrist
281,209,Franco Modigliani,David Card
282,235,Frank Forde,Edmund Barton
282,44,Frank Forde,Alfred Deakin
282,318,Frank Forde,George Reid (chính khách Úc)
282,52,Frank Forde,Andrew Fisher
282,1032,Frank Forde,Stanley Bruce
282,236,Frank Forde,Earle Page
282,960,Frank Forde,Robert Menzies
282,377,Frank Forde,Harold Holt
282,559,Frank Forde,John McEwen
282,543,Frank Forde,John Gorton
282,1184,Frank Forde,William McMahon
282,348,Frank Forde,Gough Whitlam
282,714,Frank Forde,Malcolm Fraser
282,120,Frank Forde,Bob Hawke
282,547,Frank Forde,John Howard
282,620,Frank Forde,Kevin Rudd
282,597,Frank Forde,Julia Gillard
282,1084,Frank Forde,Tony Abbott
282,717,Frank Forde,Malcolm Turnbull
282,1003,Frank Forde,Scott Morrison
282,63,Frank Forde,Anthony Albanese
283,671,Franz Oppenheimer,Ludwig Erhard
284,68,Frank-Walter Steinmeier,Angela Merkel
284,862,Frank-Walter Steinmeier,Olaf Scholz
284,301,Frank-Walter Steinmeier,Friedrich Merz
284,523,Frank-Walter Steinmeier,Joachim Gauck
284,361,Frank-Walter Steinmeier,Guido Westerwelle
284,1022,Frank-Walter Steinmeier,Sigmar Gabriel
284,227,Frank-Walter Steinmeier,Dmitry Anatolyevich Medvedev
284,1153,Frank-Walter Steinmeier,Vladimir Vladimirovich Putin
284,1198,Frank-Walter Steinmeier,Yegor Timurovich Gaidar
284,1064,Frank-Walter Steinmeier,Theodor Heuss
284,944,Frank-Walter Steinmeier,Richard von Weizsäcker
284,969,Frank-Walter Steinmeier,Roman Herzog
284,413,Frank-Walter Steinmeier,Horst Köhler
284,165,Frank-Walter Steinmeier,Christian Wulff
285,965,Franz Schubert,Robert Schumann
286,1187,Franklin Pierce,William R. King
286,469,Franklin Pierce,James Buchanan
286,539,Franklin Pierce,John Adams
286,1083,Franklin Pierce,Thomas Jefferson
286,483,Franklin Pierce,James Madison
286,482,Franklin Pierce,James Monroe
286,562,Franklin Pierce,John Quincy Adams
286,1190,Franklin Pierce,William Henry Harrison
286,568,Franklin Pierce,John Tyler
286,473,Franklin Pierce,James K. Polk
286,1127,Franklin Pierce,Ulysses S. Grant
286,993,Franklin Pierce,Rutherford B. Hayes
286,470,Franklin Pierce,James A. Garfield
286,170,Franklin Pierce,Chester A. Arthur
286,108,Franklin Pierce,Benjamin Harrison
286,1206,Franklin Pierce,William McKinley
286,1080,Franklin Pierce,Theodore Roosevelt
286,1189,Franklin Pierce,William Howard Taft
286,1201,Franklin Pierce,Woodrow Wilson
286,1170,Franklin Pierce,Warren G. Harding
286,143,Franklin Pierce,Calvin Coolidge
286,405,Franklin Pierce,Herbert Hoover
286,292,Franklin Pierce,Franklin D. Roosevelt
286,389,Franklin Pierce,Harry S. Truman
286,228,Franklin Pierce,Dwight D. Eisenhower
286,549,Franklin Pierce,John F. Kennedy
286,688,Franklin Pierce,Lyndon B. Johnson
286,968,Franklin Pierce,Richard Nixon
286,340,Franklin Pierce,Gerald Ford
286,548,Franklin Pierce,Jimmy Carter
286,1036,Franklin Pierce,Ronald Reagan
286,319,Franklin Pierce,George H. W. Bush
286,119,Franklin Pierce,Bill Clinton
286,330,Franklin Pierce,George W. Bush
286,156,Franklin Pierce,Barack Obama
286,298,Franklin Pierce,Donald Trump
286,565,Franklin Pierce,Joe Biden
287,167,François Arago,Charles-Maurice de Talleyrand-Périgord
287,75,François Arago,Armand Fallières
287,1217,François Arago,Émile Loubet
287,501,François Arago,Jean Casimir-Perier
287,322,François Arago,Georges Clemenceau
287,931,François Arago,Raymond Poincaré
287,305,François Arago,Gaston Doumergue
287,37,François Arago,Alexandre Millerand
287,171,François Arago,Charles de Gaulle
287,1138,François Arago,Vincent Auriol
287,915,François Arago,Pierre Mendès France
287,762,François Arago,Michel Debré
287,329,François Arago,Georges Pompidou
287,461,François Arago,Jacques Chaban-Delmas
287,474,François Arago,Jacques Chirac
287,652,François Arago,Laurent Fabius
287,764,François Arago,Michel Rocard
287,20,François Arago,Alain Juppé
287,217,François Arago,Dominique de Villepin
287,294,François Arago,François Fillon
287,516,François Arago,Jean-Marc Ayrault
287,726,François Arago,Manuel Valls
287,111,François Arago,Bernard Cazeneuve
287,1224,François Arago,Édouard Philippe
287,311,François Arago,Gabriel Attal
287,756,François Arago,Michel Barnier
288,860,Fidel Castro,Osvaldo Dorticós Torrado
288,818,Fidel Castro,Neelam Sanjiva Reddy
288,178,Fidel Castro,Che Guevara
288,434,Fidel Castro,Hugo Chávez
288,929,Fidel Castro,Ramón Grau
288,1101,Fidel Castro,Trần Phùng Phú Trân
288,837,Fidel Castro,Nelson Mandela
288,100,Fidel Castro,Ban Ki-moon
288,627,Fidel Castro,Kofi Annan
288,816,Fidel Castro,Narendra Modi
288,156,Fidel Castro,Barack Obama
288,298,Fidel Castro,Donald Trump
288,1019,Fidel Castro,Slobodan Milošević
288,814,Fidel Castro,Ne Win
288,1235,Fidel Castro,Đặng Tiểu Bình
288,1154,Fidel Castro,Václav Havel
288,523,Fidel Castro,Joachim Gauck
288,986,Fidel Castro,Sali Berisha
288,135,Fidel Castro,Boris Nikolayevich Yeltsin
288,103,Fidel Castro,Aung San Suu Kyi
288,753,Fidel Castro,Meles Zenawi
289,572,Frederick Muhlenberg,Jonathan Dayton
291,516,François Hollande,Jean-Marc Ayrault
291,726,François Hollande,Manuel Valls
291,111,François Hollande,Bernard Cazeneuve
291,839,François Hollande,Nicolas Sarkozy
291,267,François Hollande,Emmanuel Macron
291,299,François Hollande,François Mitterrand
291,474,François Hollande,Jacques Chirac
291,215,François Hollande,Dominique Strauss-Kahn
291,1022,François Hollande,Sigmar Gabriel
291,284,François Hollande,Frank-Walter Steinmeier
291,584,François Hollande,José Manuel Barroso
291,411,François Hollande,Herman Van Rompuy
291,501,François Hollande,Jean Casimir-Perier
291,1217,François Hollande,Émile Loubet
291,75,François Hollande,Armand Fallières
291,931,François Hollande,Raymond Poincaré
291,871,François Hollande,Paul Deschanel
291,37,François Hollande,Alexandre Millerand
291,305,François Hollande,Gaston Doumergue
291,874,François Hollande,Paul Doumer
291,1138,François Hollande,Vincent Auriol
291,930,François Hollande,René Coty
291,171,François Hollande,Charles de Gaulle
291,329,François Hollande,Georges Pompidou
291,1145,François Hollande,Valéry Giscard d'Estaing
292,561,Franklin D. Roosevelt,John Nance Garner
292,409,Franklin D. Roosevelt,Henry A. Wallace
292,405,Franklin D. Roosevelt,Herbert Hoover
292,389,Franklin D. Roosevelt,Harry S. Truman
292,402,Franklin D. Roosevelt,Herbert H. Lehman
292,1201,Franklin D. Roosevelt,Woodrow Wilson
292,1230,Franklin D. Roosevelt,Đại học Harvard
292,1170,Franklin D. Roosevelt,Warren G. Harding
292,1223,Franklin D. Roosevelt,Winston Churchill
292,1125,Franklin D. Roosevelt,Tưởng Giới Thạch
292,482,Franklin D. Roosevelt,James Monroe
292,1080,Franklin D. Roosevelt,Theodore Roosevelt
292,1160,Franklin D. Roosevelt,Vladimir Ilyich Lenin
292,721,Franklin D. Roosevelt,Manuel L. Quezon
292,823,Franklin D. Roosevelt,Neville Chamberlain
292,401,Franklin D. Roosevelt,Henry L. Stimson
292,228,Franklin D. Roosevelt,Dwight D. Eisenhower
292,321,Franklin D. Roosevelt,George Marshall
292,549,Franklin D. Roosevelt,John F. Kennedy
292,688,Franklin D. Roosevelt,Lyndon B. Johnson
292,1232,Franklin D. Roosevelt,Đại học Yale
292,539,Franklin D. Roosevelt,John Adams
292,1083,Franklin D. Roosevelt,Thomas Jefferson
292,483,Franklin D. Roosevelt,James Madison
292,562,Franklin D. Roosevelt,John Quincy Adams
292,1190,Franklin D. Roosevelt,William Henry Harrison
292,568,Franklin D. Roosevelt,John Tyler
292,473,Franklin D. Roosevelt,James K. Polk
292,286,Franklin D. Roosevelt,Franklin Pierce
292,469,Franklin D. Roosevelt,James Buchanan
292,1127,Franklin D. Roosevelt,Ulysses S. Grant
292,993,Franklin D. Roosevelt,Rutherford B. Hayes
292,470,Franklin D. Roosevelt,James A. Garfield
292,170,Franklin D. Roosevelt,Chester A. Arthur
292,108,Franklin D. Roosevelt,Benjamin Harrison
292,1206,Franklin D. Roosevelt,William McKinley
292,1189,Franklin D. Roosevelt,William Howard Taft
292,143,Franklin D. Roosevelt,Calvin Coolidge
292,968,Franklin D. Roosevelt,Richard Nixon
292,340,Franklin D. Roosevelt,Gerald Ford
292,548,Franklin D. Roosevelt,Jimmy Carter
292,1036,Franklin D. Roosevelt,Ronald Reagan
292,319,Franklin D. Roosevelt,George H. W. Bush
292,119,Franklin D. Roosevelt,Bill Clinton
292,330,Franklin D. Roosevelt,George W. Bush
292,156,Franklin D. Roosevelt,Barack Obama
292,298,Franklin D. Roosevelt,Donald Trump
292,565,Franklin D. Roosevelt,Joe Biden
293,1027,Fredrik Reinfeldt,Stefan Löfven
293,1121,Fredrik Reinfeldt,Ulf Kristersson
294,839,François Fillon,Nicolas Sarkozy
294,217,François Fillon,Dominique de Villepin
294,516,François Fillon,Jean-Marc Ayrault
294,20,François Fillon,Alain Juppé
294,167,François Fillon,Charles-Maurice de Talleyrand-Périgord
294,287,François Fillon,François Arago
294,75,François Fillon,Armand Fallières
294,1217,François Fillon,Émile Loubet
294,501,François Fillon,Jean Casimir-Perier
294,322,François Fillon,Georges Clemenceau
294,931,François Fillon,Raymond Poincaré
294,305,François Fillon,Gaston Doumergue
294,37,François Fillon,Alexandre Millerand
294,171,François Fillon,Charles de Gaulle
294,1138,François Fillon,Vincent Auriol
294,915,François Fillon,Pierre Mendès France
294,762,François Fillon,Michel Debré
294,329,François Fillon,Georges Pompidou
294,461,François Fillon,Jacques Chaban-Delmas
294,474,François Fillon,Jacques Chirac
294,652,François Fillon,Laurent Fabius
294,764,François Fillon,Michel Rocard
294,726,François Fillon,Manuel Valls
294,111,François Fillon,Bernard Cazeneuve
294,1224,François Fillon,Édouard Philippe
294,311,François Fillon,Gabriel Attal
294,756,François Fillon,Michel Barnier
295,583,Friedrich Hayek,John Stuart Mill
295,794,Friedrich Hayek,Milton Friedman
295,977,Friedrich Hayek,Ronald Coase
295,671,Friedrich Hayek,Ludwig Erhard
295,551,Friedrich Hayek,John Hicks
295,883,Friedrich Hayek,Paul Samuelson
295,1021,Friedrich Hayek,Simon Kuznets
295,621,Friedrich Hayek,Kenneth Arrow
295,112,Friedrich Hayek,Bertil Ohlin
295,494,Friedrich Hayek,James Meade
295,1062,Friedrich Hayek,Theodore Schultz
295,655,Friedrich Hayek,Lawrence Klein
295,485,Friedrich Hayek,James Tobin
295,320,Friedrich Hayek,George Stigler
295,364,Friedrich Hayek,Gérard Debreu
295,939,Friedrich Hayek,Richard Stone
295,281,Friedrich Hayek,Franco Modigliani
295,479,Friedrich Hayek,James M. Buchanan
295,975,Friedrich Hayek,Robert Solow
295,749,Friedrich Hayek,Maurice Allais
295,1092,Friedrich Hayek,Trygve Haavelmo
295,383,Friedrich Hayek,Harry Markowitz
295,759,Friedrich Hayek,Merton Miller
295,326,Friedrich Hayek,Gary Becker
295,957,Friedrich Hayek,Robert Fogel
295,221,Friedrich Hayek,Douglass North
295,956,Friedrich Hayek,"Robert Lucas, Jr."
295,476,Friedrich Hayek,James Mirrlees
295,1191,Friedrich Hayek,William Vickrey
295,805,Friedrich Hayek,Myron Scholes
295,54,Friedrich Hayek,Amartya Sen
295,962,Friedrich Hayek,Robert Mundell
295,472,Friedrich Hayek,James Heckman
295,310,Friedrich Hayek,George Akerlof
295,760,Friedrich Hayek,Michael Spence
295,587,Friedrich Hayek,Joseph Stiglitz
295,954,Friedrich Hayek,Robert F. Engle
295,194,Friedrich Hayek,Clive Granger
295,273,Friedrich Hayek,Finn E. Kydland
295,882,Friedrich Hayek,Peter A. Diamond
295,172,Friedrich Hayek,Christopher A. Pissarides
295,1068,Friedrich Hayek,Thomas J. Sargent
295,174,Friedrich Hayek,Christopher A. Sims
295,507,Friedrich Hayek,Jean Tirole
295,101,Friedrich Hayek,Bengt Holmström
295,941,Friedrich Hayek,Richard Thaler
295,262,Friedrich Hayek,Esther Duflo
295,580,Friedrich Hayek,Joshua Angrist
295,209,Friedrich Hayek,David Card
296,1230,Frederik X của Đan Mạch,Đại học Harvard
296,267,Frederik X của Đan Mạch,Emmanuel Macron
296,379,Frederik X của Đan Mạch,Giáo hoàng Lêô XIV
297,307,Franz Kafka,Gabriel García Márquez
297,247,Franz Kafka,Elias Canetti
297,1233,Franz Kafka,Đại học Oxford
297,1073,Franz Kafka,Thomas Mann
298,466,Donald Trump,JD Vance
298,565,Donald Trump,Joe Biden
298,773,Donald Trump,Mike Pence
298,156,Donald Trump,Barack Obama
298,455,Donald Trump,Ivanka Trump
298,878,Donald Trump,Oliver Cromwell
298,1080,Donald Trump,Theodore Roosevelt
298,328,Donald Trump,Getúlio Vargas
298,409,Donald Trump,Henry A. Wallace
298,732,Donald Trump,Marine Le Pen
298,1153,Donald Trump,Vladimir Vladimirovich Putin
298,434,Donald Trump,Hugo Chávez
298,1026,Donald Trump,Silvio Berlusconi
298,309,Donald Trump,Geert Wilders
298,840,Donald Trump,Nigel Farage
298,195,Donald Trump,Cristina Fernández de Kirchner
298,422,Donald Trump,Hillary Clinton
298,820,Donald Trump,Neil Gorsuch
298,129,Donald Trump,Brett Kavanaugh
298,43,Donald Trump,Amy Coney Barrett
298,640,Donald Trump,Kim Jong-un
298,958,Donald Trump,Robert Mueller
298,560,Donald Trump,John Roberts
298,28,Donald Trump,Alex Salmond
298,1036,Donald Trump,Ronald Reagan
298,785,Donald Trump,Mitt Romney
298,119,Donald Trump,Bill Clinton
298,319,Donald Trump,George H. W. Bush
298,330,Donald Trump,George W. Bush
298,50,Donald Trump,Andrew Cuomo
298,513,Donald Trump,Jeb Bush
298,1001,Donald Trump,Scott Walker (chính khách)
298,275,Donald Trump,Felipe Calderón
298,97,Donald Trump,Ben Carson
298,1053,Donald Trump,Ted Cruz
298,203,Donald Trump,David Cameron
298,726,Donald Trump,Manuel Valls
298,875,Donald Trump,Paul Ryan
298,782,Donald Trump,Mitch McConnell
298,133,Donald Trump,Benjamin Netanyahu
298,844,Donald Trump,Nguyễn Xuân Phúc
298,966,Donald Trump,Rodrigo Duterte
298,7,Donald Trump,Abdel Fattah el-Sisi
298,816,Donald Trump,Narendra Modi
298,55,Donald Trump,Andrzej Duda
298,102,Donald Trump,Bashar al-Assad
298,813,Donald Trump,Moon Jae-in
298,817,Donald Trump,Nancy Pelosi
298,978,Donald Trump,Rudy Giuliani
298,425,Donald Trump,Hunter Biden
298,504,Donald Trump,Javier Milei
298,415,Donald Trump,Hope Hicks
298,495,Donald Trump,Jared Kushner
298,539,Donald Trump,John Adams
298,1083,Donald Trump,Thomas Jefferson
298,483,Donald Trump,James Madison
298,482,Donald Trump,James Monroe
298,562,Donald Trump,John Quincy Adams
298,1190,Donald Trump,William Henry Harrison
298,568,Donald Trump,John Tyler
298,473,Donald Trump,James K. Polk
298,286,Donald Trump,Franklin Pierce
298,469,Donald Trump,James Buchanan
298,1127,Donald Trump,Ulysses S. Grant
298,993,Donald Trump,Rutherford B. Hayes
298,470,Donald Trump,James A. Garfield
298,170,Donald Trump,Chester A. Arthur
298,108,Donald Trump,Benjamin Harrison
298,1206,Donald Trump,William McKinley
298,1189,Donald Trump,William Howard Taft
298,1201,Donald Trump,Woodrow Wilson
298,1170,Donald Trump,Warren G. Harding
298,143,Donald Trump,Calvin Coolidge
298,405,Donald Trump,Herbert Hoover
298,292,Donald Trump,Franklin D. Roosevelt
298,389,Donald Trump,Harry S. Truman
298,228,Donald Trump,Dwight D. Eisenhower
298,549,Donald Trump,John F. Kennedy
298,688,Donald Trump,Lyndon B. Johnson
298,968,Donald Trump,Richard Nixon
298,340,Donald Trump,Gerald Ford
298,548,Donald Trump,Jimmy Carter
298,267,Donald Trump,Emmanuel Macron
298,862,Donald Trump,Olaf Scholz
298,459,Donald Trump,Ishiba Shigeru
298,618,Donald Trump,Keir Starmer
298,1167,Donald Trump,Tập Cận Bình
298,159,Donald Trump,Charles Michel
298,284,Donald Trump,Frank-Walter Steinmeier
298,223,Donald Trump,Droupadi Murmu
298,570,Donald Trump,Joko Widodo
298,1012,Donald Trump,Sergio Mattarella
298,56,Donald Trump,Andrés Manuel López Obrador
298,197,Donald Trump,Cyril Ramaphosa
298,1216,Donald Trump,Yoon Suk-yeol
298,928,Donald Trump,Recep Tayyip Erdoğan
298,121,Donald Trump,Bill Gates
298,743,Donald Trump,Mark Zuckerberg
298,68,Donald Trump,Angela Merkel
298,738,Donald Trump,Maria Ressa
298,628,Donald Trump,Kamala Harris
298,268,Donald Trump,Elon Musk
298,1148,Donald Trump,Volodymyr Oleksandrovych Zelenskyy
298,1175,Donald Trump,Taylor Swift
298,1125,Donald Trump,Tưởng Giới Thạch
298,1223,Donald Trump,Winston Churchill
298,321,Donald Trump,George Marshall
298,798,Donald Trump,Mohammad Mosaddegh
298,634,Donald Trump,Konrad Adenauer
298,541,Donald Trump,John Foster Dulles
298,854,Donald Trump,Nikita Sergeyevich Khrushchyov
298,171,Donald Trump,Charles de Gaulle
298,408,Donald Trump,Henry Kissinger
298,76,Donald Trump,Anwar Al-Sadad
298,1235,Donald Trump,Đặng Tiểu Bình
298,983,Donald Trump,Ruhollah Khomeini
298,198,Donald Trump,Corazon Aquino
298,803,Donald Trump,Mikhail Sergeyevich Gorbachyov
298,837,Donald Trump,Nelson Mandela
298,824,Donald Trump,Newt Gingrich
298,515,Donald Trump,Jeff Bezos
299,652,François Mitterrand,Laurent Fabius
299,474,François Mitterrand,Jacques Chirac
299,764,François Mitterrand,Michel Rocard
299,1145,François Mitterrand,Valéry Giscard d'Estaing
299,171,François Mitterrand,Charles de Gaulle
299,634,François Mitterrand,Konrad Adenauer
299,1223,François Mitterrand,Winston Churchill
299,380,François Mitterrand,Harold Macmillan
299,762,François Mitterrand,Michel Debré
299,329,François Mitterrand,Georges Pompidou
299,16,François Mitterrand,Alain Poher
299,1036,François Mitterrand,Ronald Reagan
299,406,François Mitterrand,Helmut Kohl
299,89,François Mitterrand,Augusto Pinochet
299,154,François Mitterrand,Carole Bouquet
299,902,François Mitterrand,Pierre Trudeau
299,131,François Mitterrand,Brian Mulroney
299,319,François Mitterrand,George H. W. Bush
300,1196,Furukawa Shuntaro,Yamauchi Hiroshi
301,284,Friedrich Merz,Frank-Walter Steinmeier
301,862,Friedrich Merz,Olaf Scholz
301,1194,Friedrich Merz,Wolfgang Schäuble
301,68,Friedrich Merz,Angela Merkel
301,298,Friedrich Merz,Donald Trump
302,1206,Garret Hobart,William McKinley
302,9,Garret Hobart,Adlai Stevenson I
302,1080,Garret Hobart,Theodore Roosevelt
302,539,Garret Hobart,John Adams
302,1083,Garret Hobart,Thomas Jefferson
302,246,Garret Hobart,Elbridge Gerry
302,192,Garret Hobart,Daniel D. Tompkins
302,538,Garret Hobart,John C. Calhoun
302,938,Garret Hobart,Richard Mentor Johnson
302,568,Garret Hobart,John Tyler
302,314,Garret Hobart,George M. Dallas
302,1187,Garret Hobart,William R. King
302,535,Garret Hobart,John C. Breckinridge
302,1179,Garret Hobart,William A. Wheeler
302,170,Garret Hobart,Chester A. Arthur
302,1066,Garret Hobart,Thomas A. Hendricks
302,160,Garret Hobart,Charles W. Fairbanks
302,481,Garret Hobart,James S. Sherman
302,1072,Garret Hobart,Thomas R. Marshall
302,143,Garret Hobart,Calvin Coolidge
302,153,Garret Hobart,Charles G. Dawes
302,561,Garret Hobart,John Nance Garner
302,409,Garret Hobart,Henry A. Wallace
302,389,Garret Hobart,Harry S. Truman
302,24,Garret Hobart,Alben W. Barkley
302,968,Garret Hobart,Richard Nixon
302,688,Garret Hobart,Lyndon B. Johnson
302,419,Garret Hobart,Hubert Humphrey
302,340,Garret Hobart,Gerald Ford
302,832,Garret Hobart,Nelson Rockefeller
302,1169,Garret Hobart,Walter Mondale
302,319,Garret Hobart,George H. W. Bush
302,211,Garret Hobart,Dick Cheney
302,565,Garret Hobart,Joe Biden
302,773,Garret Hobart,Mike Pence
302,628,Garret Hobart,Kamala Harris
302,466,Garret Hobart,JD Vance
303,90,Fukuda Yasuo,Asō Tarō
303,796,Fukuda Yasuo,Mori Yoshirō
303,306,Fukuda Yasuo,Fukuda Takeo
303,19,Fukuda Yasuo,Abe Shinzō
303,638,Fukuda Yasuo,Koizumi Junichirō
303,1058,Fukuda Yasuo,Suga Yoshihide
303,705,Fukuda Yasuo,Machimura Nobutaka
303,849,Fukuda Yasuo,Nukaga Fukushirō
303,1049,Fukuda Yasuo,Tanigaki Sadakazu
303,459,Fukuda Yasuo,Ishiba Shigeru
303,386,Fukuda Yasuo,Hayashi Yoshimasa
303,639,Fukuda Yasuo,Kishida Fumio
303,330,Fukuda Yasuo,George W. Bush
303,620,Fukuda Yasuo,Kevin Rudd
303,833,Fukuda Yasuo,Nguyễn Minh Triết
304,787,Gary Johnson,Michelle Lujan Grisham
305,931,Gaston Doumergue,Raymond Poincaré
305,37,Gaston Doumergue,Alexandre Millerand
305,874,Gaston Doumergue,Paul Doumer
305,501,Gaston Doumergue,Jean Casimir-Perier
305,1217,Gaston Doumergue,Émile Loubet
305,75,Gaston Doumergue,Armand Fallières
305,871,Gaston Doumergue,Paul Deschanel
305,1138,Gaston Doumergue,Vincent Auriol
305,930,Gaston Doumergue,René Coty
305,171,Gaston Doumergue,Charles de Gaulle
305,329,Gaston Doumergue,Georges Pompidou
305,1145,Gaston Doumergue,Valéry Giscard d'Estaing
305,299,Gaston Doumergue,François Mitterrand
305,474,Gaston Doumergue,Jacques Chirac
305,839,Gaston Doumergue,Nicolas Sarkozy
305,291,Gaston Doumergue,François Hollande
305,267,Gaston Doumergue,Emmanuel Macron
306,303,Fukuda Takeo,Fukuda Yasuo
306,780,Fukuda Takeo,Miyazawa Kiichi
306,548,Fukuda Takeo,Jimmy Carter
306,337,Fukuda Takeo,Giulio Andreotti
306,398,Fukuda Takeo,Helmut Schmidt
306,1145,Fukuda Takeo,Valéry Giscard d'Estaing
306,19,Fukuda Takeo,Abe Shinzō
306,638,Fukuda Takeo,Koizumi Junichirō
307,297,Gabriel García Márquez,Franz Kafka
307,1183,Gabriel García Márquez,William Faulkner
307,1144,Gabriel García Márquez,Virginia Woolf
307,288,Gabriel García Márquez,Fidel Castro
307,1063,Gabriel García Márquez,Theodor Mommsen
307,579,Gabriel García Márquez,José Echegaray
307,394,Gabriel García Márquez,Henri Bergson
307,1073,Gabriel García Márquez,Thomas Mann
307,682,Gabriel García Márquez,Luigi Pirandello
307,970,Gabriel García Márquez,Roger Martin du Gard
307,1047,Gabriel García Márquez,T. S. Eliot
307,1223,Gabriel García Márquez,Winston Churchill
307,453,Gabriel García Márquez,Ivo Andrić
307,768,Gabriel García Márquez,Miguel Ángel Asturias
307,392,Gabriel García Márquez,Heinrich Böll
307,853,Gabriel García Márquez,Odysseas Elytis
307,247,Gabriel García Márquez,Elias Canetti
307,1182,Gabriel García Márquez,William Golding
307,146,Gabriel García Márquez,Camilo José Cela
307,147,Gabriel García Márquez,Cao Hành Kiện
307,610,Gabriel García Márquez,Kazuo Ishiguro
308,1188,George Canning,William Pitt Trẻ
308,972,George Canning,Robert Walpole
308,312,George Canning,George Grenville
308,397,George Canning,"Henry Addington, Tử tước Sidmouth thứ 1"
308,1033,George Canning,Spencer Perceval
308,83,George Canning,"Arthur Wellesley, Công tước thứ 1 xứ Wellington"
308,395,George Canning,"Henry John Temple, Tử tước Palmerston thứ 3"
308,1035,George Canning,Stanley Baldwin
308,933,George Canning,Ramsay MacDonald
308,823,George Canning,Neville Chamberlain
308,1223,George Canning,Winston Churchill
308,187,George Canning,Clement Attlee
308,62,George Canning,Anthony Eden
308,380,George Canning,Harold Macmillan
308,39,George Canning,Alec Douglas-Home
308,381,George Canning,Harold Wilson
308,477,George Canning,James Callaghan
308,735,George Canning,Margaret Thatcher
308,353,George Canning,Gordon Brown
308,203,George Canning,David Cameron
308,1065,George Canning,Theresa May
308,137,George Canning,Boris Johnson
308,685,George Canning,Liz Truss
308,959,George Canning,Rishi Sunak
308,618,George Canning,Keir Starmer
309,741,Geert Wilders,Mark Rutte
309,732,Geert Wilders,Marine Le Pen
310,1150,George Akerlof,Viện Công nghệ Massachusetts
310,1232,George Akerlof,Đại học Yale
310,975,George Akerlof,Robert Solow
310,491,George Akerlof,Janet Yellen
310,760,George Akerlof,Michael Spence
310,587,George Akerlof,Joseph Stiglitz
310,883,George Akerlof,Paul Samuelson
310,1021,George Akerlof,Simon Kuznets
310,551,George Akerlof,John Hicks
310,621,George Akerlof,Kenneth Arrow
310,295,George Akerlof,Friedrich Hayek
310,794,George Akerlof,Milton Friedman
310,112,George Akerlof,Bertil Ohlin
310,494,George Akerlof,James Meade
310,1062,George Akerlof,Theodore Schultz
310,655,George Akerlof,Lawrence Klein
310,485,George Akerlof,James Tobin
310,320,George Akerlof,George Stigler
310,364,George Akerlof,Gérard Debreu
310,939,George Akerlof,Richard Stone
310,281,George Akerlof,Franco Modigliani
310,479,George Akerlof,James M. Buchanan
310,749,George Akerlof,Maurice Allais
310,1092,George Akerlof,Trygve Haavelmo
310,383,George Akerlof,Harry Markowitz
310,759,George Akerlof,Merton Miller
310,977,George Akerlof,Ronald Coase
310,326,George Akerlof,Gary Becker
310,957,George Akerlof,Robert Fogel
310,221,George Akerlof,Douglass North
310,956,George Akerlof,"Robert Lucas, Jr."
310,476,George Akerlof,James Mirrlees
310,1191,George Akerlof,William Vickrey
310,805,George Akerlof,Myron Scholes
310,54,George Akerlof,Amartya Sen
310,962,George Akerlof,Robert Mundell
310,472,George Akerlof,James Heckman
310,954,George Akerlof,Robert F. Engle
310,194,George Akerlof,Clive Granger
310,273,George Akerlof,Finn E. Kydland
310,882,George Akerlof,Peter A. Diamond
310,172,George Akerlof,Christopher A. Pissarides
310,1068,George Akerlof,Thomas J. Sargent
310,174,George Akerlof,Christopher A. Sims
310,507,George Akerlof,Jean Tirole
310,101,George Akerlof,Bengt Holmström
310,941,George Akerlof,Richard Thaler
310,262,George Akerlof,Esther Duflo
310,580,George Akerlof,Joshua Angrist
310,209,George Akerlof,David Card
311,267,Gabriel Attal,Emmanuel Macron
311,756,Gabriel Attal,Michel Barnier
311,1224,Gabriel Attal,Édouard Philippe
311,1041,Gabriel Attal,Stéphane Séjourné
311,936,Gabriel Attal,Richard Ferrand
311,167,Gabriel Attal,Charles-Maurice de Talleyrand-Périgord
311,287,Gabriel Attal,François Arago
311,75,Gabriel Attal,Armand Fallières
311,1217,Gabriel Attal,Émile Loubet
311,501,Gabriel Attal,Jean Casimir-Perier
311,322,Gabriel Attal,Georges Clemenceau
311,931,Gabriel Attal,Raymond Poincaré
311,305,Gabriel Attal,Gaston Doumergue
311,37,Gabriel Attal,Alexandre Millerand
311,171,Gabriel Attal,Charles de Gaulle
311,1138,Gabriel Attal,Vincent Auriol
311,915,Gabriel Attal,Pierre Mendès France
311,762,Gabriel Attal,Michel Debré
311,329,Gabriel Attal,Georges Pompidou
311,461,Gabriel Attal,Jacques Chaban-Delmas
311,474,Gabriel Attal,Jacques Chirac
311,652,Gabriel Attal,Laurent Fabius
311,764,Gabriel Attal,Michel Rocard
311,20,Gabriel Attal,Alain Juppé
311,217,Gabriel Attal,Dominique de Villepin
311,294,Gabriel Attal,François Fillon
311,516,Gabriel Attal,Jean-Marc Ayrault
311,726,Gabriel Attal,Manuel Valls
311,111,Gabriel Attal,Bernard Cazeneuve
312,1188,George Grenville,William Pitt Trẻ
312,933,George Grenville,Ramsay MacDonald
312,823,George Grenville,Neville Chamberlain
312,1223,George Grenville,Winston Churchill
312,308,George Grenville,George Canning
312,1033,George Grenville,Spencer Perceval
312,353,George Grenville,Gordon Brown
312,972,George Grenville,Robert Walpole
312,397,George Grenville,"Henry Addington, Tử tước Sidmouth thứ 1"
312,83,George Grenville,"Arthur Wellesley, Công tước thứ 1 xứ Wellington"
312,395,George Grenville,"Henry John Temple, Tử tước Palmerston thứ 3"
312,1035,George Grenville,Stanley Baldwin
312,187,George Grenville,Clement Attlee
312,62,George Grenville,Anthony Eden
312,380,George Grenville,Harold Macmillan
312,39,George Grenville,Alec Douglas-Home
312,381,George Grenville,Harold Wilson
312,477,George Grenville,James Callaghan
312,735,George Grenville,Margaret Thatcher
312,203,George Grenville,David Cameron
312,1065,George Grenville,Theresa May
312,137,George Grenville,Boris Johnson
312,685,George Grenville,Liz Truss
312,959,George Grenville,Rishi Sunak
312,618,George Grenville,Keir Starmer
314,473,George M. Dallas,James K. Polk
314,568,George M. Dallas,John Tyler
314,286,George M. Dallas,Franklin Pierce
314,469,George M. Dallas,James Buchanan
315,119,George McGovern,Bill Clinton
315,549,George McGovern,John F. Kennedy
315,952,George McGovern,Robert F. Kennedy
315,968,George McGovern,Richard Nixon
316,203,George Osborne,David Cameron
316,1185,George Osborne,William Hague
316,1233,George Osborne,Đại học Oxford
317,119,George Tenet,Bill Clinton
317,330,George Tenet,George W. Bush
318,44,George Reid (chính khách Úc),Alfred Deakin
318,52,George Reid (chính khách Úc),Andrew Fisher
318,235,George Reid (chính khách Úc),Edmund Barton
318,1032,George Reid (chính khách Úc),Stanley Bruce
318,236,George Reid (chính khách Úc),Earle Page
318,960,George Reid (chính khách Úc),Robert Menzies
318,282,George Reid (chính khách Úc),Frank Forde
318,377,George Reid (chính khách Úc),Harold Holt
318,559,George Reid (chính khách Úc),John McEwen
318,543,George Reid (chính khách Úc),John Gorton
318,1184,George Reid (chính khách Úc),William McMahon
318,348,George Reid (chính khách Úc),Gough Whitlam
318,714,George Reid (chính khách Úc),Malcolm Fraser
318,120,George Reid (chính khách Úc),Bob Hawke
318,547,George Reid (chính khách Úc),John Howard
318,620,George Reid (chính khách Úc),Kevin Rudd
318,597,George Reid (chính khách Úc),Julia Gillard
318,1084,George Reid (chính khách Úc),Tony Abbott
318,717,George Reid (chính khách Úc),Malcolm Turnbull
318,1003,George Reid (chính khách Úc),Scott Morrison
318,63,George Reid (chính khách Úc),Anthony Albanese
319,1036,George H. W. Bush,Ronald Reagan
319,119,George H. W. Bush,Bill Clinton
319,1169,George H. W. Bush,Walter Mondale
319,340,George H. W. Bush,Gerald Ford
319,968,George H. W. Bush,Richard Nixon
319,330,George H. W. Bush,George W. Bush
319,513,George H. W. Bush,Jeb Bush
319,1232,George H. W. Bush,Đại học Yale
319,539,George H. W. Bush,John Adams
319,562,George H. W. Bush,John Quincy Adams
319,911,George H. W. Bush,Prescott Bush
319,548,George H. W. Bush,Jimmy Carter
319,298,George H. W. Bush,Donald Trump
319,1083,George H. W. Bush,Thomas Jefferson
319,483,George H. W. Bush,James Madison
319,482,George H. W. Bush,James Monroe
319,1190,George H. W. Bush,William Henry Harrison
319,568,George H. W. Bush,John Tyler
319,473,George H. W. Bush,James K. Polk
319,286,George H. W. Bush,Franklin Pierce
319,469,George H. W. Bush,James Buchanan
319,1127,George H. W. Bush,Ulysses S. Grant
319,993,George H. W. Bush,Rutherford B. Hayes
319,470,George H. W. Bush,James A. Garfield
319,170,George H. W. Bush,Chester A. Arthur
319,108,George H. W. Bush,Benjamin Harrison
319,1206,George H. W. Bush,William McKinley
319,1080,George H. W. Bush,Theodore Roosevelt
319,1189,George H. W. Bush,William Howard Taft
319,1201,George H. W. Bush,Woodrow Wilson
319,1170,George H. W. Bush,Warren G. Harding
319,143,George H. W. Bush,Calvin Coolidge
319,405,George H. W. Bush,Herbert Hoover
319,292,George H. W. Bush,Franklin D. Roosevelt
319,389,George H. W. Bush,Harry S. Truman
319,228,George H. W. Bush,Dwight D. Eisenhower
319,549,George H. W. Bush,John F. Kennedy
319,688,George H. W. Bush,Lyndon B. Johnson
319,156,George H. W. Bush,Barack Obama
319,565,George H. W. Bush,Joe Biden
319,246,George H. W. Bush,Elbridge Gerry
319,192,George H. W. Bush,Daniel D. Tompkins
319,538,George H. W. Bush,John C. Calhoun
319,938,George H. W. Bush,Richard Mentor Johnson
319,314,George H. W. Bush,George M. Dallas
319,1187,George H. W. Bush,William R. King
319,535,George H. W. Bush,John C. Breckinridge
319,1179,George H. W. Bush,William A. Wheeler
319,1066,George H. W. Bush,Thomas A. Hendricks
319,9,George H. W. Bush,Adlai Stevenson I
319,302,George H. W. Bush,Garret Hobart
319,160,George H. W. Bush,Charles W. Fairbanks
319,481,George H. W. Bush,James S. Sherman
319,1072,George H. W. Bush,Thomas R. Marshall
319,153,George H. W. Bush,Charles G. Dawes
319,561,George H. W. Bush,John Nance Garner
319,409,George H. W. Bush,Henry A. Wallace
319,24,George H. W. Bush,Alben W. Barkley
319,419,George H. W. Bush,Hubert Humphrey
319,832,George H. W. Bush,Nelson Rockefeller
319,211,George H. W. Bush,Dick Cheney
319,773,George H. W. Bush,Mike Pence
319,628,George H. W. Bush,Kamala Harris
319,466,George H. W. Bush,JD Vance
319,76,George H. W. Bush,Anwar Al-Sadad
319,1235,George H. W. Bush,Đặng Tiểu Bình
319,983,George H. W. Bush,Ruhollah Khomeini
319,198,George H. W. Bush,Corazon Aquino
319,803,George H. W. Bush,Mikhail Sergeyevich Gorbachyov
319,837,George H. W. Bush,Nelson Mandela
319,824,George H. W. Bush,Newt Gingrich
319,515,George H. W. Bush,Jeff Bezos
319,1125,George H. W. Bush,Tưởng Giới Thạch
319,1223,George H. W. Bush,Winston Churchill
319,321,George H. W. Bush,George Marshall
319,798,George H. W. Bush,Mohammad Mosaddegh
319,634,George H. W. Bush,Konrad Adenauer
319,541,George H. W. Bush,John Foster Dulles
319,854,George H. W. Bush,Nikita Sergeyevich Khrushchyov
319,171,George H. W. Bush,Charles de Gaulle
319,408,George H. W. Bush,Henry Kissinger
319,978,George H. W. Bush,Rudy Giuliani
319,121,George H. W. Bush,Bill Gates
319,1153,George H. W. Bush,Vladimir Vladimirovich Putin
319,743,George H. W. Bush,Mark Zuckerberg
319,68,George H. W. Bush,Angela Merkel
319,738,George H. W. Bush,Maria Ressa
319,268,George H. W. Bush,Elon Musk
319,1148,George H. W. Bush,Volodymyr Oleksandrovych Zelenskyy
319,1175,George H. W. Bush,Taylor Swift
320,794,George Stigler,Milton Friedman
320,1230,George Stigler,Đại học Harvard
320,883,George Stigler,Paul Samuelson
320,1021,George Stigler,Simon Kuznets
320,551,George Stigler,John Hicks
320,621,George Stigler,Kenneth Arrow
320,295,George Stigler,Friedrich Hayek
320,112,George Stigler,Bertil Ohlin
320,494,George Stigler,James Meade
320,1062,George Stigler,Theodore Schultz
320,655,George Stigler,Lawrence Klein
320,485,George Stigler,James Tobin
320,364,George Stigler,Gérard Debreu
320,939,George Stigler,Richard Stone
320,281,George Stigler,Franco Modigliani
320,479,George Stigler,James M. Buchanan
320,975,George Stigler,Robert Solow
320,749,George Stigler,Maurice Allais
320,1092,George Stigler,Trygve Haavelmo
320,383,George Stigler,Harry Markowitz
320,759,George Stigler,Merton Miller
320,977,George Stigler,Ronald Coase
320,326,George Stigler,Gary Becker
320,957,George Stigler,Robert Fogel
320,221,George Stigler,Douglass North
320,956,George Stigler,"Robert Lucas, Jr."
320,476,George Stigler,James Mirrlees
320,1191,George Stigler,William Vickrey
320,805,George Stigler,Myron Scholes
320,54,George Stigler,Amartya Sen
320,962,George Stigler,Robert Mundell
320,472,George Stigler,James Heckman
320,310,George Stigler,George Akerlof
320,760,George Stigler,Michael Spence
320,587,George Stigler,Joseph Stiglitz
320,954,George Stigler,Robert F. Engle
320,194,George Stigler,Clive Granger
320,273,George Stigler,Finn E. Kydland
320,882,George Stigler,Peter A. Diamond
320,172,George Stigler,Christopher A. Pissarides
320,1068,George Stigler,Thomas J. Sargent
320,174,George Stigler,Christopher A. Sims
320,507,George Stigler,Jean Tirole
320,101,George Stigler,Bengt Holmström
320,941,George Stigler,Richard Thaler
320,262,George Stigler,Esther Duflo
320,580,George Stigler,Joshua Angrist
320,209,George Stigler,David Card
320,86,George Stigler,Anthony Fauci
320,1142,George Stigler,Vannevar Bush
321,389,George Marshall,Harry S. Truman
321,292,George Marshall,Franklin D. Roosevelt
321,228,George Marshall,Dwight D. Eisenhower
321,1223,George Marshall,Winston Churchill
321,1080,George Marshall,Theodore Roosevelt
321,1201,George Marshall,Woodrow Wilson
321,153,George Marshall,Charles G. Dawes
321,895,George Marshall,Philip Noel-Baker
321,191,George Marshall,Dag Hammarskjöld
321,408,George Marshall,Henry Kissinger
321,1011,George Marshall,Satō Eisaku
321,76,George Marshall,Anwar Al-Sadad
321,758,George Marshall,Menachem Begin
321,1222,George Marshall,Óscar Arias
321,803,George Marshall,Mikhail Sergeyevich Gorbachyov
321,103,George Marshall,Aung San Suu Kyi
321,837,George Marshall,Nelson Mandela
321,1024,George Marshall,Shimon Peres
321,631,George Marshall,Kim Dae-jung
321,627,George Marshall,Kofi Annan
321,548,George Marshall,Jimmy Carter
321,786,George Marshall,Mohamed ElBaradei
321,806,George Marshall,Muhammad Yunus
321,742,George Marshall,Martti Ahtisaari
321,156,George Marshall,Barack Obama
321,243,George Marshall,Ellen Johnson Sirleaf
321,716,George Marshall,Malala Yousafzai
321,595,George Marshall,Juan Manuel Santos
321,3,George Marshall,Abiy Ahmed
321,738,George Marshall,Maria Ressa
322,931,Georges Clemenceau,Raymond Poincaré
322,37,Georges Clemenceau,Alexandre Millerand
322,75,Georges Clemenceau,Armand Fallières
324,1160,Georgy Maksimilianovich Malenkov,Vladimir Ilyich Lenin
324,854,Georgy Maksimilianovich Malenkov,Nikita Sergeyevich Khrushchyov
324,803,Georgy Maksimilianovich Malenkov,Mikhail Sergeyevich Gorbachyov
326,794,Gary Becker,Milton Friedman
326,883,Gary Becker,Paul Samuelson
326,485,Gary Becker,James Tobin
326,621,Gary Becker,Kenneth Arrow
326,655,Gary Becker,Lawrence Klein
326,975,Gary Becker,Robert Solow
326,587,Gary Becker,Joseph Stiglitz
326,760,Gary Becker,Michael Spence
326,472,Gary Becker,James Heckman
326,653,Gary Becker,Lawrence Summers
326,209,Gary Becker,David Card
326,196,Gary Becker,Daron Acemoğlu
326,262,Gary Becker,Esther Duflo
326,1021,Gary Becker,Simon Kuznets
326,551,Gary Becker,John Hicks
326,295,Gary Becker,Friedrich Hayek
326,112,Gary Becker,Bertil Ohlin
326,494,Gary Becker,James Meade
326,1062,Gary Becker,Theodore Schultz
326,320,Gary Becker,George Stigler
326,364,Gary Becker,Gérard Debreu
326,939,Gary Becker,Richard Stone
326,281,Gary Becker,Franco Modigliani
326,479,Gary Becker,James M. Buchanan
326,749,Gary Becker,Maurice Allais
326,1092,Gary Becker,Trygve Haavelmo
326,383,Gary Becker,Harry Markowitz
326,759,Gary Becker,Merton Miller
326,977,Gary Becker,Ronald Coase
326,957,Gary Becker,Robert Fogel
326,221,Gary Becker,Douglass North
326,956,Gary Becker,"Robert Lucas, Jr."
326,476,Gary Becker,James Mirrlees
326,1191,Gary Becker,William Vickrey
326,805,Gary Becker,Myron Scholes
326,54,Gary Becker,Amartya Sen
326,962,Gary Becker,Robert Mundell
326,310,Gary Becker,George Akerlof
326,954,Gary Becker,Robert F. Engle
326,194,Gary Becker,Clive Granger
326,273,Gary Becker,Finn E. Kydland
326,882,Gary Becker,Peter A. Diamond
326,172,Gary Becker,Christopher A. Pissarides
326,1068,Gary Becker,Thomas J. Sargent
326,174,Gary Becker,Christopher A. Sims
326,507,Gary Becker,Jean Tirole
326,101,Gary Becker,Bengt Holmström
326,941,Gary Becker,Richard Thaler
326,580,Gary Becker,Joshua Angrist
326,86,Gary Becker,Anthony Fauci
326,1142,Gary Becker,Vannevar Bush
327,467,Ghazi Mashal Ajil al-Yawer,Jalal Talabani
329,461,Georges Pompidou,Jacques Chaban-Delmas
329,171,Georges Pompidou,Charles de Gaulle
329,1145,Georges Pompidou,Valéry Giscard d'Estaing
329,762,Georges Pompidou,Michel Debré
329,16,Georges Pompidou,Alain Poher
329,968,Georges Pompidou,Richard Nixon
329,874,Georges Pompidou,Paul Doumer
329,474,Georges Pompidou,Jacques Chirac
329,501,Georges Pompidou,Jean Casimir-Perier
329,1217,Georges Pompidou,Émile Loubet
329,75,Georges Pompidou,Armand Fallières
329,931,Georges Pompidou,Raymond Poincaré
329,871,Georges Pompidou,Paul Deschanel
329,37,Georges Pompidou,Alexandre Millerand
329,305,Georges Pompidou,Gaston Doumergue
329,1138,Georges Pompidou,Vincent Auriol
329,930,Georges Pompidou,René Coty
329,299,Georges Pompidou,François Mitterrand
329,839,Georges Pompidou,Nicolas Sarkozy
329,291,Georges Pompidou,François Hollande
329,267,Georges Pompidou,Emmanuel Macron
329,167,Georges Pompidou,Charles-Maurice de Talleyrand-Périgord
329,287,Georges Pompidou,François Arago
329,322,Georges Pompidou,Georges Clemenceau
329,915,Georges Pompidou,Pierre Mendès France
329,652,Georges Pompidou,Laurent Fabius
329,764,Georges Pompidou,Michel Rocard
329,20,Georges Pompidou,Alain Juppé
329,217,Georges Pompidou,Dominique de Villepin
329,294,Georges Pompidou,François Fillon
329,516,Georges Pompidou,Jean-Marc Ayrault
329,726,Georges Pompidou,Manuel Valls
329,111,Georges Pompidou,Bernard Cazeneuve
329,1224,Georges Pompidou,Édouard Philippe
329,311,Georges Pompidou,Gabriel Attal
329,756,Georges Pompidou,Michel Barnier
330,211,George W. Bush,Dick Cheney
330,119,George W. Bush,Bill Clinton
330,156,George W. Bush,Barack Obama
330,951,George W. Bush,Rick Perry
330,668,George W. Bush,Laura Bush
330,319,George W. Bush,George H. W. Bush
330,1232,George W. Bush,Đại học Yale
330,1230,George W. Bush,Đại học Harvard
330,562,George W. Bush,John Quincy Adams
330,513,George W. Bush,Jeb Bush
330,483,George W. Bush,James Madison
330,373,George W. Bush,Hamid Karzai
330,200,George W. Bush,Condoleezza Rice
330,188,George W. Bush,Colin Powell
330,627,George W. Bush,Kofi Annan
330,1036,George W. Bush,Ronald Reagan
330,216,George W. Bush,Donald Rumsfeld
330,340,George W. Bush,Gerald Ford
330,317,George W. Bush,George Tenet
330,564,George W. Bush,John R. Bolton
330,560,George W. Bush,John Roberts
330,547,George W. Bush,John Howard
330,808,George W. Bush,Muntadhar al-Zaidi
330,228,George W. Bush,Dwight D. Eisenhower
330,591,George W. Bush,John McCain
330,539,George W. Bush,John Adams
330,1083,George W. Bush,Thomas Jefferson
330,482,George W. Bush,James Monroe
330,1190,George W. Bush,William Henry Harrison
330,568,George W. Bush,John Tyler
330,473,George W. Bush,James K. Polk
330,286,George W. Bush,Franklin Pierce
330,469,George W. Bush,James Buchanan
330,1127,George W. Bush,Ulysses S. Grant
330,993,George W. Bush,Rutherford B. Hayes
330,470,George W. Bush,James A. Garfield
330,170,George W. Bush,Chester A. Arthur
330,108,George W. Bush,Benjamin Harrison
330,1206,George W. Bush,William McKinley
330,1080,George W. Bush,Theodore Roosevelt
330,1189,George W. Bush,William Howard Taft
330,1201,George W. Bush,Woodrow Wilson
330,1170,George W. Bush,Warren G. Harding
330,143,George W. Bush,Calvin Coolidge
330,405,George W. Bush,Herbert Hoover
330,292,George W. Bush,Franklin D. Roosevelt
330,389,George W. Bush,Harry S. Truman
330,549,George W. Bush,John F. Kennedy
330,688,George W. Bush,Lyndon B. Johnson
330,968,George W. Bush,Richard Nixon
330,548,George W. Bush,Jimmy Carter
330,298,George W. Bush,Donald Trump
330,565,George W. Bush,Joe Biden
330,365,George W. Bush,Greg Abbott
330,76,George W. Bush,Anwar Al-Sadad
330,1235,George W. Bush,Đặng Tiểu Bình
330,983,George W. Bush,Ruhollah Khomeini
330,198,George W. Bush,Corazon Aquino
330,803,George W. Bush,Mikhail Sergeyevich Gorbachyov
330,837,George W. Bush,Nelson Mandela
330,824,George W. Bush,Newt Gingrich
330,515,George W. Bush,Jeff Bezos
331,520,Gavin Newsom,Jerry Brown
331,1228,Gavin Newsom,Đại học Stanford
331,817,Gavin Newsom,Nancy Pelosi
331,188,Gavin Newsom,Colin Powell
331,119,Gavin Newsom,Bill Clinton
331,754,Gavin Newsom,Michael Bloomberg
331,565,Gavin Newsom,Joe Biden
331,831,Gavin Newsom,Ned Lamont
331,505,Gavin Newsom,Janet Mills
331,173,Gavin Newsom,Charlie Baker
331,183,Gavin Newsom,Chris Sununu
331,913,Gavin Newsom,Phil Murphy
331,50,Gavin Newsom,Andrew Cuomo
331,1107,Gavin Newsom,Tom Wolf
331,202,Gavin Newsom,Daniel McKee
331,898,Gavin Newsom,Phil Scott
331,480,Gavin Newsom,J. B. Pritzker
331,258,Gavin Newsom,Eric Holcomb
331,636,Gavin Newsom,Kim Reynolds
331,673,Gavin Newsom,Laura Kelly
331,367,Gavin Newsom,Gretchen Whitmer
331,1089,Gavin Newsom,Tim Walz
331,903,Gavin Newsom,Pete Ricketts
331,220,Gavin Newsom,Doug Burgum
331,812,Gavin Newsom,Mike DeWine
331,642,Gavin Newsom,Kristi Noem
331,1091,Gavin Newsom,Tony Evers
331,614,Gavin Newsom,Kay Ivey
331,91,Gavin Newsom,Asa Hutchinson
331,554,Gavin Newsom,John Carney
331,979,Gavin Newsom,Ron DeSantis
331,142,Gavin Newsom,Brian Kemp
331,60,Gavin Newsom,Andy Beshear
331,536,Gavin Newsom,John Bel Edwards
331,650,Gavin Newsom,Larry Hogan
331,1061,Gavin Newsom,Tate Reeves
331,1008,Gavin Newsom,Roy Cooper
331,624,Gavin Newsom,Kevin Stitt
331,404,Gavin Newsom,Henry McMaster
331,124,Gavin Newsom,Bill Lee
331,365,Gavin Newsom,Greg Abbott
331,946,Gavin Newsom,Ralph Northam
331,534,Gavin Newsom,Jim Justice
331,779,Gavin Newsom,Mike Dunleavy
331,242,Gavin Newsom,Doug Ducey
331,502,Gavin Newsom,Jared Polis
331,208,Gavin Newsom,David Ige
331,140,Gavin Newsom,Brad Little
331,388,Gavin Newsom,Greg Gianforte
331,1060,Gavin Newsom,Steve Sisolak
331,787,Gavin Newsom,Michelle Lujan Grisham
331,612,Gavin Newsom,Kate Brown
331,1030,Gavin Newsom,Spencer Cox
331,506,Gavin Newsom,Jay Inslee
331,736,Gavin Newsom,Mark Gordon (chính trị gia)
332,565,Gina Raimondo,Joe Biden
332,1232,Gina Raimondo,Đại học Yale
333,974,Giorgio Napolitano,Romano Prodi
333,1026,Giorgio Napolitano,Silvio Berlusconi
333,733,Giorgio Napolitano,Mario Monti
333,255,Giorgio Napolitano,Enrico Letta
333,752,Giorgio Napolitano,Matteo Renzi
333,1012,Giorgio Napolitano,Sergio Mattarella
334,1000,Giovanni Spadolini,Sandro Pertini
334,77,Giovanni Spadolini,Arnaldo Forlani
334,113,Giovanni Spadolini,Bettino Craxi
334,337,Giovanni Spadolini,Giulio Andreotti
334,32,Giovanni Spadolini,Aldo Moro
334,114,Giovanni Spadolini,Bettino Ricasoli
334,1124,Giovanni Spadolini,Urbano Rattazzi
334,274,Giovanni Spadolini,Francesco Crispi
334,335,Giovanni Spadolini,Giovanni Giolitti
334,676,Giovanni Spadolini,Luigi Luzzatti
334,64,Giovanni Spadolini,Antonio Salandra
334,29,Giovanni Spadolini,Alcide De Gasperi
334,272,Giovanni Spadolini,Francesco Cossiga
334,336,Giovanni Spadolini,Giuliano Amato
334,1026,Giovanni Spadolini,Silvio Berlusconi
334,645,Giovanni Spadolini,Lamberto Dini
334,974,Giovanni Spadolini,Romano Prodi
334,733,Giovanni Spadolini,Mario Monti
334,255,Giovanni Spadolini,Enrico Letta
334,752,Giovanni Spadolini,Matteo Renzi
334,870,Giovanni Spadolini,Paolo Gentiloni
334,347,Giovanni Spadolini,Giuseppe Conte
334,739,Giovanni Spadolini,Mario Draghi
335,676,Giovanni Giolitti,Luigi Luzzatti
335,64,Giovanni Giolitti,Antonio Salandra
335,274,Giovanni Giolitti,Francesco Crispi
335,114,Giovanni Giolitti,Bettino Ricasoli
335,1124,Giovanni Giolitti,Urbano Rattazzi
335,29,Giovanni Giolitti,Alcide De Gasperi
335,32,Giovanni Giolitti,Aldo Moro
335,337,Giovanni Giolitti,Giulio Andreotti
335,272,Giovanni Giolitti,Francesco Cossiga
335,77,Giovanni Giolitti,Arnaldo Forlani
335,334,Giovanni Giolitti,Giovanni Spadolini
335,113,Giovanni Giolitti,Bettino Craxi
335,336,Giovanni Giolitti,Giuliano Amato
335,1026,Giovanni Giolitti,Silvio Berlusconi
335,645,Giovanni Giolitti,Lamberto Dini
335,974,Giovanni Giolitti,Romano Prodi
335,733,Giovanni Giolitti,Mario Monti
335,255,Giovanni Giolitti,Enrico Letta
335,752,Giovanni Giolitti,Matteo Renzi
335,870,Giovanni Giolitti,Paolo Gentiloni
335,347,Giovanni Giolitti,Giuseppe Conte
335,739,Giovanni Giolitti,Mario Draghi
336,1026,Giuliano Amato,Silvio Berlusconi
336,337,Giuliano Amato,Giulio Andreotti
336,333,Giuliano Amato,Giorgio Napolitano
336,974,Giuliano Amato,Romano Prodi
336,77,Giuliano Amato,Arnaldo Forlani
336,114,Giuliano Amato,Bettino Ricasoli
336,1124,Giuliano Amato,Urbano Rattazzi
336,274,Giuliano Amato,Francesco Crispi
336,335,Giuliano Amato,Giovanni Giolitti
336,676,Giuliano Amato,Luigi Luzzatti
336,64,Giuliano Amato,Antonio Salandra
336,29,Giuliano Amato,Alcide De Gasperi
336,32,Giuliano Amato,Aldo Moro
336,272,Giuliano Amato,Francesco Cossiga
336,334,Giuliano Amato,Giovanni Spadolini
336,113,Giuliano Amato,Bettino Craxi
336,645,Giuliano Amato,Lamberto Dini
336,733,Giuliano Amato,Mario Monti
336,255,Giuliano Amato,Enrico Letta
336,752,Giuliano Amato,Matteo Renzi
336,870,Giuliano Amato,Paolo Gentiloni
336,347,Giuliano Amato,Giuseppe Conte
336,739,Giuliano Amato,Mario Draghi
337,272,Giulio Andreotti,Francesco Cossiga
337,182,Giulio Andreotti,Ciriaco De Mita
337,336,Giulio Andreotti,Giuliano Amato
337,1000,Giulio Andreotti,Sandro Pertini
337,32,Giulio Andreotti,Aldo Moro
337,113,Giulio Andreotti,Bettino Craxi
337,77,Giulio Andreotti,Arnaldo Forlani
337,29,Giulio Andreotti,Alcide De Gasperi
337,114,Giulio Andreotti,Bettino Ricasoli
337,1124,Giulio Andreotti,Urbano Rattazzi
337,274,Giulio Andreotti,Francesco Crispi
337,335,Giulio Andreotti,Giovanni Giolitti
337,676,Giulio Andreotti,Luigi Luzzatti
337,64,Giulio Andreotti,Antonio Salandra
337,334,Giulio Andreotti,Giovanni Spadolini
337,1026,Giulio Andreotti,Silvio Berlusconi
337,645,Giulio Andreotti,Lamberto Dini
337,974,Giulio Andreotti,Romano Prodi
337,733,Giulio Andreotti,Mario Monti
337,255,Giulio Andreotti,Enrico Letta
337,752,Giulio Andreotti,Matteo Renzi
337,870,Giulio Andreotti,Paolo Gentiloni
337,347,Giulio Andreotti,Giuseppe Conte
337,739,Giulio Andreotti,Mario Draghi
338,159,Gitanas Nausėda,Charles Michel
338,603,Gitanas Nausėda,Karl Nehammer
338,48,Gitanas Nausėda,Andrej Babiš
338,757,Gitanas Nausėda,Mette Frederiksen
338,598,Gitanas Nausėda,Kaja Kallas
338,1004,Gitanas Nausėda,Sanna Marin
338,267,Gitanas Nausėda,Emmanuel Macron
338,862,Gitanas Nausėda,Olaf Scholz
338,648,Gitanas Nausėda,Kyriakos Mitsotakis
338,766,Gitanas Nausėda,Micheál Martin
338,264,Gitanas Nausėda,Evika Siliņa
338,1199,Gitanas Nausėda,Xavier Bettel
338,953,Gitanas Nausėda,Robert Abela
338,741,Gitanas Nausėda,Mark Rutte
338,219,Gitanas Nausėda,Donald Tusk
338,72,Gitanas Nausėda,António Costa
338,626,Gitanas Nausėda,Klaus Iohannis
338,496,Gitanas Nausėda,Janez Janša
338,887,Gitanas Nausėda,Pedro Sánchez
338,708,Gitanas Nausėda,Magdalena Andersson
339,243,George Weah,Ellen Johnson Sirleaf
339,573,George Weah,Joseph Boakai
339,837,George Weah,Nelson Mandela
340,832,Gerald Ford,Nelson Rockefeller
340,968,Gerald Ford,Richard Nixon
340,548,Gerald Ford,Jimmy Carter
340,1232,Gerald Ford,Đại học Yale
340,1036,Gerald Ford,Ronald Reagan
340,539,Gerald Ford,John Adams
340,1083,Gerald Ford,Thomas Jefferson
340,483,Gerald Ford,James Madison
340,482,Gerald Ford,James Monroe
340,562,Gerald Ford,John Quincy Adams
340,1190,Gerald Ford,William Henry Harrison
340,568,Gerald Ford,John Tyler
340,473,Gerald Ford,James K. Polk
340,286,Gerald Ford,Franklin Pierce
340,469,Gerald Ford,James Buchanan
340,1127,Gerald Ford,Ulysses S. Grant
340,993,Gerald Ford,Rutherford B. Hayes
340,470,Gerald Ford,James A. Garfield
340,170,Gerald Ford,Chester A. Arthur
340,108,Gerald Ford,Benjamin Harrison
340,1206,Gerald Ford,William McKinley
340,1080,Gerald Ford,Theodore Roosevelt
340,1189,Gerald Ford,William Howard Taft
340,1201,Gerald Ford,Woodrow Wilson
340,1170,Gerald Ford,Warren G. Harding
340,143,Gerald Ford,Calvin Coolidge
340,405,Gerald Ford,Herbert Hoover
340,292,Gerald Ford,Franklin D. Roosevelt
340,389,Gerald Ford,Harry S. Truman
340,228,Gerald Ford,Dwight D. Eisenhower
340,549,Gerald Ford,John F. Kennedy
340,688,Gerald Ford,Lyndon B. Johnson
340,319,Gerald Ford,George H. W. Bush
340,119,Gerald Ford,Bill Clinton
340,330,Gerald Ford,George W. Bush
340,156,Gerald Ford,Barack Obama
340,298,Gerald Ford,Donald Trump
340,565,Gerald Ford,Joe Biden
340,246,Gerald Ford,Elbridge Gerry
340,192,Gerald Ford,Daniel D. Tompkins
340,538,Gerald Ford,John C. Calhoun
340,938,Gerald Ford,Richard Mentor Johnson
340,314,Gerald Ford,George M. Dallas
340,1187,Gerald Ford,William R. King
340,535,Gerald Ford,John C. Breckinridge
340,1179,Gerald Ford,William A. Wheeler
340,1066,Gerald Ford,Thomas A. Hendricks
340,9,Gerald Ford,Adlai Stevenson I
340,302,Gerald Ford,Garret Hobart
340,160,Gerald Ford,Charles W. Fairbanks
340,481,Gerald Ford,James S. Sherman
340,1072,Gerald Ford,Thomas R. Marshall
340,153,Gerald Ford,Charles G. Dawes
340,561,Gerald Ford,John Nance Garner
340,409,Gerald Ford,Henry A. Wallace
340,24,Gerald Ford,Alben W. Barkley
340,419,Gerald Ford,Hubert Humphrey
340,1169,Gerald Ford,Walter Mondale
340,211,Gerald Ford,Dick Cheney
340,773,Gerald Ford,Mike Pence
340,628,Gerald Ford,Kamala Harris
340,466,Gerald Ford,JD Vance
341,1201,Giuseppe Mazzini,Woodrow Wilson
341,356,Giuseppe Mazzini,Golda Meir
341,497,Giuseppe Mazzini,Jawaharlal Nehru
342,457,Giang Trạch Dân,Hồ Cẩm Đào
342,1235,Giang Trạch Dân,Đặng Tiểu Bình
342,180,Giang Trạch Dân,Chu Dung Cơ
342,761,Giang Trạch Dân,Mao Trạch Đông
342,1167,Giang Trạch Dân,Tập Cận Bình
342,686,Giang Trạch Dân,Lý Cường
342,1094,Giang Trạch Dân,Triệu Lạc Tế
342,1168,Giang Trạch Dân,Vương Hỗ Ninh
342,1082,Giang Trạch Dân,Thái Kỳ
342,1231,Giang Trạch Dân,Đinh Tiết Tường
342,692,Giang Trạch Dân,Lý Hi
342,431,Giang Trạch Dân,Hà Lập Phong
342,1108,Giang Trạch Dân,Trần Văn Thanh (chính khách Trung Quốc)
342,684,Giang Trạch Dân,Lý Cán Kiệt
342,691,Giang Trạch Dân,Lý Thư Lỗi
342,1081,Giang Trạch Dân,Thạch Thái Phong
342,427,Giang Trạch Dân,Hà Vệ Đông
342,1105,Giang Trạch Dân,Trần Độc Tú
342,1140,Giang Trạch Dân,Trương Quốc Thanh
342,709,Giang Trạch Dân,Lưu Quốc Trung
342,1174,Giang Trạch Dân,Vương Tiểu Hồng
342,834,Giang Trạch Dân,Ngô Chính Long
342,1104,Giang Trạch Dân,Thầm Di Cầm
342,1229,Giang Trạch Dân,Đổng Quân
342,421,Giang Trạch Dân,Hoài Tiến Bằng
342,1212,Giang Trạch Dân,Âm Hòa Tuấn
342,630,Giang Trạch Dân,Kim Tráng Long
342,1103,Giang Trạch Dân,Trần Nhất Tân
342,703,Giang Trạch Dân,Lục Trị Nguyên
342,439,Giang Trạch Dân,Hạ Vinh
342,651,Giang Trạch Dân,Lam Phật An
342,1156,Giang Trạch Dân,Vương Hiểu Bình
342,1165,Giang Trạch Dân,Vương Quảng Hoa
342,426,Giang Trạch Dân,Hoàng Nhuận Thu
342,828,Giang Trạch Dân,Nghê Hồng
342,689,Giang Trạch Dân,Lý Quốc Anh
342,1166,Giang Trạch Dân,Vương Văn Đào
342,1113,Giang Trạch Dân,Tôn Nghiệp Lễ
342,1172,Giang Trạch Dân,Vương Tường Hỉ
342,144,Giang Trạch Dân,Bùi Kim Giai
342,1119,Giang Trạch Dân,Trịnh Sách Khiết
342,899,Giang Trạch Dân,Phan Nhạc (chính khách)
342,811,Giang Trạch Dân,Mã Hiểu Vĩ
342,893,Giang Trạch Dân,Phan Công Thắng
342,445,Giang Trạch Dân,Hầu Khải
342,429,Giang Trạch Dân,Hác Bằng
342,826,Giang Trạch Dân,Nghê Nhạc Phong
342,1157,Giang Trạch Dân,Vương Quân (sinh năm 1958)
342,1086,Giang Trạch Dân,Tiêu Á Khánh
342,420,Giang Trạch Dân,Hoàng Thủ Hoành
342,694,Giang Trạch Dân,Lưu Kết Nhất
342,1071,Giang Trạch Dân,Thái Danh Chiếu
342,687,Giang Trạch Dân,Lý Hiểu Hồng
342,1076,Giang Trạch Dân,Thận Hải Hùng
342,232,Giang Trạch Dân,Dịch Hội Mãn
342,199,Giang Trạch Dân,Chu Ân Lai
342,702,Giang Trạch Dân,Lý Khắc Cường
342,697,Giang Trạch Dân,Lý Hồng Trung
342,698,Giang Trạch Dân,Lưu Kỳ (sinh năm 1957)
342,701,Giang Trạch Dân,Lưu Kim Quốc
342,98,Giang Trạch Dân,Bayanqolu
342,696,Giang Trạch Dân,Lạc Thụ Cương
342,683,Giang Trạch Dân,Lâu Cần Kiệm
342,1146,Giang Trạch Dân,Vu Vĩ Quốc
342,712,Giang Trạch Dân,Lộc Tâm Xã
342,1227,Giang Trạch Dân,Đỗ Gia Hào
342,224,Giang Trạch Dân,Dương Chấn Vũ
342,218,Giang Trạch Dân,Diệp Kiếm Anh
342,1095,Giang Trạch Dân,Triệu Khắc Chí
342,829,Giang Trạch Dân,Ngô Bang Quốc
342,1098,Giang Trạch Dân,Trương Đức Giang
342,715,Giang Trạch Dân,Lật Chiến Thư
342,1132,Giang Trạch Dân,Uông Dương
342,430,Giang Trạch Dân,Hạ Bảo Long
342,1178,Giang Trạch Dân,Vương Đông Minh
342,432,Giang Trạch Dân,Hạ Quân Khoa
342,1077,Giang Trạch Dân,Thẩm Dược Dược
342,354,Giang Trạch Dân,Giả Khánh Lâm
342,1162,Giang Trạch Dân,Vương Kỳ Sơn
342,1096,Giang Trạch Dân,Trương Quân
342,1106,Giang Trạch Dân,Trần Mẫn Nhĩ
342,1226,Giang Trạch Dân,Đường Lương Trí
342,239,Giang Trạch Dân,Doãn Lực
342,1230,Giang Trạch Dân,Đại học Harvard
342,119,Giang Trạch Dân,Bill Clinton
342,1115,Giang Trạch Dân,Tăng Khánh Hồng
342,416,Giang Trạch Dân,Hoàng Cúc
342,136,Giang Trạch Dân,Bạc Hy Lai
342,433,Giang Trạch Dân,Hàn Chính (chính khách)
343,1108,Giả Xuân Vượng,Trần Văn Thanh (chính khách Trung Quốc)
344,32,Giuseppe Saragat,Aldo Moro
344,29,Giuseppe Saragat,Alcide De Gasperi
344,251,Giuseppe Saragat,Enrico De Nicola
344,672,Giuseppe Saragat,Luigi Einaudi
344,1000,Giuseppe Saragat,Sandro Pertini
344,272,Giuseppe Saragat,Francesco Cossiga
344,333,Giuseppe Saragat,Giorgio Napolitano
344,1012,Giuseppe Saragat,Sergio Mattarella
345,1123,Goodluck Jonathan,Umaru Musa Yar'Adua
345,807,Goodluck Jonathan,Muhammadu Buhari
346,230,Goodwin Knight,Earl Warren
346,1228,Goodwin Knight,Đại học Stanford
346,1036,Goodwin Knight,Ronald Reagan
346,520,Goodwin Knight,Jerry Brown
346,355,Goodwin Knight,Gray Davis
346,331,Goodwin Knight,Gavin Newsom
347,1012,Giuseppe Conte,Sergio Mattarella
347,870,Giuseppe Conte,Paolo Gentiloni
347,739,Giuseppe Conte,Mario Draghi
347,1026,Giuseppe Conte,Silvio Berlusconi
347,182,Giuseppe Conte,Ciriaco De Mita
347,752,Giuseppe Conte,Matteo Renzi
347,114,Giuseppe Conte,Bettino Ricasoli
347,1124,Giuseppe Conte,Urbano Rattazzi
347,274,Giuseppe Conte,Francesco Crispi
347,335,Giuseppe Conte,Giovanni Giolitti
347,676,Giuseppe Conte,Luigi Luzzatti
347,64,Giuseppe Conte,Antonio Salandra
347,29,Giuseppe Conte,Alcide De Gasperi
347,32,Giuseppe Conte,Aldo Moro
347,337,Giuseppe Conte,Giulio Andreotti
347,272,Giuseppe Conte,Francesco Cossiga
347,77,Giuseppe Conte,Arnaldo Forlani
347,334,Giuseppe Conte,Giovanni Spadolini
347,113,Giuseppe Conte,Bettino Craxi
347,336,Giuseppe Conte,Giuliano Amato
347,645,Giuseppe Conte,Lamberto Dini
347,974,Giuseppe Conte,Romano Prodi
347,733,Giuseppe Conte,Mario Monti
347,255,Giuseppe Conte,Enrico Letta
347,811,Giuseppe Conte,Mã Hiểu Vĩ
347,86,Giuseppe Conte,Anthony Fauci
347,702,Giuseppe Conte,Lý Khắc Cường
348,1184,Gough Whitlam,William McMahon
348,714,Gough Whitlam,Malcolm Fraser
348,377,Gough Whitlam,Harold Holt
348,559,Gough Whitlam,John McEwen
348,543,Gough Whitlam,John Gorton
348,235,Gough Whitlam,Edmund Barton
348,44,Gough Whitlam,Alfred Deakin
348,318,Gough Whitlam,George Reid (chính khách Úc)
348,52,Gough Whitlam,Andrew Fisher
348,1032,Gough Whitlam,Stanley Bruce
348,236,Gough Whitlam,Earle Page
348,960,Gough Whitlam,Robert Menzies
348,282,Gough Whitlam,Frank Forde
348,120,Gough Whitlam,Bob Hawke
348,547,Gough Whitlam,John Howard
348,620,Gough Whitlam,Kevin Rudd
348,597,Gough Whitlam,Julia Gillard
348,1084,Gough Whitlam,Tony Abbott
348,717,Gough Whitlam,Malcolm Turnbull
348,1003,Gough Whitlam,Scott Morrison
348,63,Gough Whitlam,Anthony Albanese
349,574,Gloria Macapagal Arroyo,Joseph Estrada
349,104,Gloria Macapagal Arroyo,Benigno Aquino III
349,966,Gloria Macapagal Arroyo,Rodrigo Duterte
349,198,Gloria Macapagal Arroyo,Corazon Aquino
349,214,Gloria Macapagal Arroyo,Diosdado Macapagal
349,119,Gloria Macapagal Arroyo,Bill Clinton
349,252,Gloria Macapagal Arroyo,Emilio Aguinaldo
349,721,Gloria Macapagal Arroyo,Manuel L. Quezon
349,1006,Gloria Macapagal Arroyo,Sergio Osmeña
349,718,Gloria Macapagal Arroyo,Manuel Roxas
349,588,Gloria Macapagal Arroyo,José P. Laurel
349,244,Gloria Macapagal Arroyo,Elpidio Quirino
349,932,Gloria Macapagal Arroyo,Ramon Magsaysay
349,150,Gloria Macapagal Arroyo,Carlos Polistico García
349,271,Gloria Macapagal Arroyo,Ferdinand Marcos
349,277,Gloria Macapagal Arroyo,Fidel Ramos
351,1233,Graham Greene,Đại học Oxford
352,462,Gotō Fumio,Itō Hirobumi
352,991,Gotō Fumio,Saionji Kinmochi
352,375,Gotō Fumio,Hara Takashi
352,611,Gotō Fumio,Katō Tomosaburō
352,609,Gotō Fumio,Katō Takaaki
352,1163,Gotō Fumio,Wakatsuki Reijirō
352,1050,Gotō Fumio,Tanaka Giichi
352,441,Gotō Fumio,Inukai Tsuyoshi
352,992,Gotō Fumio,Saitō Makoto
352,410,Gotō Fumio,Hiranuma Kiichirō
352,4,Gotō Fumio,Abe Nobuyuki
352,447,Gotō Fumio,Itō Masayoshi
352,796,Gotō Fumio,Mori Yoshirō
352,19,Gotō Fumio,Abe Shinzō
352,303,Gotō Fumio,Fukuda Yasuo
352,90,Gotō Fumio,Asō Tarō
352,390,Gotō Fumio,Hatoyama Yukio
352,601,Gotō Fumio,Kan Naoto
352,841,Gotō Fumio,Noda Yoshihiko
352,1058,Gotō Fumio,Suga Yoshihide
352,639,Gotō Fumio,Kishida Fumio
352,459,Gotō Fumio,Ishiba Shigeru
352,1057,Gotō Fumio,Takaichi Sanae
353,203,Gordon Brown,David Cameron
353,39,Gordon Brown,Alec Douglas-Home
353,1233,Gordon Brown,Đại học Oxford
353,1234,Gordon Brown,Đại học Cambridge
353,823,Gordon Brown,Neville Chamberlain
353,83,Gordon Brown,"Arthur Wellesley, Công tước thứ 1 xứ Wellington"
353,1223,Gordon Brown,Winston Churchill
353,477,Gordon Brown,James Callaghan
353,330,Gordon Brown,George W. Bush
353,972,Gordon Brown,Robert Walpole
353,312,Gordon Brown,George Grenville
353,1188,Gordon Brown,William Pitt Trẻ
353,397,Gordon Brown,"Henry Addington, Tử tước Sidmouth thứ 1"
353,1033,Gordon Brown,Spencer Perceval
353,308,Gordon Brown,George Canning
353,395,Gordon Brown,"Henry John Temple, Tử tước Palmerston thứ 3"
353,1035,Gordon Brown,Stanley Baldwin
353,933,Gordon Brown,Ramsay MacDonald
353,187,Gordon Brown,Clement Attlee
353,62,Gordon Brown,Anthony Eden
353,380,Gordon Brown,Harold Macmillan
353,381,Gordon Brown,Harold Wilson
353,735,Gordon Brown,Margaret Thatcher
353,1065,Gordon Brown,Theresa May
353,137,Gordon Brown,Boris Johnson
353,685,Gordon Brown,Liz Truss
353,959,Gordon Brown,Rishi Sunak
353,618,Gordon Brown,Keir Starmer
354,1167,Giả Khánh Lâm,Tập Cận Bình
354,702,Giả Khánh Lâm,Lý Khắc Cường
354,715,Giả Khánh Lâm,Lật Chiến Thư
354,1132,Giả Khánh Lâm,Uông Dương
354,1168,Giả Khánh Lâm,Vương Hỗ Ninh
354,1094,Giả Khánh Lâm,Triệu Lạc Tế
354,433,Giả Khánh Lâm,Hàn Chính (chính khách)
354,1082,Giả Khánh Lâm,Thái Kỳ
354,239,Giả Khánh Lâm,Doãn Lực
354,218,Giả Khánh Lâm,Diệp Kiếm Anh
354,1162,Giả Khánh Lâm,Vương Kỳ Sơn
354,1215,Giả Khánh Lâm,Ân Dũng
354,1146,Giả Khánh Lâm,Vu Vĩ Quốc
355,520,Gray Davis,Jerry Brown
355,1228,Gray Davis,Đại học Stanford
355,1036,Gray Davis,Ronald Reagan
355,230,Gray Davis,Earl Warren
355,346,Gray Davis,Goodwin Knight
355,331,Gray Davis,Gavin Newsom
356,797,Golda Meir,Moshe Sharett
356,735,Golda Meir,Margaret Thatcher
356,292,Golda Meir,Franklin D. Roosevelt
356,549,Golda Meir,John F. Kennedy
356,968,Golda Meir,Richard Nixon
356,408,Golda Meir,Henry Kissinger
358,55,Grzegorz Schetyna,Andrzej Duda
358,95,Grzegorz Schetyna,Beata Szydło
358,510,Grzegorz Schetyna,Jarosław Kaczyński
358,265,Grzegorz Schetyna,Ewa Kopacz
358,132,Grzegorz Schetyna,Bronisław Komorowski
358,219,Grzegorz Schetyna,Donald Tusk
358,116,Grzegorz Schetyna,Bogdan Borusewicz
359,627,Gro Harlem Brundtland,Kofi Annan
359,1230,Gro Harlem Brundtland,Đại học Harvard
359,100,Gro Harlem Brundtland,Ban Ki-moon
359,837,Gro Harlem Brundtland,Nelson Mandela
360,998,Gulzarilal Nanda,Sarvepalli Radhakrishnan
360,448,Gulzarilal Nanda,Indira Gandhi
360,497,Gulzarilal Nanda,Jawaharlal Nehru
360,792,Gulzarilal Nanda,Morarji Desai
360,151,Gulzarilal Nanda,Charan Singh
360,923,Gulzarilal Nanda,Rajiv Gandhi
360,1131,Gulzarilal Nanda,V. P. Singh
360,152,Gulzarilal Nanda,Chandra Shekhar
360,861,Gulzarilal Nanda,P. V. Narasimha Rao
360,82,Gulzarilal Nanda,Atal Bihari Vajpayee
360,428,Gulzarilal Nanda,I. K. Gujral
360,720,Gulzarilal Nanda,Manmohan Singh
360,816,Gulzarilal Nanda,Narendra Modi
361,68,Guido Westerwelle,Angela Merkel
361,284,Guido Westerwelle,Frank-Walter Steinmeier
361,905,Guido Westerwelle,Philipp Rösler
361,671,Guido Westerwelle,Ludwig Erhard
361,1022,Guido Westerwelle,Sigmar Gabriel
361,862,Guido Westerwelle,Olaf Scholz
362,161,Gustav Holst,Charles Villiers Stanford
362,943,Gustav Holst,Richard Wagner
362,366,Gustav Holst,Gustav Mahler
362,924,Gustav Holst,Ralph Vaughan Williams
362,400,Gustav Holst,Henry Purcell
362,1232,Gustav Holst,Đại học Yale
362,1230,Gustav Holst,Đại học Harvard
363,276,Guadalupe Victoria,Francisco I. Madero
363,680,Guadalupe Victoria,Luis Echeverría
363,767,Guadalupe Victoria,Miguel de la Madrid
363,256,Guadalupe Victoria,Ernesto Zedillo
363,1135,Guadalupe Victoria,Vicente Fox
363,275,Guadalupe Victoria,Felipe Calderón
363,257,Guadalupe Victoria,Enrique Peña Nieto
363,56,Guadalupe Victoria,Andrés Manuel López Obrador
364,749,Gérard Debreu,Maurice Allais
364,883,Gérard Debreu,Paul Samuelson
364,1021,Gérard Debreu,Simon Kuznets
364,551,Gérard Debreu,John Hicks
364,621,Gérard Debreu,Kenneth Arrow
364,295,Gérard Debreu,Friedrich Hayek
364,794,Gérard Debreu,Milton Friedman
364,112,Gérard Debreu,Bertil Ohlin
364,494,Gérard Debreu,James Meade
364,1062,Gérard Debreu,Theodore Schultz
364,655,Gérard Debreu,Lawrence Klein
364,485,Gérard Debreu,James Tobin
364,320,Gérard Debreu,George Stigler
364,939,Gérard Debreu,Richard Stone
364,281,Gérard Debreu,Franco Modigliani
364,479,Gérard Debreu,James M. Buchanan
364,975,Gérard Debreu,Robert Solow
364,1092,Gérard Debreu,Trygve Haavelmo
364,383,Gérard Debreu,Harry Markowitz
364,759,Gérard Debreu,Merton Miller
364,977,Gérard Debreu,Ronald Coase
364,326,Gérard Debreu,Gary Becker
364,957,Gérard Debreu,Robert Fogel
364,221,Gérard Debreu,Douglass North
364,956,Gérard Debreu,"Robert Lucas, Jr."
364,476,Gérard Debreu,James Mirrlees
364,1191,Gérard Debreu,William Vickrey
364,805,Gérard Debreu,Myron Scholes
364,54,Gérard Debreu,Amartya Sen
364,962,Gérard Debreu,Robert Mundell
364,472,Gérard Debreu,James Heckman
364,310,Gérard Debreu,George Akerlof
364,760,Gérard Debreu,Michael Spence
364,587,Gérard Debreu,Joseph Stiglitz
364,954,Gérard Debreu,Robert F. Engle
364,194,Gérard Debreu,Clive Granger
364,273,Gérard Debreu,Finn E. Kydland
364,882,Gérard Debreu,Peter A. Diamond
364,172,Gérard Debreu,Christopher A. Pissarides
364,1068,Gérard Debreu,Thomas J. Sargent
364,174,Gérard Debreu,Christopher A. Sims
364,507,Gérard Debreu,Jean Tirole
364,101,Gérard Debreu,Bengt Holmström
364,941,Gérard Debreu,Richard Thaler
364,262,Gérard Debreu,Esther Duflo
364,580,Gérard Debreu,Joshua Angrist
364,209,Gérard Debreu,David Card
365,951,Greg Abbott,Rick Perry
365,903,Greg Abbott,Pete Ricketts
365,242,Greg Abbott,Doug Ducey
365,330,Greg Abbott,George W. Bush
365,156,Greg Abbott,Barack Obama
365,50,Greg Abbott,Andrew Cuomo
365,253,Greg Abbott,Enda Kenny
365,565,Greg Abbott,Joe Biden
365,292,Greg Abbott,Franklin D. Roosevelt
365,831,Greg Abbott,Ned Lamont
365,505,Greg Abbott,Janet Mills
365,173,Greg Abbott,Charlie Baker
365,183,Greg Abbott,Chris Sununu
365,913,Greg Abbott,Phil Murphy
365,1107,Greg Abbott,Tom Wolf
365,202,Greg Abbott,Daniel McKee
365,898,Greg Abbott,Phil Scott
365,480,Greg Abbott,J. B. Pritzker
365,258,Greg Abbott,Eric Holcomb
365,636,Greg Abbott,Kim Reynolds
365,673,Greg Abbott,Laura Kelly
365,367,Greg Abbott,Gretchen Whitmer
365,1089,Greg Abbott,Tim Walz
365,220,Greg Abbott,Doug Burgum
365,812,Greg Abbott,Mike DeWine
365,642,Greg Abbott,Kristi Noem
365,1091,Greg Abbott,Tony Evers
365,614,Greg Abbott,Kay Ivey
365,91,Greg Abbott,Asa Hutchinson
365,554,Greg Abbott,John Carney
365,979,Greg Abbott,Ron DeSantis
365,142,Greg Abbott,Brian Kemp
365,60,Greg Abbott,Andy Beshear
365,536,Greg Abbott,John Bel Edwards
365,650,Greg Abbott,Larry Hogan
365,1061,Greg Abbott,Tate Reeves
365,1008,Greg Abbott,Roy Cooper
365,624,Greg Abbott,Kevin Stitt
365,404,Greg Abbott,Henry McMaster
365,124,Greg Abbott,Bill Lee
365,946,Greg Abbott,Ralph Northam
365,534,Greg Abbott,Jim Justice
365,779,Greg Abbott,Mike Dunleavy
365,331,Greg Abbott,Gavin Newsom
365,502,Greg Abbott,Jared Polis
365,208,Greg Abbott,David Ige
365,140,Greg Abbott,Brad Little
365,388,Greg Abbott,Greg Gianforte
365,1060,Greg Abbott,Steve Sisolak
365,787,Greg Abbott,Michelle Lujan Grisham
365,612,Greg Abbott,Kate Brown
365,1030,Greg Abbott,Spencer Cox
365,506,Greg Abbott,Jay Inslee
365,736,Greg Abbott,Mark Gordon (chính trị gia)
365,540,Greg Abbott,Jerome Adams
365,213,Greg Abbott,Deborah Birx
365,86,Greg Abbott,Anthony Fauci
365,139,Greg Abbott,Brett Giroir
365,888,Greg Abbott,Peter Navarro
365,773,Greg Abbott,Mike Pence
365,976,Greg Abbott,Robert R. Redfield
365,298,Greg Abbott,Donald Trump
367,298,Gretchen Whitmer,Donald Trump
367,565,Gretchen Whitmer,Joe Biden
367,614,Gretchen Whitmer,Kay Ivey
367,242,Gretchen Whitmer,Doug Ducey
367,91,Gretchen Whitmer,Asa Hutchinson
367,331,Gretchen Whitmer,Gavin Newsom
367,502,Gretchen Whitmer,Jared Polis
367,831,Gretchen Whitmer,Ned Lamont
367,979,Gretchen Whitmer,Ron DeSantis
367,142,Gretchen Whitmer,Brian Kemp
367,208,Gretchen Whitmer,David Ige
367,480,Gretchen Whitmer,J. B. Pritzker
367,258,Gretchen Whitmer,Eric Holcomb
367,636,Gretchen Whitmer,Kim Reynolds
367,673,Gretchen Whitmer,Laura Kelly
367,60,Gretchen Whitmer,Andy Beshear
367,536,Gretchen Whitmer,John Bel Edwards
367,505,Gretchen Whitmer,Janet Mills
367,650,Gretchen Whitmer,Larry Hogan
367,173,Gretchen Whitmer,Charlie Baker
367,1089,Gretchen Whitmer,Tim Walz
367,903,Gretchen Whitmer,Pete Ricketts
367,1060,Gretchen Whitmer,Steve Sisolak
367,183,Gretchen Whitmer,Chris Sununu
367,913,Gretchen Whitmer,Phil Murphy
367,787,Gretchen Whitmer,Michelle Lujan Grisham
367,1008,Gretchen Whitmer,Roy Cooper
367,220,Gretchen Whitmer,Doug Burgum
367,812,Gretchen Whitmer,Mike DeWine
367,624,Gretchen Whitmer,Kevin Stitt
367,612,Gretchen Whitmer,Kate Brown
367,1107,Gretchen Whitmer,Tom Wolf
367,332,Gretchen Whitmer,Gina Raimondo
367,404,Gretchen Whitmer,Henry McMaster
367,642,Gretchen Whitmer,Kristi Noem
367,365,Gretchen Whitmer,Greg Abbott
367,506,Gretchen Whitmer,Jay Inslee
367,534,Gretchen Whitmer,Jim Justice
367,1091,Gretchen Whitmer,Tony Evers
367,940,Gretchen Whitmer,Ricardo Rosselló
367,50,Gretchen Whitmer,Andrew Cuomo
367,202,Gretchen Whitmer,Daniel McKee
367,898,Gretchen Whitmer,Phil Scott
367,554,Gretchen Whitmer,John Carney
367,1061,Gretchen Whitmer,Tate Reeves
367,124,Gretchen Whitmer,Bill Lee
367,946,Gretchen Whitmer,Ralph Northam
367,779,Gretchen Whitmer,Mike Dunleavy
367,140,Gretchen Whitmer,Brad Little
367,388,Gretchen Whitmer,Greg Gianforte
367,1030,Gretchen Whitmer,Spencer Cox
367,736,Gretchen Whitmer,Mark Gordon (chính trị gia)
367,540,Gretchen Whitmer,Jerome Adams
367,213,Gretchen Whitmer,Deborah Birx
367,86,Gretchen Whitmer,Anthony Fauci
367,139,Gretchen Whitmer,Brett Giroir
367,888,Gretchen Whitmer,Peter Navarro
367,773,Gretchen Whitmer,Mike Pence
367,976,Gretchen Whitmer,Robert R. Redfield
369,1075,H. G. Wells,Thomas More
370,102,Hafez al-Assad,Bashar al-Assad
372,800,Hailemariam Desalegn,Mulatu Teshome
372,753,Hailemariam Desalegn,Meles Zenawi
372,3,Hailemariam Desalegn,Abiy Ahmed
373,80,Hamid Karzai,Ashraf Ghani
374,695,Halimah Yacob,Lý Hiển Long
374,1100,Halimah Yacob,Trần Khánh Viêm
374,1059,Halimah Yacob,Tharman Shanmugaratnam
374,1002,Halimah Yacob,Sellapan Ramanathan
375,462,Hara Takashi,Itō Hirobumi
375,991,Hara Takashi,Saionji Kinmochi
375,611,Hara Takashi,Katō Tomosaburō
375,609,Hara Takashi,Katō Takaaki
375,1163,Hara Takashi,Wakatsuki Reijirō
375,1050,Hara Takashi,Tanaka Giichi
375,441,Hara Takashi,Inukai Tsuyoshi
375,992,Hara Takashi,Saitō Makoto
375,352,Hara Takashi,Gotō Fumio
375,410,Hara Takashi,Hiranuma Kiichirō
375,4,Hara Takashi,Abe Nobuyuki
375,447,Hara Takashi,Itō Masayoshi
375,796,Hara Takashi,Mori Yoshirō
375,19,Hara Takashi,Abe Shinzō
375,303,Hara Takashi,Fukuda Yasuo
375,90,Hara Takashi,Asō Tarō
375,390,Hara Takashi,Hatoyama Yukio
375,601,Hara Takashi,Kan Naoto
375,841,Hara Takashi,Noda Yoshihiko
375,1058,Hara Takashi,Suga Yoshihide
375,639,Hara Takashi,Kishida Fumio
375,459,Hara Takashi,Ishiba Shigeru
375,1057,Hara Takashi,Takaichi Sanae
376,1223,Harold Alexander,Winston Churchill
376,380,Harold Alexander,Harold Macmillan
376,1181,Harold Alexander,William Lyon Mackenzie King
377,960,Harold Holt,Robert Menzies
377,559,Harold Holt,John McEwen
377,1184,Harold Holt,William McMahon
377,543,Harold Holt,John Gorton
377,688,Harold Holt,Lyndon B. Johnson
377,235,Harold Holt,Edmund Barton
377,44,Harold Holt,Alfred Deakin
377,318,Harold Holt,George Reid (chính khách Úc)
377,52,Harold Holt,Andrew Fisher
377,1032,Harold Holt,Stanley Bruce
377,236,Harold Holt,Earle Page
377,282,Harold Holt,Frank Forde
377,348,Harold Holt,Gough Whitlam
377,714,Harold Holt,Malcolm Fraser
377,120,Harold Holt,Bob Hawke
377,547,Harold Holt,John Howard
377,620,Harold Holt,Kevin Rudd
377,597,Harold Holt,Julia Gillard
377,1084,Harold Holt,Tony Abbott
377,717,Harold Holt,Malcolm Turnbull
377,1003,Harold Holt,Scott Morrison
377,63,Harold Holt,Anthony Albanese
378,1216,Han Duck-soo,Yoon Suk-yeol
378,674,Han Duck-soo,Lee Myung-bak
378,658,Han Duck-soo,Lee Hae-chan
378,1230,Han Duck-soo,Đại học Harvard
378,880,Han Duck-soo,Park Chung-hee
378,166,Han Duck-soo,Choi Kyu-hah
378,424,Han Duck-soo,Hwang Kyo-ahn
379,36,Giáo hoàng Lêô XIV,Alberto Fujimori
379,267,Giáo hoàng Lêô XIV,Emmanuel Macron
379,296,Giáo hoàng Lêô XIV,Frederik X của Đan Mạch
380,62,Harold Macmillan,Anthony Eden
380,39,Harold Macmillan,Alec Douglas-Home
380,1223,Harold Macmillan,Winston Churchill
380,972,Harold Macmillan,Robert Walpole
380,312,Harold Macmillan,George Grenville
380,1188,Harold Macmillan,William Pitt Trẻ
380,397,Harold Macmillan,"Henry Addington, Tử tước Sidmouth thứ 1"
380,1033,Harold Macmillan,Spencer Perceval
380,308,Harold Macmillan,George Canning
380,83,Harold Macmillan,"Arthur Wellesley, Công tước thứ 1 xứ Wellington"
380,395,Harold Macmillan,"Henry John Temple, Tử tước Palmerston thứ 3"
380,1035,Harold Macmillan,Stanley Baldwin
380,933,Harold Macmillan,Ramsay MacDonald
380,823,Harold Macmillan,Neville Chamberlain
380,187,Harold Macmillan,Clement Attlee
380,381,Harold Macmillan,Harold Wilson
380,477,Harold Macmillan,James Callaghan
380,735,Harold Macmillan,Margaret Thatcher
380,353,Harold Macmillan,Gordon Brown
380,203,Harold Macmillan,David Cameron
380,1065,Harold Macmillan,Theresa May
380,137,Harold Macmillan,Boris Johnson
380,685,Harold Macmillan,Liz Truss
380,959,Harold Macmillan,Rishi Sunak
380,618,Harold Macmillan,Keir Starmer
381,477,Harold Wilson,James Callaghan
381,39,Harold Wilson,Alec Douglas-Home
381,380,Harold Wilson,Harold Macmillan
381,187,Harold Wilson,Clement Attlee
381,972,Harold Wilson,Robert Walpole
381,312,Harold Wilson,George Grenville
381,1188,Harold Wilson,William Pitt Trẻ
381,397,Harold Wilson,"Henry Addington, Tử tước Sidmouth thứ 1"
381,1033,Harold Wilson,Spencer Perceval
381,308,Harold Wilson,George Canning
381,83,Harold Wilson,"Arthur Wellesley, Công tước thứ 1 xứ Wellington"
381,395,Harold Wilson,"Henry John Temple, Tử tước Palmerston thứ 3"
381,1035,Harold Wilson,Stanley Baldwin
381,933,Harold Wilson,Ramsay MacDonald
381,823,Harold Wilson,Neville Chamberlain
381,1223,Harold Wilson,Winston Churchill
381,62,Harold Wilson,Anthony Eden
381,735,Harold Wilson,Margaret Thatcher
381,353,Harold Wilson,Gordon Brown
381,203,Harold Wilson,David Cameron
381,1065,Harold Wilson,Theresa May
381,137,Harold Wilson,Boris Johnson
381,685,Harold Wilson,Liz Truss
381,959,Harold Wilson,Rishi Sunak
381,618,Harold Wilson,Keir Starmer
382,918,Harri Holkeri,Rafael Erich
382,69,Harri Holkeri,Antti Tulenheimo
382,885,Harri Holkeri,Pehr Evind Svinhufvud
382,527,Harri Holkeri,Johan Wilhelm Rangell
382,233,Harri Holkeri,Edwin Linkomies
382,593,Harri Holkeri,Juho Kusti Paasikivi
382,1122,Harri Holkeri,Urho Kekkonen
382,1054,Harri Holkeri,Teuvo Aura
382,608,Harri Holkeri,Keijo Liinamaa
382,865,Harri Holkeri,Paavo Lipponen
382,59,Harri Holkeri,Anneli Jäätteenmäki
382,744,Harri Holkeri,Matti Vanhanen
382,725,Harri Holkeri,Mari Kiviniemi
382,594,Harri Holkeri,Jyrki Katainen
382,35,Harri Holkeri,Alexander Stubb
382,599,Harri Holkeri,Juha Sipilä
382,1004,Harri Holkeri,Sanna Marin
383,794,Harry Markowitz,Milton Friedman
383,1062,Harry Markowitz,Theodore Schultz
383,320,Harry Markowitz,George Stigler
383,221,Harry Markowitz,Douglass North
383,957,Harry Markowitz,Robert Fogel
383,326,Harry Markowitz,Gary Becker
383,472,Harry Markowitz,James Heckman
383,479,Harry Markowitz,James M. Buchanan
383,977,Harry Markowitz,Ronald Coase
383,805,Harry Markowitz,Myron Scholes
383,759,Harry Markowitz,Merton Miller
383,883,Harry Markowitz,Paul Samuelson
383,1021,Harry Markowitz,Simon Kuznets
383,551,Harry Markowitz,John Hicks
383,621,Harry Markowitz,Kenneth Arrow
383,295,Harry Markowitz,Friedrich Hayek
383,112,Harry Markowitz,Bertil Ohlin
383,494,Harry Markowitz,James Meade
383,655,Harry Markowitz,Lawrence Klein
383,485,Harry Markowitz,James Tobin
383,364,Harry Markowitz,Gérard Debreu
383,939,Harry Markowitz,Richard Stone
383,281,Harry Markowitz,Franco Modigliani
383,975,Harry Markowitz,Robert Solow
383,749,Harry Markowitz,Maurice Allais
383,1092,Harry Markowitz,Trygve Haavelmo
383,956,Harry Markowitz,"Robert Lucas, Jr."
383,476,Harry Markowitz,James Mirrlees
383,1191,Harry Markowitz,William Vickrey
383,54,Harry Markowitz,Amartya Sen
383,962,Harry Markowitz,Robert Mundell
383,310,Harry Markowitz,George Akerlof
383,760,Harry Markowitz,Michael Spence
383,587,Harry Markowitz,Joseph Stiglitz
383,954,Harry Markowitz,Robert F. Engle
383,194,Harry Markowitz,Clive Granger
383,273,Harry Markowitz,Finn E. Kydland
383,882,Harry Markowitz,Peter A. Diamond
383,172,Harry Markowitz,Christopher A. Pissarides
383,1068,Harry Markowitz,Thomas J. Sargent
383,174,Harry Markowitz,Christopher A. Sims
383,507,Harry Markowitz,Jean Tirole
383,101,Harry Markowitz,Bengt Holmström
383,941,Harry Markowitz,Richard Thaler
383,262,Harry Markowitz,Esther Duflo
383,580,Harry Markowitz,Joshua Angrist
383,209,Harry Markowitz,David Card
385,1230,Harry R. Lewis,Đại học Harvard
385,121,Harry R. Lewis,Bill Gates
385,743,Harry R. Lewis,Mark Zuckerberg
386,1057,Hayashi Yoshimasa,Takaichi Sanae
386,639,Hayashi Yoshimasa,Kishida Fumio
386,459,Hayashi Yoshimasa,Ishiba Shigeru
386,19,Hayashi Yoshimasa,Abe Shinzō
386,90,Hayashi Yoshimasa,Asō Tarō
386,601,Hayashi Yoshimasa,Kan Naoto
386,303,Hayashi Yoshimasa,Fukuda Yasuo
387,38,Hartwig Löger,Alexander Van der Bellen
387,1007,Hartwig Löger,Sebastian Kurz
387,130,Hartwig Löger,Brigitte Bierlein
388,817,Greg Gianforte,Nancy Pelosi
388,875,Greg Gianforte,Paul Ryan
388,773,Greg Gianforte,Mike Pence
388,794,Greg Gianforte,Milton Friedman
388,565,Greg Gianforte,Joe Biden
388,831,Greg Gianforte,Ned Lamont
388,505,Greg Gianforte,Janet Mills
388,173,Greg Gianforte,Charlie Baker
388,183,Greg Gianforte,Chris Sununu
388,913,Greg Gianforte,Phil Murphy
388,50,Greg Gianforte,Andrew Cuomo
388,1107,Greg Gianforte,Tom Wolf
388,202,Greg Gianforte,Daniel McKee
388,898,Greg Gianforte,Phil Scott
388,480,Greg Gianforte,J. B. Pritzker
388,258,Greg Gianforte,Eric Holcomb
388,636,Greg Gianforte,Kim Reynolds
388,673,Greg Gianforte,Laura Kelly
388,367,Greg Gianforte,Gretchen Whitmer
388,1089,Greg Gianforte,Tim Walz
388,903,Greg Gianforte,Pete Ricketts
388,220,Greg Gianforte,Doug Burgum
388,812,Greg Gianforte,Mike DeWine
388,642,Greg Gianforte,Kristi Noem
388,1091,Greg Gianforte,Tony Evers
388,614,Greg Gianforte,Kay Ivey
388,91,Greg Gianforte,Asa Hutchinson
388,554,Greg Gianforte,John Carney
388,979,Greg Gianforte,Ron DeSantis
388,142,Greg Gianforte,Brian Kemp
388,60,Greg Gianforte,Andy Beshear
388,536,Greg Gianforte,John Bel Edwards
388,650,Greg Gianforte,Larry Hogan
388,1061,Greg Gianforte,Tate Reeves
388,1008,Greg Gianforte,Roy Cooper
388,624,Greg Gianforte,Kevin Stitt
388,404,Greg Gianforte,Henry McMaster
388,124,Greg Gianforte,Bill Lee
388,365,Greg Gianforte,Greg Abbott
388,946,Greg Gianforte,Ralph Northam
388,534,Greg Gianforte,Jim Justice
388,779,Greg Gianforte,Mike Dunleavy
388,242,Greg Gianforte,Doug Ducey
388,331,Greg Gianforte,Gavin Newsom
388,502,Greg Gianforte,Jared Polis
388,208,Greg Gianforte,David Ige
388,140,Greg Gianforte,Brad Little
388,1060,Greg Gianforte,Steve Sisolak
388,787,Greg Gianforte,Michelle Lujan Grisham
388,612,Greg Gianforte,Kate Brown
388,1030,Greg Gianforte,Spencer Cox
388,506,Greg Gianforte,Jay Inslee
388,736,Greg Gianforte,Mark Gordon (chính trị gia)
388,540,Greg Gianforte,Jerome Adams
388,213,Greg Gianforte,Deborah Birx
388,86,Greg Gianforte,Anthony Fauci
388,139,Greg Gianforte,Brett Giroir
388,888,Greg Gianforte,Peter Navarro
388,976,Greg Gianforte,Robert R. Redfield
388,298,Greg Gianforte,Donald Trump
389,24,Harry S. Truman,Alben W. Barkley
389,292,Harry S. Truman,Franklin D. Roosevelt
389,228,Harry S. Truman,Dwight D. Eisenhower
389,409,Harry S. Truman,Henry A. Wallace
389,688,Harry S. Truman,Lyndon B. Johnson
389,1206,Harry S. Truman,William McKinley
389,539,Harry S. Truman,John Adams
389,1083,Harry S. Truman,Thomas Jefferson
389,483,Harry S. Truman,James Madison
389,482,Harry S. Truman,James Monroe
389,562,Harry S. Truman,John Quincy Adams
389,1190,Harry S. Truman,William Henry Harrison
389,568,Harry S. Truman,John Tyler
389,473,Harry S. Truman,James K. Polk
389,286,Harry S. Truman,Franklin Pierce
389,469,Harry S. Truman,James Buchanan
389,1127,Harry S. Truman,Ulysses S. Grant
389,993,Harry S. Truman,Rutherford B. Hayes
389,470,Harry S. Truman,James A. Garfield
389,170,Harry S. Truman,Chester A. Arthur
389,108,Harry S. Truman,Benjamin Harrison
389,1080,Harry S. Truman,Theodore Roosevelt
389,1189,Harry S. Truman,William Howard Taft
389,1201,Harry S. Truman,Woodrow Wilson
389,1170,Harry S. Truman,Warren G. Harding
389,143,Harry S. Truman,Calvin Coolidge
389,405,Harry S. Truman,Herbert Hoover
389,549,Harry S. Truman,John F. Kennedy
389,968,Harry S. Truman,Richard Nixon
389,340,Harry S. Truman,Gerald Ford
389,548,Harry S. Truman,Jimmy Carter
389,1036,Harry S. Truman,Ronald Reagan
389,319,Harry S. Truman,George H. W. Bush
389,119,Harry S. Truman,Bill Clinton
389,330,Harry S. Truman,George W. Bush
389,156,Harry S. Truman,Barack Obama
389,298,Harry S. Truman,Donald Trump
389,565,Harry S. Truman,Joe Biden
389,246,Harry S. Truman,Elbridge Gerry
389,192,Harry S. Truman,Daniel D. Tompkins
389,538,Harry S. Truman,John C. Calhoun
389,938,Harry S. Truman,Richard Mentor Johnson
389,314,Harry S. Truman,George M. Dallas
389,1187,Harry S. Truman,William R. King
389,535,Harry S. Truman,John C. Breckinridge
389,1179,Harry S. Truman,William A. Wheeler
389,1066,Harry S. Truman,Thomas A. Hendricks
389,9,Harry S. Truman,Adlai Stevenson I
389,302,Harry S. Truman,Garret Hobart
389,160,Harry S. Truman,Charles W. Fairbanks
389,481,Harry S. Truman,James S. Sherman
389,1072,Harry S. Truman,Thomas R. Marshall
389,153,Harry S. Truman,Charles G. Dawes
389,561,Harry S. Truman,John Nance Garner
389,419,Harry S. Truman,Hubert Humphrey
389,832,Harry S. Truman,Nelson Rockefeller
389,1169,Harry S. Truman,Walter Mondale
389,211,Harry S. Truman,Dick Cheney
389,773,Harry S. Truman,Mike Pence
389,628,Harry S. Truman,Kamala Harris
389,466,Harry S. Truman,JD Vance
390,601,Hatoyama Yukio,Kan Naoto
390,90,Hatoyama Yukio,Asō Tarō
390,1228,Hatoyama Yukio,Đại học Stanford
390,19,Hatoyama Yukio,Abe Shinzō
390,303,Hatoyama Yukio,Fukuda Yasuo
390,156,Hatoyama Yukio,Barack Obama
390,674,Hatoyama Yukio,Lee Myung-bak
390,720,Hatoyama Yukio,Manmohan Singh
390,462,Hatoyama Yukio,Itō Hirobumi
390,991,Hatoyama Yukio,Saionji Kinmochi
390,375,Hatoyama Yukio,Hara Takashi
390,611,Hatoyama Yukio,Katō Tomosaburō
390,609,Hatoyama Yukio,Katō Takaaki
390,1163,Hatoyama Yukio,Wakatsuki Reijirō
390,1050,Hatoyama Yukio,Tanaka Giichi
390,441,Hatoyama Yukio,Inukai Tsuyoshi
390,992,Hatoyama Yukio,Saitō Makoto
390,352,Hatoyama Yukio,Gotō Fumio
390,410,Hatoyama Yukio,Hiranuma Kiichirō
390,4,Hatoyama Yukio,Abe Nobuyuki
390,447,Hatoyama Yukio,Itō Masayoshi
390,796,Hatoyama Yukio,Mori Yoshirō
390,841,Hatoyama Yukio,Noda Yoshihiko
390,1058,Hatoyama Yukio,Suga Yoshihide
390,639,Hatoyama Yukio,Kishida Fumio
390,459,Hatoyama Yukio,Ishiba Shigeru
390,1057,Hatoyama Yukio,Takaichi Sanae
391,782,Harry Reid,Mitch McConnell
392,1063,Heinrich Böll,Theodor Mommsen
392,579,Heinrich Böll,José Echegaray
392,394,Heinrich Böll,Henri Bergson
392,1073,Heinrich Böll,Thomas Mann
392,682,Heinrich Böll,Luigi Pirandello
392,970,Heinrich Böll,Roger Martin du Gard
392,1047,Heinrich Böll,T. S. Eliot
392,1183,Heinrich Böll,William Faulkner
392,1223,Heinrich Böll,Winston Churchill
392,453,Heinrich Böll,Ivo Andrić
392,768,Heinrich Böll,Miguel Ángel Asturias
392,853,Heinrich Böll,Odysseas Elytis
392,247,Heinrich Böll,Elias Canetti
392,307,Heinrich Böll,Gabriel García Márquez
392,1182,Heinrich Böll,William Golding
392,146,Heinrich Böll,Camilo José Cela
392,147,Heinrich Böll,Cao Hành Kiện
392,610,Heinrich Böll,Kazuo Ishiguro
393,646,Helle Thorning-Schmidt,Lars Løkke Rasmussen
393,757,Helle Thorning-Schmidt,Mette Frederiksen
393,42,Helle Thorning-Schmidt,Anders Fogh Rasmussen
393,724,Helle Thorning-Schmidt,Margrethe Vestager
394,942,Henri Bergson,René Descartes
394,1063,Henri Bergson,Theodor Mommsen
394,579,Henri Bergson,José Echegaray
394,1073,Henri Bergson,Thomas Mann
394,682,Henri Bergson,Luigi Pirandello
394,970,Henri Bergson,Roger Martin du Gard
394,1047,Henri Bergson,T. S. Eliot
394,1183,Henri Bergson,William Faulkner
394,1223,Henri Bergson,Winston Churchill
394,453,Henri Bergson,Ivo Andrić
394,768,Henri Bergson,Miguel Ángel Asturias
394,392,Henri Bergson,Heinrich Böll
394,853,Henri Bergson,Odysseas Elytis
394,247,Henri Bergson,Elias Canetti
394,307,Henri Bergson,Gabriel García Márquez
394,1182,Henri Bergson,William Golding
394,146,Henri Bergson,Camilo José Cela
394,147,Henri Bergson,Cao Hành Kiện
394,610,Henri Bergson,Kazuo Ishiguro
395,1234,"Henry John Temple, Tử tước Palmerston thứ 3",Đại học Cambridge
395,972,"Henry John Temple, Tử tước Palmerston thứ 3",Robert Walpole
395,312,"Henry John Temple, Tử tước Palmerston thứ 3",George Grenville
395,1188,"Henry John Temple, Tử tước Palmerston thứ 3",William Pitt Trẻ
395,397,"Henry John Temple, Tử tước Palmerston thứ 3","Henry Addington, Tử tước Sidmouth thứ 1"
395,1033,"Henry John Temple, Tử tước Palmerston thứ 3",Spencer Perceval
395,308,"Henry John Temple, Tử tước Palmerston thứ 3",George Canning
395,83,"Henry John Temple, Tử tước Palmerston thứ 3","Arthur Wellesley, Công tước thứ 1 xứ Wellington"
395,1035,"Henry John Temple, Tử tước Palmerston thứ 3",Stanley Baldwin
395,933,"Henry John Temple, Tử tước Palmerston thứ 3",Ramsay MacDonald
395,823,"Henry John Temple, Tử tước Palmerston thứ 3",Neville Chamberlain
395,1223,"Henry John Temple, Tử tước Palmerston thứ 3",Winston Churchill
395,187,"Henry John Temple, Tử tước Palmerston thứ 3",Clement Attlee
395,62,"Henry John Temple, Tử tước Palmerston thứ 3",Anthony Eden
395,380,"Henry John Temple, Tử tước Palmerston thứ 3",Harold Macmillan
395,39,"Henry John Temple, Tử tước Palmerston thứ 3",Alec Douglas-Home
395,381,"Henry John Temple, Tử tước Palmerston thứ 3",Harold Wilson
395,477,"Henry John Temple, Tử tước Palmerston thứ 3",James Callaghan
395,735,"Henry John Temple, Tử tước Palmerston thứ 3",Margaret Thatcher
395,353,"Henry John Temple, Tử tước Palmerston thứ 3",Gordon Brown
395,203,"Henry John Temple, Tử tước Palmerston thứ 3",David Cameron
395,1065,"Henry John Temple, Tử tước Palmerston thứ 3",Theresa May
395,137,"Henry John Temple, Tử tước Palmerston thứ 3",Boris Johnson
395,685,"Henry John Temple, Tử tước Palmerston thứ 3",Liz Truss
395,959,"Henry John Temple, Tử tước Palmerston thứ 3",Rishi Sunak
395,618,"Henry John Temple, Tử tước Palmerston thứ 3",Keir Starmer
396,968,Henry Cabot Lodge Jr.,Richard Nixon
396,340,Henry Cabot Lodge Jr.,Gerald Ford
396,548,Henry Cabot Lodge Jr.,Jimmy Carter
396,688,Henry Cabot Lodge Jr.,Lyndon B. Johnson
396,228,Henry Cabot Lodge Jr.,Dwight D. Eisenhower
396,1230,Henry Cabot Lodge Jr.,Đại học Harvard
396,549,Henry Cabot Lodge Jr.,John F. Kennedy
396,955,Henry Cabot Lodge Jr.,Robert McNamara
396,842,Henry Cabot Lodge Jr.,Ngô Đình Diệm
396,835,Henry Cabot Lodge Jr.,Ngô Đình Nhu
396,901,Henry Cabot Lodge Jr.,Phêrô Máctinô Ngô Đình Thục
396,1102,Henry Cabot Lodge Jr.,Trần Lệ Xuân
396,1149,Henry Cabot Lodge Jr.,Vũ Văn Mẫu
396,229,Henry Cabot Lodge Jr.,Dương Văn Minh
396,681,Henry Cabot Lodge Jr.,Lê Văn Kim
396,825,Henry Cabot Lodge Jr.,Nguyễn Hữu Có
396,827,Henry Cabot Lodge Jr.,Nguyễn Khánh
396,856,Henry Cabot Lodge Jr.,Nguyễn Văn Thiệu
396,1118,Henry Cabot Lodge Jr.,Tôn Thất Đính
396,1114,Henry Cabot Lodge Jr.,Trần Văn Đôn
396,201,Henry Cabot Lodge Jr.,David Halberstam
397,1188,"Henry Addington, Tử tước Sidmouth thứ 1",William Pitt Trẻ
397,1033,"Henry Addington, Tử tước Sidmouth thứ 1",Spencer Perceval
397,972,"Henry Addington, Tử tước Sidmouth thứ 1",Robert Walpole
397,312,"Henry Addington, Tử tước Sidmouth thứ 1",George Grenville
397,308,"Henry Addington, Tử tước Sidmouth thứ 1",George Canning
397,83,"Henry Addington, Tử tước Sidmouth thứ 1","Arthur Wellesley, Công tước thứ 1 xứ Wellington"
397,395,"Henry Addington, Tử tước Sidmouth thứ 1","Henry John Temple, Tử tước Palmerston thứ 3"
397,1035,"Henry Addington, Tử tước Sidmouth thứ 1",Stanley Baldwin
397,933,"Henry Addington, Tử tước Sidmouth thứ 1",Ramsay MacDonald
397,823,"Henry Addington, Tử tước Sidmouth thứ 1",Neville Chamberlain
397,1223,"Henry Addington, Tử tước Sidmouth thứ 1",Winston Churchill
397,187,"Henry Addington, Tử tước Sidmouth thứ 1",Clement Attlee
397,62,"Henry Addington, Tử tước Sidmouth thứ 1",Anthony Eden
397,380,"Henry Addington, Tử tước Sidmouth thứ 1",Harold Macmillan
397,39,"Henry Addington, Tử tước Sidmouth thứ 1",Alec Douglas-Home
397,381,"Henry Addington, Tử tước Sidmouth thứ 1",Harold Wilson
397,477,"Henry Addington, Tử tước Sidmouth thứ 1",James Callaghan
397,735,"Henry Addington, Tử tước Sidmouth thứ 1",Margaret Thatcher
397,353,"Henry Addington, Tử tước Sidmouth thứ 1",Gordon Brown
397,203,"Henry Addington, Tử tước Sidmouth thứ 1",David Cameron
397,1065,"Henry Addington, Tử tước Sidmouth thứ 1",Theresa May
397,137,"Henry Addington, Tử tước Sidmouth thứ 1",Boris Johnson
397,685,"Henry Addington, Tử tước Sidmouth thứ 1",Liz Truss
397,959,"Henry Addington, Tử tước Sidmouth thứ 1",Rishi Sunak
397,618,"Henry Addington, Tử tước Sidmouth thứ 1",Keir Starmer
398,406,Helmut Schmidt,Helmut Kohl
398,671,Helmut Schmidt,Ludwig Erhard
398,866,Helmut Schmidt,Otto von Bismarck
398,585,Helmut Schmidt,Joseph Goebbels
398,679,Helmut Schmidt,Lutz Graf Schwerin von Krosigk
398,634,Helmut Schmidt,Konrad Adenauer
398,68,Helmut Schmidt,Angela Merkel
398,862,Helmut Schmidt,Olaf Scholz
399,1230,Helen Keller,Đại học Harvard
399,108,Helen Keller,Benjamin Harrison
399,1206,Helen Keller,William McKinley
399,1080,Helen Keller,Theodore Roosevelt
399,1189,Helen Keller,William Howard Taft
399,292,Helen Keller,Franklin D. Roosevelt
399,549,Helen Keller,John F. Kennedy
399,688,Helen Keller,Lyndon B. Johnson
401,292,Henry L. Stimson,Franklin D. Roosevelt
401,389,Henry L. Stimson,Harry S. Truman
401,1189,Henry L. Stimson,William Howard Taft
401,405,Henry L. Stimson,Herbert Hoover
401,143,Henry L. Stimson,Calvin Coolidge
401,1080,Henry L. Stimson,Theodore Roosevelt
401,1232,Henry L. Stimson,Đại học Yale
401,1230,Henry L. Stimson,Đại học Harvard
401,1201,Henry L. Stimson,Woodrow Wilson
401,1223,Henry L. Stimson,Winston Churchill
401,321,Henry L. Stimson,George Marshall
401,550,Henry L. Stimson,John Jay
401,1083,Henry L. Stimson,Thomas Jefferson
401,483,Henry L. Stimson,James Madison
401,482,Henry L. Stimson,James Monroe
401,562,Henry L. Stimson,John Quincy Adams
401,538,Henry L. Stimson,John C. Calhoun
401,469,Henry L. Stimson,James Buchanan
401,1180,Henry L. Stimson,William H. Seward
401,206,Henry L. Stimson,Dean Acheson
401,541,Henry L. Stimson,John Foster Dulles
401,207,Henry L. Stimson,Dean Rusk
401,1186,Henry L. Stimson,William P. Rogers
401,408,Henry L. Stimson,Henry Kissinger
401,188,Henry L. Stimson,Colin Powell
401,200,Henry L. Stimson,Condoleezza Rice
401,422,Henry L. Stimson,Hillary Clinton
401,947,Henry L. Stimson,Rex Tillerson
401,776,Henry L. Stimson,Mike Pompeo
401,70,Henry L. Stimson,Antony Blinken
401,997,Henry L. Stimson,Samuel Dexter
401,241,Henry L. Stimson,Edwin Stanton
401,967,Henry L. Stimson,Robert Todd Lincoln
401,1074,Henry L. Stimson,Theodore Roosevelt Jr.
401,561,Henry L. Stimson,John Nance Garner
401,409,Henry L. Stimson,Henry A. Wallace
401,24,Henry L. Stimson,Alben W. Barkley
402,541,Herbert H. Lehman,John Foster Dulles
402,292,Herbert H. Lehman,Franklin D. Roosevelt
403,785,Herman Cain,Mitt Romney
403,951,Herman Cain,Rick Perry
404,847,Henry McMaster,Nikki Haley
404,1036,Henry McMaster,Ronald Reagan
404,330,Henry McMaster,George W. Bush
404,298,Henry McMaster,Donald Trump
404,776,Henry McMaster,Mike Pompeo
404,565,Henry McMaster,Joe Biden
404,831,Henry McMaster,Ned Lamont
404,505,Henry McMaster,Janet Mills
404,173,Henry McMaster,Charlie Baker
404,183,Henry McMaster,Chris Sununu
404,913,Henry McMaster,Phil Murphy
404,50,Henry McMaster,Andrew Cuomo
404,1107,Henry McMaster,Tom Wolf
404,202,Henry McMaster,Daniel McKee
404,898,Henry McMaster,Phil Scott
404,480,Henry McMaster,J. B. Pritzker
404,258,Henry McMaster,Eric Holcomb
404,636,Henry McMaster,Kim Reynolds
404,673,Henry McMaster,Laura Kelly
404,367,Henry McMaster,Gretchen Whitmer
404,1089,Henry McMaster,Tim Walz
404,903,Henry McMaster,Pete Ricketts
404,220,Henry McMaster,Doug Burgum
404,812,Henry McMaster,Mike DeWine
404,642,Henry McMaster,Kristi Noem
404,1091,Henry McMaster,Tony Evers
404,614,Henry McMaster,Kay Ivey
404,91,Henry McMaster,Asa Hutchinson
404,554,Henry McMaster,John Carney
404,979,Henry McMaster,Ron DeSantis
404,142,Henry McMaster,Brian Kemp
404,60,Henry McMaster,Andy Beshear
404,536,Henry McMaster,John Bel Edwards
404,650,Henry McMaster,Larry Hogan
404,1061,Henry McMaster,Tate Reeves
404,1008,Henry McMaster,Roy Cooper
404,624,Henry McMaster,Kevin Stitt
404,124,Henry McMaster,Bill Lee
404,365,Henry McMaster,Greg Abbott
404,946,Henry McMaster,Ralph Northam
404,534,Henry McMaster,Jim Justice
404,779,Henry McMaster,Mike Dunleavy
404,242,Henry McMaster,Doug Ducey
404,331,Henry McMaster,Gavin Newsom
404,502,Henry McMaster,Jared Polis
404,208,Henry McMaster,David Ige
404,140,Henry McMaster,Brad Little
404,388,Henry McMaster,Greg Gianforte
404,1060,Henry McMaster,Steve Sisolak
404,787,Henry McMaster,Michelle Lujan Grisham
404,612,Henry McMaster,Kate Brown
404,1030,Henry McMaster,Spencer Cox
404,506,Henry McMaster,Jay Inslee
404,736,Henry McMaster,Mark Gordon (chính trị gia)
404,540,Henry McMaster,Jerome Adams
404,213,Henry McMaster,Deborah Birx
404,86,Henry McMaster,Anthony Fauci
404,139,Henry McMaster,Brett Giroir
404,888,Henry McMaster,Peter Navarro
404,773,Henry McMaster,Mike Pence
404,976,Henry McMaster,Robert R. Redfield
405,143,Herbert Hoover,Calvin Coolidge
405,292,Herbert Hoover,Franklin D. Roosevelt
405,1170,Herbert Hoover,Warren G. Harding
405,1201,Herbert Hoover,Woodrow Wilson
405,1228,Herbert Hoover,Đại học Stanford
405,389,Herbert Hoover,Harry S. Truman
405,228,Herbert Hoover,Dwight D. Eisenhower
405,539,Herbert Hoover,John Adams
405,1083,Herbert Hoover,Thomas Jefferson
405,483,Herbert Hoover,James Madison
405,482,Herbert Hoover,James Monroe
405,562,Herbert Hoover,John Quincy Adams
405,1190,Herbert Hoover,William Henry Harrison
405,568,Herbert Hoover,John Tyler
405,473,Herbert Hoover,James K. Polk
405,286,Herbert Hoover,Franklin Pierce
405,469,Herbert Hoover,James Buchanan
405,1127,Herbert Hoover,Ulysses S. Grant
405,993,Herbert Hoover,Rutherford B. Hayes
405,470,Herbert Hoover,James A. Garfield
405,170,Herbert Hoover,Chester A. Arthur
405,108,Herbert Hoover,Benjamin Harrison
405,1206,Herbert Hoover,William McKinley
405,1080,Herbert Hoover,Theodore Roosevelt
405,1189,Herbert Hoover,William Howard Taft
405,549,Herbert Hoover,John F. Kennedy
405,688,Herbert Hoover,Lyndon B. Johnson
405,968,Herbert Hoover,Richard Nixon
405,340,Herbert Hoover,Gerald Ford
405,548,Herbert Hoover,Jimmy Carter
405,1036,Herbert Hoover,Ronald Reagan
405,319,Herbert Hoover,George H. W. Bush
405,119,Herbert Hoover,Bill Clinton
405,330,Herbert Hoover,George W. Bush
405,156,Herbert Hoover,Barack Obama
405,298,Herbert Hoover,Donald Trump
405,565,Herbert Hoover,Joe Biden
406,944,Helmut Kohl,Richard von Weizsäcker
406,969,Helmut Kohl,Roman Herzog
406,398,Helmut Kohl,Helmut Schmidt
406,1194,Helmut Kohl,Wolfgang Schäuble
406,866,Helmut Kohl,Otto von Bismarck
406,299,Helmut Kohl,François Mitterrand
406,319,Helmut Kohl,George H. W. Bush
406,1036,Helmut Kohl,Ronald Reagan
406,803,Helmut Kohl,Mikhail Sergeyevich Gorbachyov
406,131,Helmut Kohl,Brian Mulroney
406,68,Helmut Kohl,Angela Merkel
406,735,Helmut Kohl,Margaret Thatcher
406,634,Helmut Kohl,Konrad Adenauer
406,585,Helmut Kohl,Joseph Goebbels
406,679,Helmut Kohl,Lutz Graf Schwerin von Krosigk
406,671,Helmut Kohl,Ludwig Erhard
406,862,Helmut Kohl,Olaf Scholz
406,1019,Helmut Kohl,Slobodan Milošević
406,814,Helmut Kohl,Ne Win
406,1235,Helmut Kohl,Đặng Tiểu Bình
406,1154,Helmut Kohl,Václav Havel
406,523,Helmut Kohl,Joachim Gauck
406,986,Helmut Kohl,Sali Berisha
406,135,Helmut Kohl,Boris Nikolayevich Yeltsin
406,103,Helmut Kohl,Aung San Suu Kyi
406,753,Helmut Kohl,Meles Zenawi
407,1233,Henry V của Anh,Đại học Oxford
407,878,Henry V của Anh,Oliver Cromwell
408,968,Henry Kissinger,Richard Nixon
408,340,Henry Kissinger,Gerald Ford
408,1186,Henry Kissinger,William P. Rogers
408,735,Henry Kissinger,Margaret Thatcher
408,330,Henry Kissinger,George W. Bush
408,1230,Henry Kissinger,Đại học Harvard
408,632,Henry Kissinger,Klemens von Metternich
408,832,Henry Kissinger,Nelson Rockefeller
408,199,Henry Kissinger,Chu Ân Lai
408,688,Henry Kissinger,Lyndon B. Johnson
408,761,Henry Kissinger,Mao Trạch Đông
408,1235,Henry Kissinger,Đặng Tiểu Bình
408,448,Henry Kissinger,Indira Gandhi
408,356,Henry Kissinger,Golda Meir
408,548,Henry Kissinger,Jimmy Carter
408,89,Henry Kissinger,Augusto Pinochet
408,288,Henry Kissinger,Fidel Castro
408,177,Henry Kissinger,Christopher Hitchens
408,1080,Henry Kissinger,Theodore Roosevelt
408,1201,Henry Kissinger,Woodrow Wilson
408,153,Henry Kissinger,Charles G. Dawes
408,321,Henry Kissinger,George Marshall
408,895,Henry Kissinger,Philip Noel-Baker
408,191,Henry Kissinger,Dag Hammarskjöld
408,1011,Henry Kissinger,Satō Eisaku
408,76,Henry Kissinger,Anwar Al-Sadad
408,758,Henry Kissinger,Menachem Begin
408,1222,Henry Kissinger,Óscar Arias
408,803,Henry Kissinger,Mikhail Sergeyevich Gorbachyov
408,103,Henry Kissinger,Aung San Suu Kyi
408,837,Henry Kissinger,Nelson Mandela
408,1024,Henry Kissinger,Shimon Peres
408,631,Henry Kissinger,Kim Dae-jung
408,627,Henry Kissinger,Kofi Annan
408,786,Henry Kissinger,Mohamed ElBaradei
408,806,Henry Kissinger,Muhammad Yunus
408,742,Henry Kissinger,Martti Ahtisaari
408,156,Henry Kissinger,Barack Obama
408,243,Henry Kissinger,Ellen Johnson Sirleaf
408,716,Henry Kissinger,Malala Yousafzai
408,595,Henry Kissinger,Juan Manuel Santos
408,3,Henry Kissinger,Abiy Ahmed
408,738,Henry Kissinger,Maria Ressa
408,1083,Henry Kissinger,Thomas Jefferson
408,483,Henry Kissinger,James Madison
408,482,Henry Kissinger,James Monroe
408,562,Henry Kissinger,John Quincy Adams
408,538,Henry Kissinger,John C. Calhoun
408,469,Henry Kissinger,James Buchanan
408,1180,Henry Kissinger,William H. Seward
408,401,Henry Kissinger,Henry L. Stimson
408,206,Henry Kissinger,Dean Acheson
408,541,Henry Kissinger,John Foster Dulles
408,207,Henry Kissinger,Dean Rusk
408,188,Henry Kissinger,Colin Powell
408,200,Henry Kissinger,Condoleezza Rice
408,422,Henry Kissinger,Hillary Clinton
408,947,Henry Kissinger,Rex Tillerson
408,776,Henry Kissinger,Mike Pompeo
409,292,Henry A. Wallace,Franklin D. Roosevelt
409,561,Henry A. Wallace,John Nance Garner
409,389,Henry A. Wallace,Harry S. Truman
409,1170,Henry A. Wallace,Warren G. Harding
409,143,Henry A. Wallace,Calvin Coolidge
409,228,Henry A. Wallace,Dwight D. Eisenhower
409,549,Henry A. Wallace,John F. Kennedy
409,968,Henry A. Wallace,Richard Nixon
409,539,Henry A. Wallace,John Adams
409,1083,Henry A. Wallace,Thomas Jefferson
409,246,Henry A. Wallace,Elbridge Gerry
409,192,Henry A. Wallace,Daniel D. Tompkins
409,538,Henry A. Wallace,John C. Calhoun
409,938,Henry A. Wallace,Richard Mentor Johnson
409,568,Henry A. Wallace,John Tyler
409,314,Henry A. Wallace,George M. Dallas
409,1187,Henry A. Wallace,William R. King
409,535,Henry A. Wallace,John C. Breckinridge
409,1179,Henry A. Wallace,William A. Wheeler
409,170,Henry A. Wallace,Chester A. Arthur
409,1066,Henry A. Wallace,Thomas A. Hendricks
409,9,Henry A. Wallace,Adlai Stevenson I
409,302,Henry A. Wallace,Garret Hobart
409,1080,Henry A. Wallace,Theodore Roosevelt
409,160,Henry A. Wallace,Charles W. Fairbanks
409,481,Henry A. Wallace,James S. Sherman
409,1072,Henry A. Wallace,Thomas R. Marshall
409,153,Henry A. Wallace,Charles G. Dawes
409,24,Henry A. Wallace,Alben W. Barkley
409,688,Henry A. Wallace,Lyndon B. Johnson
409,419,Henry A. Wallace,Hubert Humphrey
409,340,Henry A. Wallace,Gerald Ford
409,832,Henry A. Wallace,Nelson Rockefeller
409,1169,Henry A. Wallace,Walter Mondale
409,319,Henry A. Wallace,George H. W. Bush
409,211,Henry A. Wallace,Dick Cheney
409,565,Henry A. Wallace,Joe Biden
409,773,Henry A. Wallace,Mike Pence
409,628,Henry A. Wallace,Kamala Harris
409,466,Henry A. Wallace,JD Vance
411,293,Herman Van Rompuy,Fredrik Reinfeldt
411,219,Herman Van Rompuy,Donald Tusk
412,261,Heinrich Himmler,Ernst Kaltenbrunner
412,1173,Heinrich Himmler,Wilhelm Frick
412,981,Heinrich Himmler,Rudolf Hess
412,514,Heinrich Himmler,Jean de Lattre de Tassigny
412,31,Heinrich Himmler,Albert Speer
412,585,Heinrich Himmler,Joseph Goebbels
412,1223,Heinrich Himmler,Winston Churchill
412,679,Heinrich Himmler,Lutz Graf Schwerin von Krosigk
412,41,Heinrich Himmler,Alfred Rosenberg
412,1194,Heinrich Himmler,Wolfgang Schäuble
413,68,Horst Köhler,Angela Merkel
413,165,Horst Köhler,Christian Wulff
414,1099,Howard Dean,Tim Kaine
414,1232,Howard Dean,Đại học Yale
414,898,Howard Dean,Phil Scott
415,298,Hope Hicks,Donald Trump
416,829,Hoàng Cúc,Ngô Bang Quốc
416,180,Hoàng Cúc,Chu Dung Cơ
416,342,Hoàng Cúc,Giang Trạch Dân
416,433,Hoàng Cúc,Hàn Chính (chính khách)
416,1167,Hoàng Cúc,Tập Cận Bình
416,686,Hoàng Cúc,Lý Cường
417,76,Hosni Mubarak,Anwar Al-Sadad
417,783,Hosni Mubarak,Mohamed Morsi
417,11,Hosni Mubarak,Adly Mansour
417,7,Hosni Mubarak,Abdel Fattah el-Sisi
418,1192,Htin Kyaw,Win Myint
418,103,Htin Kyaw,Aung San Suu Kyi
419,688,Hubert Humphrey,Lyndon B. Johnson
419,1169,Hubert Humphrey,Walter Mondale
420,702,Hoàng Thủ Hoành,Lý Khắc Cường
420,1167,Hoàng Thủ Hoành,Tập Cận Bình
421,702,Hoài Tiến Bằng,Lý Khắc Cường
421,1167,Hoài Tiến Bằng,Tập Cận Bình
421,686,Hoài Tiến Bằng,Lý Cường
421,1231,Hoài Tiến Bằng,Đinh Tiết Tường
421,431,Hoài Tiến Bằng,Hà Lập Phong
421,1140,Hoài Tiến Bằng,Trương Quốc Thanh
421,709,Hoài Tiến Bằng,Lưu Quốc Trung
421,1174,Hoài Tiến Bằng,Vương Tiểu Hồng
421,834,Hoài Tiến Bằng,Ngô Chính Long
421,1104,Hoài Tiến Bằng,Thầm Di Cầm
421,630,Hoài Tiến Bằng,Kim Tráng Long
421,1103,Hoài Tiến Bằng,Trần Nhất Tân
421,439,Hoài Tiến Bằng,Hạ Vinh
421,1156,Hoài Tiến Bằng,Vương Hiểu Bình
421,1165,Hoài Tiến Bằng,Vương Quảng Hoa
421,426,Hoài Tiến Bằng,Hoàng Nhuận Thu
421,828,Hoài Tiến Bằng,Nghê Hồng
421,689,Hoài Tiến Bằng,Lý Quốc Anh
421,1166,Hoài Tiến Bằng,Vương Văn Đào
421,1172,Hoài Tiến Bằng,Vương Tường Hỉ
421,144,Hoài Tiến Bằng,Bùi Kim Giai
421,1119,Hoài Tiến Bằng,Trịnh Sách Khiết
421,899,Hoài Tiến Bằng,Phan Nhạc (chính khách)
421,811,Hoài Tiến Bằng,Mã Hiểu Vĩ
421,893,Hoài Tiến Bằng,Phan Công Thắng
421,445,Hoài Tiến Bằng,Hầu Khải
421,433,Hoài Tiến Bằng,Hàn Chính (chính khách)
421,1095,Hoài Tiến Bằng,Triệu Khắc Chí
421,1086,Hoài Tiến Bằng,Tiêu Á Khánh
421,1108,Hoài Tiến Bằng,Trần Văn Thanh (chính khách Trung Quốc)
421,684,Hoài Tiến Bằng,Lý Cán Kiệt
421,696,Hoài Tiến Bằng,Lạc Thụ Cương
422,156,Hillary Clinton,Barack Obama
422,200,Hillary Clinton,Condoleezza Rice
422,119,Hillary Clinton,Bill Clinton
422,668,Hillary Clinton,Laura Bush
422,1232,Hillary Clinton,Đại học Yale
422,298,Hillary Clinton,Donald Trump
422,1169,Hillary Clinton,Walter Mondale
422,315,Hillary Clinton,George McGovern
422,548,Hillary Clinton,Jimmy Carter
422,489,Hillary Clinton,Janet Reno
422,482,Hillary Clinton,James Monroe
422,978,Hillary Clinton,Rudy Giuliani
422,824,Hillary Clinton,Newt Gingrich
422,560,Hillary Clinton,John Roberts
422,968,Hillary Clinton,Richard Nixon
422,1099,Hillary Clinton,Tim Kaine
422,688,Hillary Clinton,Lyndon B. Johnson
422,565,Hillary Clinton,Joe Biden
422,417,Hillary Clinton,Hosni Mubarak
422,103,Hillary Clinton,Aung San Suu Kyi
422,115,Hillary Clinton,Bernie Sanders
422,1228,Hillary Clinton,Đại học Stanford
422,666,Hillary Clinton,Lucy Webb Hayes
422,644,Hillary Clinton,Lady Bird Johnson
422,777,Hillary Clinton,Michelle Obama
422,528,Hillary Clinton,Jill Biden
422,550,Hillary Clinton,John Jay
422,1083,Hillary Clinton,Thomas Jefferson
422,483,Hillary Clinton,James Madison
422,562,Hillary Clinton,John Quincy Adams
422,538,Hillary Clinton,John C. Calhoun
422,469,Hillary Clinton,James Buchanan
422,1180,Hillary Clinton,William H. Seward
422,401,Hillary Clinton,Henry L. Stimson
422,206,Hillary Clinton,Dean Acheson
422,541,Hillary Clinton,John Foster Dulles
422,207,Hillary Clinton,Dean Rusk
422,1186,Hillary Clinton,William P. Rogers
422,408,Hillary Clinton,Henry Kissinger
422,188,Hillary Clinton,Colin Powell
422,947,Hillary Clinton,Rex Tillerson
422,776,Hillary Clinton,Mike Pompeo
422,70,Hillary Clinton,Antony Blinken
422,238,Hillary Clinton,Ed Rendell
422,414,Hillary Clinton,Howard Dean
422,938,Hillary Clinton,Richard Mentor Johnson
422,314,Hillary Clinton,George M. Dallas
422,286,Hillary Clinton,Franklin Pierce
422,1187,Hillary Clinton,William R. King
422,535,Hillary Clinton,John C. Breckinridge
422,1034,Hillary Clinton,Stephen A. Douglas
422,1066,Hillary Clinton,Thomas A. Hendricks
422,9,Hillary Clinton,Adlai Stevenson I
422,1201,Hillary Clinton,Woodrow Wilson
422,1072,Hillary Clinton,Thomas R. Marshall
422,292,Hillary Clinton,Franklin D. Roosevelt
422,561,Hillary Clinton,John Nance Garner
422,409,Hillary Clinton,Henry A. Wallace
422,389,Hillary Clinton,Harry S. Truman
422,24,Hillary Clinton,Alben W. Barkley
422,549,Hillary Clinton,John F. Kennedy
422,419,Hillary Clinton,Hubert Humphrey
422,628,Hillary Clinton,Kamala Harris
422,1089,Hillary Clinton,Tim Walz
423,1059,Hoàng Tuần Tài,Tharman Shanmugaratnam
423,695,Hoàng Tuần Tài,Lý Hiển Long
423,1230,Hoàng Tuần Tài,Đại học Harvard
423,1093,Hoàng Tuần Tài,Trương Chí Hiền
423,122,Hoàng Tuần Tài,Bongbong Marcos
423,817,Hoàng Tuần Tài,Nancy Pelosi
423,63,Hoàng Tuần Tài,Anthony Albanese
423,1167,Hoàng Tuần Tài,Tập Cận Bình
423,713,Hoàng Tuần Tài,Lại Thanh Đức
423,699,Hoàng Tuần Tài,Lý Gia Siêu
423,906,Hoàng Tuần Tài,Prabowo Subianto
423,1057,Hoàng Tuần Tài,Takaichi Sanae
423,661,Hoàng Tuần Tài,Lee Jae-myung
423,186,Hoàng Tuần Tài,Claudia Sheinbaum
423,184,Hoàng Tuần Tài,Christopher Luxon
423,475,Hoàng Tuần Tài,James Marape
423,589,Hoàng Tuần Tài,José Jerí
423,84,Hoàng Tuần Tài,Anutin Charnvirakul
423,298,Hoàng Tuần Tài,Donald Trump
423,722,Hoàng Tuần Tài,Lương Cường
424,872,Hwang Kyo-ahn,Park Geun-hye
424,813,Hwang Kyo-ahn,Moon Jae-in
424,880,Hwang Kyo-ahn,Park Chung-hee
424,166,Hwang Kyo-ahn,Choi Kyu-hah
424,658,Hwang Kyo-ahn,Lee Hae-chan
424,378,Hwang Kyo-ahn,Han Duck-soo
424,700,Hwang Kyo-ahn,Lý Thừa Vãn
424,1208,Hwang Kyo-ahn,Yun Bo-seon
424,623,Hwang Kyo-ahn,Kim Young-sam
424,631,Hwang Kyo-ahn,Kim Dae-jung
424,674,Hwang Kyo-ahn,Lee Myung-bak
424,1216,Hwang Kyo-ahn,Yoon Suk-yeol
424,661,Hwang Kyo-ahn,Lee Jae-myung
425,156,Hunter Biden,Barack Obama
425,565,Hunter Biden,Joe Biden
425,1232,Hunter Biden,Đại học Yale
425,298,Hunter Biden,Donald Trump
425,94,Hunter Biden,Beau Biden
425,528,Hunter Biden,Jill Biden
426,702,Hoàng Nhuận Thu,Lý Khắc Cường
426,684,Hoàng Nhuận Thu,Lý Cán Kiệt
426,715,Hoàng Nhuận Thu,Lật Chiến Thư
426,1178,Hoàng Nhuận Thu,Vương Đông Minh
426,433,Hoàng Nhuận Thu,Hàn Chính (chính khách)
426,1095,Hoàng Nhuận Thu,Triệu Khắc Chí
426,1174,Hoàng Nhuận Thu,Vương Tiểu Hồng
426,421,Hoàng Nhuận Thu,Hoài Tiến Bằng
426,1086,Hoàng Nhuận Thu,Tiêu Á Khánh
426,630,Hoàng Nhuận Thu,Kim Tráng Long
426,1108,Hoàng Nhuận Thu,Trần Văn Thanh (chính khách Trung Quốc)
426,1165,Hoàng Nhuận Thu,Vương Quảng Hoa
426,828,Hoàng Nhuận Thu,Nghê Hồng
426,689,Hoàng Nhuận Thu,Lý Quốc Anh
426,1166,Hoàng Nhuận Thu,Vương Văn Đào
426,696,Hoàng Nhuận Thu,Lạc Thụ Cương
426,1172,Hoàng Nhuận Thu,Vương Tường Hỉ
426,144,Hoàng Nhuận Thu,Bùi Kim Giai
426,431,Hoàng Nhuận Thu,Hà Lập Phong
426,811,Hoàng Nhuận Thu,Mã Hiểu Vĩ
426,445,Hoàng Nhuận Thu,Hầu Khải
426,686,Hoàng Nhuận Thu,Lý Cường
426,1231,Hoàng Nhuận Thu,Đinh Tiết Tường
426,1140,Hoàng Nhuận Thu,Trương Quốc Thanh
426,709,Hoàng Nhuận Thu,Lưu Quốc Trung
426,834,Hoàng Nhuận Thu,Ngô Chính Long
426,1104,Hoàng Nhuận Thu,Thầm Di Cầm
426,1103,Hoàng Nhuận Thu,Trần Nhất Tân
426,439,Hoàng Nhuận Thu,Hạ Vinh
426,1156,Hoàng Nhuận Thu,Vương Hiểu Bình
426,1119,Hoàng Nhuận Thu,Trịnh Sách Khiết
426,899,Hoàng Nhuận Thu,Phan Nhạc (chính khách)
426,893,Hoàng Nhuận Thu,Phan Công Thắng
427,1167,Hà Vệ Đông,Tập Cận Bình
427,686,Hà Vệ Đông,Lý Cường
427,1094,Hà Vệ Đông,Triệu Lạc Tế
427,1168,Hà Vệ Đông,Vương Hỗ Ninh
427,1082,Hà Vệ Đông,Thái Kỳ
427,1231,Hà Vệ Đông,Đinh Tiết Tường
427,692,Hà Vệ Đông,Lý Hi
427,239,Hà Vệ Đông,Doãn Lực
427,1081,Hà Vệ Đông,Thạch Thái Phong
427,709,Hà Vệ Đông,Lưu Quốc Trung
427,684,Hà Vệ Đông,Lý Cán Kiệt
427,691,Hà Vệ Đông,Lý Thư Lỗi
427,697,Hà Vệ Đông,Lý Hồng Trung
427,431,Hà Vệ Đông,Hà Lập Phong
427,1140,Hà Vệ Đông,Trương Quốc Thanh
427,1108,Hà Vệ Đông,Trần Văn Thanh (chính khách Trung Quốc)
427,1106,Hà Vệ Đông,Trần Mẫn Nhĩ
427,701,Hà Vệ Đông,Lưu Kim Quốc
427,1174,Hà Vệ Đông,Vương Tiểu Hồng
427,1178,Hà Vệ Đông,Vương Đông Minh
427,433,Hà Vệ Đông,Hàn Chính (chính khách)
427,834,Hà Vệ Đông,Ngô Chính Long
427,1104,Hà Vệ Đông,Thầm Di Cầm
427,1077,Hà Vệ Đông,Thẩm Dược Dược
427,1096,Hà Vệ Đông,Trương Quân
428,1013,I. K. Gujral,Shankar Dayal Sharma
428,596,I. K. Gujral,K. R. Narayanan
428,82,I. K. Gujral,Atal Bihari Vajpayee
428,1131,I. K. Gujral,V. P. Singh
428,448,I. K. Gujral,Indira Gandhi
428,497,I. K. Gujral,Jawaharlal Nehru
428,360,I. K. Gujral,Gulzarilal Nanda
428,792,I. K. Gujral,Morarji Desai
428,151,I. K. Gujral,Charan Singh
428,923,I. K. Gujral,Rajiv Gandhi
428,152,I. K. Gujral,Chandra Shekhar
428,861,I. K. Gujral,P. V. Narasimha Rao
428,720,I. K. Gujral,Manmohan Singh
428,816,I. K. Gujral,Narendra Modi
429,1167,Hác Bằng,Tập Cận Bình
429,1140,Hác Bằng,Trương Quốc Thanh
429,702,Hác Bằng,Lý Khắc Cường
429,1086,Hác Bằng,Tiêu Á Khánh
429,1235,Hác Bằng,Đặng Tiểu Bình
429,239,Hác Bằng,Doãn Lực
429,1106,Hác Bằng,Trần Mẫn Nhĩ
429,826,Hác Bằng,Nghê Nhạc Phong
429,651,Hác Bằng,Lam Phật An
429,834,Hác Bằng,Ngô Chính Long
429,1119,Hác Bằng,Trịnh Sách Khiết
429,692,Hác Bằng,Lý Hi
429,136,Hác Bằng,Bạc Hy Lai
429,1094,Hác Bằng,Triệu Lạc Tế
430,1132,Hạ Bảo Long,Uông Dương
430,1088,Hạ Bảo Long,Triệu Hồng Chúc
430,686,Hạ Bảo Long,Lý Cường
430,1167,Hạ Bảo Long,Tập Cận Bình
430,1094,Hạ Bảo Long,Triệu Lạc Tế
430,1168,Hạ Bảo Long,Vương Hỗ Ninh
430,1082,Hạ Bảo Long,Thái Kỳ
430,1231,Hạ Bảo Long,Đinh Tiết Tường
430,692,Hạ Bảo Long,Lý Hi
430,239,Hạ Bảo Long,Doãn Lực
430,427,Hạ Bảo Long,Hà Vệ Đông
430,1081,Hạ Bảo Long,Thạch Thái Phong
430,709,Hạ Bảo Long,Lưu Quốc Trung
430,684,Hạ Bảo Long,Lý Cán Kiệt
430,697,Hạ Bảo Long,Lý Hồng Trung
430,691,Hạ Bảo Long,Lý Thư Lỗi
430,431,Hạ Bảo Long,Hà Lập Phong
430,1140,Hạ Bảo Long,Trương Quốc Thanh
430,1106,Hạ Bảo Long,Trần Mẫn Nhĩ
430,701,Hạ Bảo Long,Lưu Kim Quốc
430,1174,Hạ Bảo Long,Vương Tiểu Hồng
430,1077,Hạ Bảo Long,Thẩm Dược Dược
430,1178,Hạ Bảo Long,Vương Đông Minh
430,433,Hạ Bảo Long,Hàn Chính (chính khách)
430,1095,Hạ Bảo Long,Triệu Khắc Chí
430,1096,Hạ Bảo Long,Trương Quân
430,1098,Hạ Bảo Long,Trương Đức Giang
430,1119,Hạ Bảo Long,Trịnh Sách Khiết
431,686,Hà Lập Phong,Lý Cường
431,1167,Hà Lập Phong,Tập Cận Bình
431,1094,Hà Lập Phong,Triệu Lạc Tế
431,1168,Hà Lập Phong,Vương Hỗ Ninh
431,1082,Hà Lập Phong,Thái Kỳ
431,1231,Hà Lập Phong,Đinh Tiết Tường
431,692,Hà Lập Phong,Lý Hi
431,239,Hà Lập Phong,Doãn Lực
431,1081,Hà Lập Phong,Thạch Thái Phong
431,709,Hà Lập Phong,Lưu Quốc Trung
431,684,Hà Lập Phong,Lý Cán Kiệt
431,691,Hà Lập Phong,Lý Thư Lỗi
431,697,Hà Lập Phong,Lý Hồng Trung
431,427,Hà Lập Phong,Hà Vệ Đông
431,1140,Hà Lập Phong,Trương Quốc Thanh
431,1108,Hà Lập Phong,Trần Văn Thanh (chính khách Trung Quốc)
431,1106,Hà Lập Phong,Trần Mẫn Nhĩ
431,701,Hà Lập Phong,Lưu Kim Quốc
431,1174,Hà Lập Phong,Vương Tiểu Hồng
431,1178,Hà Lập Phong,Vương Đông Minh
431,433,Hà Lập Phong,Hàn Chính (chính khách)
431,834,Hà Lập Phong,Ngô Chính Long
431,1104,Hà Lập Phong,Thầm Di Cầm
431,1077,Hà Lập Phong,Thẩm Dược Dược
431,1096,Hà Lập Phong,Trương Quân
431,702,Hà Lập Phong,Lý Khắc Cường
431,715,Hà Lập Phong,Lật Chiến Thư
431,1132,Hà Lập Phong,Uông Dương
431,1162,Hà Lập Phong,Vương Kỳ Sơn
431,1095,Hà Lập Phong,Triệu Khắc Chí
431,430,Hà Lập Phong,Hạ Bảo Long
431,421,Hà Lập Phong,Hoài Tiến Bằng
431,630,Hà Lập Phong,Kim Tráng Long
431,1103,Hà Lập Phong,Trần Nhất Tân
431,439,Hà Lập Phong,Hạ Vinh
431,1156,Hà Lập Phong,Vương Hiểu Bình
431,1165,Hà Lập Phong,Vương Quảng Hoa
431,426,Hà Lập Phong,Hoàng Nhuận Thu
431,828,Hà Lập Phong,Nghê Hồng
431,689,Hà Lập Phong,Lý Quốc Anh
431,1166,Hà Lập Phong,Vương Văn Đào
431,1172,Hà Lập Phong,Vương Tường Hỉ
431,144,Hà Lập Phong,Bùi Kim Giai
431,1119,Hà Lập Phong,Trịnh Sách Khiết
431,899,Hà Lập Phong,Phan Nhạc (chính khách)
431,811,Hà Lập Phong,Mã Hiểu Vĩ
431,893,Hà Lập Phong,Phan Công Thắng
431,445,Hà Lập Phong,Hầu Khải
431,1086,Hà Lập Phong,Tiêu Á Khánh
431,696,Hà Lập Phong,Lạc Thụ Cương
432,1167,Hạ Quân Khoa,Tập Cận Bình
432,457,Hạ Quân Khoa,Hồ Cẩm Đào
432,702,Hạ Quân Khoa,Lý Khắc Cường
433,1167,Hàn Chính (chính khách),Tập Cận Bình
433,1162,Hàn Chính (chính khách),Vương Kỳ Sơn
433,702,Hàn Chính (chính khách),Lý Khắc Cường
433,1231,Hàn Chính (chính khách),Đinh Tiết Tường
433,686,Hàn Chính (chính khách),Lý Cường
433,342,Hàn Chính (chính khách),Giang Trạch Dân
433,180,Hàn Chính (chính khách),Chu Dung Cơ
433,1094,Hàn Chính (chính khách),Triệu Lạc Tế
433,1168,Hàn Chính (chính khách),Vương Hỗ Ninh
433,1082,Hàn Chính (chính khách),Thái Kỳ
433,692,Hàn Chính (chính khách),Lý Hi
433,239,Hàn Chính (chính khách),Doãn Lực
433,1081,Hàn Chính (chính khách),Thạch Thái Phong
433,709,Hàn Chính (chính khách),Lưu Quốc Trung
433,684,Hàn Chính (chính khách),Lý Cán Kiệt
433,691,Hàn Chính (chính khách),Lý Thư Lỗi
433,697,Hàn Chính (chính khách),Lý Hồng Trung
433,427,Hàn Chính (chính khách),Hà Vệ Đông
433,431,Hàn Chính (chính khách),Hà Lập Phong
433,1140,Hàn Chính (chính khách),Trương Quốc Thanh
433,1108,Hàn Chính (chính khách),Trần Văn Thanh (chính khách Trung Quốc)
433,1106,Hàn Chính (chính khách),Trần Mẫn Nhĩ
433,701,Hàn Chính (chính khách),Lưu Kim Quốc
433,1174,Hàn Chính (chính khách),Vương Tiểu Hồng
433,1178,Hàn Chính (chính khách),Vương Đông Minh
433,834,Hàn Chính (chính khách),Ngô Chính Long
433,1104,Hàn Chính (chính khách),Thầm Di Cầm
433,1077,Hàn Chính (chính khách),Thẩm Dược Dược
433,1096,Hàn Chính (chính khách),Trương Quân
433,715,Hàn Chính (chính khách),Lật Chiến Thư
433,1132,Hàn Chính (chính khách),Uông Dương
433,1095,Hàn Chính (chính khách),Triệu Khắc Chí
433,430,Hàn Chính (chính khách),Hạ Bảo Long
433,829,Hàn Chính (chính khách),Ngô Bang Quốc
433,416,Hàn Chính (chính khách),Hoàng Cúc
433,421,Hàn Chính (chính khách),Hoài Tiến Bằng
433,1086,Hàn Chính (chính khách),Tiêu Á Khánh
433,630,Hàn Chính (chính khách),Kim Tráng Long
433,1165,Hàn Chính (chính khách),Vương Quảng Hoa
433,426,Hàn Chính (chính khách),Hoàng Nhuận Thu
433,828,Hàn Chính (chính khách),Nghê Hồng
433,689,Hàn Chính (chính khách),Lý Quốc Anh
433,1166,Hàn Chính (chính khách),Vương Văn Đào
433,696,Hàn Chính (chính khách),Lạc Thụ Cương
433,1172,Hàn Chính (chính khách),Vương Tường Hỉ
433,144,Hàn Chính (chính khách),Bùi Kim Giai
433,811,Hàn Chính (chính khách),Mã Hiểu Vĩ
433,445,Hàn Chính (chính khách),Hầu Khải
434,288,Hugo Chávez,Fidel Castro
434,178,Hugo Chávez,Che Guevara
434,89,Hugo Chávez,Augusto Pinochet
434,1160,Hugo Chávez,Vladimir Ilyich Lenin
434,761,Hugo Chávez,Mao Trạch Đông
434,1153,Hugo Chávez,Vladimir Vladimirovich Putin
435,57,Ian Brossat,Anne Hidalgo
437,625,Ikeda Hayato,Kishi Nobusuke
437,1011,Ikeda Hayato,Satō Eisaku
437,1214,Ikeda Hayato,Yoshida Shigeru
437,549,Ikeda Hayato,John F. Kennedy
437,462,Ikeda Hayato,Itō Hirobumi
437,991,Ikeda Hayato,Saionji Kinmochi
437,375,Ikeda Hayato,Hara Takashi
437,611,Ikeda Hayato,Katō Tomosaburō
437,609,Ikeda Hayato,Katō Takaaki
437,1163,Ikeda Hayato,Wakatsuki Reijirō
437,1050,Ikeda Hayato,Tanaka Giichi
437,441,Ikeda Hayato,Inukai Tsuyoshi
437,992,Ikeda Hayato,Saitō Makoto
437,352,Ikeda Hayato,Gotō Fumio
437,410,Ikeda Hayato,Hiranuma Kiichirō
437,4,Ikeda Hayato,Abe Nobuyuki
437,447,Ikeda Hayato,Itō Masayoshi
437,796,Ikeda Hayato,Mori Yoshirō
437,19,Ikeda Hayato,Abe Shinzō
437,303,Ikeda Hayato,Fukuda Yasuo
437,90,Ikeda Hayato,Asō Tarō
437,390,Ikeda Hayato,Hatoyama Yukio
437,601,Ikeda Hayato,Kan Naoto
437,841,Ikeda Hayato,Noda Yoshihiko
437,1058,Ikeda Hayato,Suga Yoshihide
437,639,Ikeda Hayato,Kishida Fumio
437,459,Ikeda Hayato,Ishiba Shigeru
437,1057,Ikeda Hayato,Takaichi Sanae
438,864,Ingvar Carlsson,Olof Palme
438,145,Ingvar Carlsson,Carl Bildt
439,702,Hạ Vinh,Lý Khắc Cường
439,1167,Hạ Vinh,Tập Cận Bình
439,686,Hạ Vinh,Lý Cường
439,1231,Hạ Vinh,Đinh Tiết Tường
439,431,Hạ Vinh,Hà Lập Phong
439,1140,Hạ Vinh,Trương Quốc Thanh
439,709,Hạ Vinh,Lưu Quốc Trung
439,1174,Hạ Vinh,Vương Tiểu Hồng
439,834,Hạ Vinh,Ngô Chính Long
439,1104,Hạ Vinh,Thầm Di Cầm
439,421,Hạ Vinh,Hoài Tiến Bằng
439,630,Hạ Vinh,Kim Tráng Long
439,1103,Hạ Vinh,Trần Nhất Tân
439,1156,Hạ Vinh,Vương Hiểu Bình
439,1165,Hạ Vinh,Vương Quảng Hoa
439,426,Hạ Vinh,Hoàng Nhuận Thu
439,828,Hạ Vinh,Nghê Hồng
439,689,Hạ Vinh,Lý Quốc Anh
439,1166,Hạ Vinh,Vương Văn Đào
439,1172,Hạ Vinh,Vương Tường Hỉ
439,144,Hạ Vinh,Bùi Kim Giai
439,1119,Hạ Vinh,Trịnh Sách Khiết
439,899,Hạ Vinh,Phan Nhạc (chính khách)
439,811,Hạ Vinh,Mã Hiểu Vĩ
439,893,Hạ Vinh,Phan Công Thắng
439,445,Hạ Vinh,Hầu Khải
439,433,Hạ Vinh,Hàn Chính (chính khách)
439,1095,Hạ Vinh,Triệu Khắc Chí
439,1086,Hạ Vinh,Tiêu Á Khánh
439,1108,Hạ Vinh,Trần Văn Thanh (chính khách Trung Quốc)
439,684,Hạ Vinh,Lý Cán Kiệt
439,696,Hạ Vinh,Lạc Thụ Cương
441,1163,Inukai Tsuyoshi,Wakatsuki Reijirō
441,462,Inukai Tsuyoshi,Itō Hirobumi
441,991,Inukai Tsuyoshi,Saionji Kinmochi
441,375,Inukai Tsuyoshi,Hara Takashi
441,611,Inukai Tsuyoshi,Katō Tomosaburō
441,609,Inukai Tsuyoshi,Katō Takaaki
441,1050,Inukai Tsuyoshi,Tanaka Giichi
441,992,Inukai Tsuyoshi,Saitō Makoto
441,352,Inukai Tsuyoshi,Gotō Fumio
441,410,Inukai Tsuyoshi,Hiranuma Kiichirō
441,4,Inukai Tsuyoshi,Abe Nobuyuki
441,447,Inukai Tsuyoshi,Itō Masayoshi
441,796,Inukai Tsuyoshi,Mori Yoshirō
441,19,Inukai Tsuyoshi,Abe Shinzō
441,303,Inukai Tsuyoshi,Fukuda Yasuo
441,90,Inukai Tsuyoshi,Asō Tarō
441,390,Inukai Tsuyoshi,Hatoyama Yukio
441,601,Inukai Tsuyoshi,Kan Naoto
441,841,Inukai Tsuyoshi,Noda Yoshihiko
441,1058,Inukai Tsuyoshi,Suga Yoshihide
441,639,Inukai Tsuyoshi,Kishida Fumio
441,459,Inukai Tsuyoshi,Ishiba Shigeru
441,1057,Inukai Tsuyoshi,Takaichi Sanae
442,949,Isaac Asimov,Robert A. Heinlein
442,88,Isaac Asimov,Arthur C. Clarke
443,821,Isaac Herzog,Naftali Bennett
443,133,Isaac Herzog,Benjamin Netanyahu
443,935,Isaac Herzog,Reuven Rivlin
443,249,Isaac Herzog,Ehud Olmert
443,81,Isaac Herzog,Ariel Sharon
443,148,Isaac Herzog,Chaim Herzog
444,459,Ishiba Yoshiko,Ishiba Shigeru
445,702,Hầu Khải,Lý Khắc Cường
445,1167,Hầu Khải,Tập Cận Bình
445,715,Hầu Khải,Lật Chiến Thư
445,1231,Hầu Khải,Đinh Tiết Tường
445,686,Hầu Khải,Lý Cường
445,431,Hầu Khải,Hà Lập Phong
445,1140,Hầu Khải,Trương Quốc Thanh
445,709,Hầu Khải,Lưu Quốc Trung
445,1174,Hầu Khải,Vương Tiểu Hồng
445,834,Hầu Khải,Ngô Chính Long
445,1104,Hầu Khải,Thầm Di Cầm
445,421,Hầu Khải,Hoài Tiến Bằng
445,630,Hầu Khải,Kim Tráng Long
445,1103,Hầu Khải,Trần Nhất Tân
445,439,Hầu Khải,Hạ Vinh
445,1156,Hầu Khải,Vương Hiểu Bình
445,1165,Hầu Khải,Vương Quảng Hoa
445,426,Hầu Khải,Hoàng Nhuận Thu
445,828,Hầu Khải,Nghê Hồng
445,689,Hầu Khải,Lý Quốc Anh
445,1166,Hầu Khải,Vương Văn Đào
445,1172,Hầu Khải,Vương Tường Hỉ
445,144,Hầu Khải,Bùi Kim Giai
445,1119,Hầu Khải,Trịnh Sách Khiết
445,899,Hầu Khải,Phan Nhạc (chính khách)
445,811,Hầu Khải,Mã Hiểu Vĩ
445,893,Hầu Khải,Phan Công Thắng
445,433,Hầu Khải,Hàn Chính (chính khách)
445,1095,Hầu Khải,Triệu Khắc Chí
445,1086,Hầu Khải,Tiêu Á Khánh
445,1108,Hầu Khải,Trần Văn Thanh (chính khách Trung Quốc)
445,684,Hầu Khải,Lý Cán Kiệt
445,696,Hầu Khải,Lạc Thụ Cương
446,1014,Imran Khan,Shehbaz Sharif
447,306,Itō Masayoshi,Fukuda Takeo
447,780,Itō Masayoshi,Miyazawa Kiichi
448,818,Indira Gandhi,Neelam Sanjiva Reddy
448,1209,Indira Gandhi,Zail Singh
448,151,Indira Gandhi,Charan Singh
448,923,Indira Gandhi,Rajiv Gandhi
448,998,Indira Gandhi,Sarvepalli Radhakrishnan
448,1129,Indira Gandhi,V. V. Giri
448,266,Indira Gandhi,Fakhruddin Ali Ahmed
448,792,Indira Gandhi,Morarji Desai
448,360,Indira Gandhi,Gulzarilal Nanda
448,861,Indira Gandhi,P. V. Narasimha Rao
448,917,Indira Gandhi,R. Venkataraman
448,497,Indira Gandhi,Jawaharlal Nehru
448,1233,Indira Gandhi,Đại học Oxford
448,1225,Indira Gandhi,Zulfikar Ali Bhutto
448,968,Indira Gandhi,Richard Nixon
448,720,Indira Gandhi,Manmohan Singh
448,920,Indira Gandhi,Rahul Gandhi
448,1131,Indira Gandhi,V. P. Singh
448,152,Indira Gandhi,Chandra Shekhar
448,82,Indira Gandhi,Atal Bihari Vajpayee
448,428,Indira Gandhi,I. K. Gujral
448,816,Indira Gandhi,Narendra Modi
449,462,Ishibashi Tanzan,Itō Hirobumi
449,991,Ishibashi Tanzan,Saionji Kinmochi
449,375,Ishibashi Tanzan,Hara Takashi
449,611,Ishibashi Tanzan,Katō Tomosaburō
449,609,Ishibashi Tanzan,Katō Takaaki
449,1163,Ishibashi Tanzan,Wakatsuki Reijirō
449,1050,Ishibashi Tanzan,Tanaka Giichi
449,441,Ishibashi Tanzan,Inukai Tsuyoshi
449,992,Ishibashi Tanzan,Saitō Makoto
449,352,Ishibashi Tanzan,Gotō Fumio
449,410,Ishibashi Tanzan,Hiranuma Kiichirō
449,4,Ishibashi Tanzan,Abe Nobuyuki
449,447,Ishibashi Tanzan,Itō Masayoshi
449,796,Ishibashi Tanzan,Mori Yoshirō
449,19,Ishibashi Tanzan,Abe Shinzō
449,303,Ishibashi Tanzan,Fukuda Yasuo
449,90,Ishibashi Tanzan,Asō Tarō
449,390,Ishibashi Tanzan,Hatoyama Yukio
449,601,Ishibashi Tanzan,Kan Naoto
449,841,Ishibashi Tanzan,Noda Yoshihiko
449,1058,Ishibashi Tanzan,Suga Yoshihide
449,639,Ishibashi Tanzan,Kishida Fumio
449,459,Ishibashi Tanzan,Ishiba Shigeru
449,1057,Ishibashi Tanzan,Takaichi Sanae
450,1160,Ivan Logginovich Goremykin,Vladimir Ilyich Lenin
450,324,Ivan Logginovich Goremykin,Georgy Maksimilianovich Malenkov
450,854,Ivan Logginovich Goremykin,Nikita Sergeyevich Khrushchyov
450,1198,Ivan Logginovich Goremykin,Yegor Timurovich Gaidar
450,1207,Ivan Logginovich Goremykin,Yevgeny Maksimovich Primakov
450,1153,Ivan Logginovich Goremykin,Vladimir Vladimirovich Putin
450,227,Ivan Logginovich Goremykin,Dmitry Anatolyevich Medvedev
451,707,Ismail Haniyeh,Mahmoud Abbas
451,748,Ismail Haniyeh,Masoud Pezeshkian
452,841,Izumi Kenta,Noda Yoshihiko
453,1063,Ivo Andrić,Theodor Mommsen
453,579,Ivo Andrić,José Echegaray
453,394,Ivo Andrić,Henri Bergson
453,1073,Ivo Andrić,Thomas Mann
453,682,Ivo Andrić,Luigi Pirandello
453,970,Ivo Andrić,Roger Martin du Gard
453,1047,Ivo Andrić,T. S. Eliot
453,1183,Ivo Andrić,William Faulkner
453,1223,Ivo Andrić,Winston Churchill
453,768,Ivo Andrić,Miguel Ángel Asturias
453,392,Ivo Andrić,Heinrich Böll
453,853,Ivo Andrić,Odysseas Elytis
453,247,Ivo Andrić,Elias Canetti
453,307,Ivo Andrić,Gabriel García Márquez
453,1182,Ivo Andrić,William Golding
453,146,Ivo Andrić,Camilo José Cela
453,147,Ivo Andrić,Cao Hành Kiện
453,610,Ivo Andrić,Kazuo Ishiguro
454,595,Iván Duque Márquez,Juan Manuel Santos
455,298,Ivanka Trump,Donald Trump
455,495,Ivanka Trump,Jared Kushner
455,422,Ivanka Trump,Hillary Clinton
457,342,Hồ Cẩm Đào,Giang Trạch Dân
457,1167,Hồ Cẩm Đào,Tập Cận Bình
457,1115,Hồ Cẩm Đào,Tăng Khánh Hồng
457,1235,Hồ Cẩm Đào,Đặng Tiểu Bình
457,354,Hồ Cẩm Đào,Giả Khánh Lâm
457,829,Hồ Cẩm Đào,Ngô Bang Quốc
457,416,Hồ Cẩm Đào,Hoàng Cúc
457,180,Hồ Cẩm Đào,Chu Dung Cơ
457,761,Hồ Cẩm Đào,Mao Trạch Đông
457,686,Hồ Cẩm Đào,Lý Cường
457,1094,Hồ Cẩm Đào,Triệu Lạc Tế
457,1168,Hồ Cẩm Đào,Vương Hỗ Ninh
457,1082,Hồ Cẩm Đào,Thái Kỳ
457,1231,Hồ Cẩm Đào,Đinh Tiết Tường
457,692,Hồ Cẩm Đào,Lý Hi
457,431,Hồ Cẩm Đào,Hà Lập Phong
457,1108,Hồ Cẩm Đào,Trần Văn Thanh (chính khách Trung Quốc)
457,684,Hồ Cẩm Đào,Lý Cán Kiệt
457,691,Hồ Cẩm Đào,Lý Thư Lỗi
457,1081,Hồ Cẩm Đào,Thạch Thái Phong
457,427,Hồ Cẩm Đào,Hà Vệ Đông
457,1105,Hồ Cẩm Đào,Trần Độc Tú
457,1140,Hồ Cẩm Đào,Trương Quốc Thanh
457,709,Hồ Cẩm Đào,Lưu Quốc Trung
457,1174,Hồ Cẩm Đào,Vương Tiểu Hồng
457,834,Hồ Cẩm Đào,Ngô Chính Long
457,1104,Hồ Cẩm Đào,Thầm Di Cầm
457,1229,Hồ Cẩm Đào,Đổng Quân
457,421,Hồ Cẩm Đào,Hoài Tiến Bằng
457,1212,Hồ Cẩm Đào,Âm Hòa Tuấn
457,630,Hồ Cẩm Đào,Kim Tráng Long
457,1103,Hồ Cẩm Đào,Trần Nhất Tân
457,703,Hồ Cẩm Đào,Lục Trị Nguyên
457,439,Hồ Cẩm Đào,Hạ Vinh
457,651,Hồ Cẩm Đào,Lam Phật An
457,1156,Hồ Cẩm Đào,Vương Hiểu Bình
457,1165,Hồ Cẩm Đào,Vương Quảng Hoa
457,426,Hồ Cẩm Đào,Hoàng Nhuận Thu
457,828,Hồ Cẩm Đào,Nghê Hồng
457,689,Hồ Cẩm Đào,Lý Quốc Anh
457,1166,Hồ Cẩm Đào,Vương Văn Đào
457,1113,Hồ Cẩm Đào,Tôn Nghiệp Lễ
457,1172,Hồ Cẩm Đào,Vương Tường Hỉ
457,144,Hồ Cẩm Đào,Bùi Kim Giai
457,1119,Hồ Cẩm Đào,Trịnh Sách Khiết
457,899,Hồ Cẩm Đào,Phan Nhạc (chính khách)
457,811,Hồ Cẩm Đào,Mã Hiểu Vĩ
457,893,Hồ Cẩm Đào,Phan Công Thắng
457,445,Hồ Cẩm Đào,Hầu Khải
457,429,Hồ Cẩm Đào,Hác Bằng
457,826,Hồ Cẩm Đào,Nghê Nhạc Phong
457,1157,Hồ Cẩm Đào,Vương Quân (sinh năm 1958)
457,1086,Hồ Cẩm Đào,Tiêu Á Khánh
457,420,Hồ Cẩm Đào,Hoàng Thủ Hoành
457,694,Hồ Cẩm Đào,Lưu Kết Nhất
457,1071,Hồ Cẩm Đào,Thái Danh Chiếu
457,687,Hồ Cẩm Đào,Lý Hiểu Hồng
457,1076,Hồ Cẩm Đào,Thận Hải Hùng
457,232,Hồ Cẩm Đào,Dịch Hội Mãn
457,199,Hồ Cẩm Đào,Chu Ân Lai
457,702,Hồ Cẩm Đào,Lý Khắc Cường
457,697,Hồ Cẩm Đào,Lý Hồng Trung
457,698,Hồ Cẩm Đào,Lưu Kỳ (sinh năm 1957)
457,701,Hồ Cẩm Đào,Lưu Kim Quốc
457,98,Hồ Cẩm Đào,Bayanqolu
457,696,Hồ Cẩm Đào,Lạc Thụ Cương
457,683,Hồ Cẩm Đào,Lâu Cần Kiệm
457,1146,Hồ Cẩm Đào,Vu Vĩ Quốc
457,712,Hồ Cẩm Đào,Lộc Tâm Xã
457,1227,Hồ Cẩm Đào,Đỗ Gia Hào
457,224,Hồ Cẩm Đào,Dương Chấn Vũ
457,218,Hồ Cẩm Đào,Diệp Kiếm Anh
457,1095,Hồ Cẩm Đào,Triệu Khắc Chí
457,1098,Hồ Cẩm Đào,Trương Đức Giang
457,715,Hồ Cẩm Đào,Lật Chiến Thư
457,1132,Hồ Cẩm Đào,Uông Dương
457,430,Hồ Cẩm Đào,Hạ Bảo Long
457,1178,Hồ Cẩm Đào,Vương Đông Minh
457,432,Hồ Cẩm Đào,Hạ Quân Khoa
457,1077,Hồ Cẩm Đào,Thẩm Dược Dược
457,1162,Hồ Cẩm Đào,Vương Kỳ Sơn
457,1096,Hồ Cẩm Đào,Trương Quân
457,1106,Hồ Cẩm Đào,Trần Mẫn Nhĩ
457,1226,Hồ Cẩm Đào,Đường Lương Trí
457,239,Hồ Cẩm Đào,Doãn Lực
458,1233,J. William Fulbright,Đại học Oxford
458,119,J. William Fulbright,Bill Clinton
459,639,Ishiba Shigeru,Kishida Fumio
459,1057,Ishiba Shigeru,Takaichi Sanae
459,1058,Ishiba Shigeru,Suga Yoshihide
459,19,Ishiba Shigeru,Abe Shinzō
459,1017,Ishiba Shigeru,Shindō Yoshitaka
459,1049,Ishiba Shigeru,Tanigaki Sadakazu
459,90,Ishiba Shigeru,Asō Tarō
459,705,Ishiba Shigeru,Machimura Nobutaka
459,303,Ishiba Shigeru,Fukuda Yasuo
459,386,Ishiba Shigeru,Hayashi Yoshimasa
459,815,Ishiba Shigeru,Nakatani Gen
459,444,Ishiba Shigeru,Ishiba Yoshiko
459,780,Ishiba Shigeru,Miyazawa Kiichi
459,638,Ishiba Shigeru,Koizumi Junichirō
459,629,Ishiba Shigeru,Koizumi Shinjirō
459,922,Ishiba Shigeru,Phạm Minh Chính
459,462,Ishiba Shigeru,Itō Hirobumi
459,991,Ishiba Shigeru,Saionji Kinmochi
459,375,Ishiba Shigeru,Hara Takashi
459,611,Ishiba Shigeru,Katō Tomosaburō
459,609,Ishiba Shigeru,Katō Takaaki
459,1163,Ishiba Shigeru,Wakatsuki Reijirō
459,1050,Ishiba Shigeru,Tanaka Giichi
459,441,Ishiba Shigeru,Inukai Tsuyoshi
459,992,Ishiba Shigeru,Saitō Makoto
459,352,Ishiba Shigeru,Gotō Fumio
459,410,Ishiba Shigeru,Hiranuma Kiichirō
459,4,Ishiba Shigeru,Abe Nobuyuki
459,447,Ishiba Shigeru,Itō Masayoshi
459,796,Ishiba Shigeru,Mori Yoshirō
459,390,Ishiba Shigeru,Hatoyama Yukio
459,601,Ishiba Shigeru,Kan Naoto
459,841,Ishiba Shigeru,Noda Yoshihiko
459,267,Ishiba Shigeru,Emmanuel Macron
459,862,Ishiba Shigeru,Olaf Scholz
459,618,Ishiba Shigeru,Keir Starmer
459,298,Ishiba Shigeru,Donald Trump
460,156,Jack Lew,Barack Obama
460,1044,Jack Lew,Steven Mnuchin
460,119,Jack Lew,Bill Clinton
460,422,Jack Lew,Hillary Clinton
460,1230,Jack Lew,Đại học Harvard
461,329,Jacques Chaban-Delmas,Georges Pompidou
461,652,Jacques Chaban-Delmas,Laurent Fabius
461,20,Jacques Chaban-Delmas,Alain Juppé
461,762,Jacques Chaban-Delmas,Michel Debré
461,1145,Jacques Chaban-Delmas,Valéry Giscard d'Estaing
461,167,Jacques Chaban-Delmas,Charles-Maurice de Talleyrand-Périgord
461,287,Jacques Chaban-Delmas,François Arago
461,75,Jacques Chaban-Delmas,Armand Fallières
461,1217,Jacques Chaban-Delmas,Émile Loubet
461,501,Jacques Chaban-Delmas,Jean Casimir-Perier
461,322,Jacques Chaban-Delmas,Georges Clemenceau
461,931,Jacques Chaban-Delmas,Raymond Poincaré
461,305,Jacques Chaban-Delmas,Gaston Doumergue
461,37,Jacques Chaban-Delmas,Alexandre Millerand
461,171,Jacques Chaban-Delmas,Charles de Gaulle
461,1138,Jacques Chaban-Delmas,Vincent Auriol
461,915,Jacques Chaban-Delmas,Pierre Mendès France
461,474,Jacques Chaban-Delmas,Jacques Chirac
461,764,Jacques Chaban-Delmas,Michel Rocard
461,217,Jacques Chaban-Delmas,Dominique de Villepin
461,294,Jacques Chaban-Delmas,François Fillon
461,516,Jacques Chaban-Delmas,Jean-Marc Ayrault
461,726,Jacques Chaban-Delmas,Manuel Valls
461,111,Jacques Chaban-Delmas,Bernard Cazeneuve
461,1224,Jacques Chaban-Delmas,Édouard Philippe
461,311,Jacques Chaban-Delmas,Gabriel Attal
461,756,Jacques Chaban-Delmas,Michel Barnier
462,991,Itō Hirobumi,Saionji Kinmochi
462,375,Itō Hirobumi,Hara Takashi
462,611,Itō Hirobumi,Katō Tomosaburō
462,609,Itō Hirobumi,Katō Takaaki
462,1163,Itō Hirobumi,Wakatsuki Reijirō
462,1050,Itō Hirobumi,Tanaka Giichi
462,441,Itō Hirobumi,Inukai Tsuyoshi
462,992,Itō Hirobumi,Saitō Makoto
462,352,Itō Hirobumi,Gotō Fumio
462,410,Itō Hirobumi,Hiranuma Kiichirō
462,4,Itō Hirobumi,Abe Nobuyuki
462,447,Itō Hirobumi,Itō Masayoshi
462,796,Itō Hirobumi,Mori Yoshirō
462,19,Itō Hirobumi,Abe Shinzō
462,303,Itō Hirobumi,Fukuda Yasuo
462,90,Itō Hirobumi,Asō Tarō
462,390,Itō Hirobumi,Hatoyama Yukio
462,601,Itō Hirobumi,Kan Naoto
462,841,Itō Hirobumi,Noda Yoshihiko
462,1058,Itō Hirobumi,Suga Yoshihide
462,639,Itō Hirobumi,Kishida Fumio
462,459,Itō Hirobumi,Ishiba Shigeru
462,1057,Itō Hirobumi,Takaichi Sanae
463,219,Jacek Rostowski,Donald Tusk
463,265,Jacek Rostowski,Ewa Kopacz
466,298,JD Vance,Donald Trump
466,628,JD Vance,Kamala Harris
466,1232,JD Vance,Đại học Yale
466,927,JD Vance,Rand Paul
466,544,JD Vance,John Glenn
466,729,JD Vance,Marco Rubio
466,565,JD Vance,Joe Biden
466,773,JD Vance,Mike Pence
466,539,JD Vance,John Adams
466,1083,JD Vance,Thomas Jefferson
466,246,JD Vance,Elbridge Gerry
466,192,JD Vance,Daniel D. Tompkins
466,538,JD Vance,John C. Calhoun
466,938,JD Vance,Richard Mentor Johnson
466,568,JD Vance,John Tyler
466,314,JD Vance,George M. Dallas
466,1187,JD Vance,William R. King
466,535,JD Vance,John C. Breckinridge
466,1179,JD Vance,William A. Wheeler
466,170,JD Vance,Chester A. Arthur
466,1066,JD Vance,Thomas A. Hendricks
466,9,JD Vance,Adlai Stevenson I
466,302,JD Vance,Garret Hobart
466,1080,JD Vance,Theodore Roosevelt
466,160,JD Vance,Charles W. Fairbanks
466,481,JD Vance,James S. Sherman
466,1072,JD Vance,Thomas R. Marshall
466,143,JD Vance,Calvin Coolidge
466,153,JD Vance,Charles G. Dawes
466,561,JD Vance,John Nance Garner
466,409,JD Vance,Henry A. Wallace
466,389,JD Vance,Harry S. Truman
466,24,JD Vance,Alben W. Barkley
466,968,JD Vance,Richard Nixon
466,688,JD Vance,Lyndon B. Johnson
466,419,JD Vance,Hubert Humphrey
466,340,JD Vance,Gerald Ford
466,832,JD Vance,Nelson Rockefeller
466,1169,JD Vance,Walter Mondale
466,319,JD Vance,George H. W. Bush
466,211,JD Vance,Dick Cheney
467,846,Jalal Talabani,Nouri al-Maliki
467,327,Jalal Talabani,Ghazi Mashal Ajil al-Yawer
469,535,James Buchanan,John C. Breckinridge
469,286,James Buchanan,Franklin Pierce
469,314,James Buchanan,George M. Dallas
469,473,James Buchanan,James K. Polk
469,538,James Buchanan,John C. Calhoun
469,1034,James Buchanan,Stephen A. Douglas
469,539,James Buchanan,John Adams
469,1083,James Buchanan,Thomas Jefferson
469,483,James Buchanan,James Madison
469,482,James Buchanan,James Monroe
469,562,James Buchanan,John Quincy Adams
469,1190,James Buchanan,William Henry Harrison
469,568,James Buchanan,John Tyler
469,1127,James Buchanan,Ulysses S. Grant
469,993,James Buchanan,Rutherford B. Hayes
469,470,James Buchanan,James A. Garfield
469,170,James Buchanan,Chester A. Arthur
469,108,James Buchanan,Benjamin Harrison
469,1206,James Buchanan,William McKinley
469,1080,James Buchanan,Theodore Roosevelt
469,1189,James Buchanan,William Howard Taft
469,1201,James Buchanan,Woodrow Wilson
469,1170,James Buchanan,Warren G. Harding
469,143,James Buchanan,Calvin Coolidge
469,405,James Buchanan,Herbert Hoover
469,292,James Buchanan,Franklin D. Roosevelt
469,389,James Buchanan,Harry S. Truman
469,228,James Buchanan,Dwight D. Eisenhower
469,549,James Buchanan,John F. Kennedy
469,688,James Buchanan,Lyndon B. Johnson
469,968,James Buchanan,Richard Nixon
469,340,James Buchanan,Gerald Ford
469,548,James Buchanan,Jimmy Carter
469,1036,James Buchanan,Ronald Reagan
469,319,James Buchanan,George H. W. Bush
469,119,James Buchanan,Bill Clinton
469,330,James Buchanan,George W. Bush
469,156,James Buchanan,Barack Obama
469,298,James Buchanan,Donald Trump
469,565,James Buchanan,Joe Biden
470,993,James A. Garfield,Rutherford B. Hayes
470,170,James A. Garfield,Chester A. Arthur
470,1190,James A. Garfield,William Henry Harrison
470,967,James A. Garfield,Robert Todd Lincoln
470,539,James A. Garfield,John Adams
470,1083,James A. Garfield,Thomas Jefferson
470,483,James A. Garfield,James Madison
470,482,James A. Garfield,James Monroe
470,562,James A. Garfield,John Quincy Adams
470,568,James A. Garfield,John Tyler
470,473,James A. Garfield,James K. Polk
470,286,James A. Garfield,Franklin Pierce
470,469,James A. Garfield,James Buchanan
470,1127,James A. Garfield,Ulysses S. Grant
470,108,James A. Garfield,Benjamin Harrison
470,1206,James A. Garfield,William McKinley
470,1080,James A. Garfield,Theodore Roosevelt
470,1189,James A. Garfield,William Howard Taft
470,1201,James A. Garfield,Woodrow Wilson
470,1170,James A. Garfield,Warren G. Harding
470,143,James A. Garfield,Calvin Coolidge
470,405,James A. Garfield,Herbert Hoover
470,292,James A. Garfield,Franklin D. Roosevelt
470,389,James A. Garfield,Harry S. Truman
470,228,James A. Garfield,Dwight D. Eisenhower
470,549,James A. Garfield,John F. Kennedy
470,688,James A. Garfield,Lyndon B. Johnson
470,968,James A. Garfield,Richard Nixon
470,340,James A. Garfield,Gerald Ford
470,548,James A. Garfield,Jimmy Carter
470,1036,James A. Garfield,Ronald Reagan
470,319,James A. Garfield,George H. W. Bush
470,119,James A. Garfield,Bill Clinton
470,330,James A. Garfield,George W. Bush
470,156,James A. Garfield,Barack Obama
470,298,James A. Garfield,Donald Trump
470,565,James A. Garfield,Joe Biden
471,156,James Comey,Barack Obama
471,298,James Comey,Donald Trump
471,958,James Comey,Robert Mueller
471,330,James Comey,George W. Bush
472,1062,James Heckman,Theodore Schultz
472,320,James Heckman,George Stigler
472,794,James Heckman,Milton Friedman
472,221,James Heckman,Douglass North
472,957,James Heckman,Robert Fogel
472,326,James Heckman,Gary Becker
472,479,James Heckman,James M. Buchanan
472,977,James Heckman,Ronald Coase
472,383,James Heckman,Harry Markowitz
472,805,James Heckman,Myron Scholes
472,759,James Heckman,Merton Miller
472,883,James Heckman,Paul Samuelson
472,485,James Heckman,James Tobin
472,621,James Heckman,Kenneth Arrow
472,655,James Heckman,Lawrence Klein
472,975,James Heckman,Robert Solow
472,587,James Heckman,Joseph Stiglitz
472,760,James Heckman,Michael Spence
472,653,James Heckman,Lawrence Summers
472,209,James Heckman,David Card
472,196,James Heckman,Daron Acemoğlu
472,262,James Heckman,Esther Duflo
472,1021,James Heckman,Simon Kuznets
472,551,James Heckman,John Hicks
472,295,James Heckman,Friedrich Hayek
472,112,James Heckman,Bertil Ohlin
472,494,James Heckman,James Meade
472,364,James Heckman,Gérard Debreu
472,939,James Heckman,Richard Stone
472,281,James Heckman,Franco Modigliani
472,749,James Heckman,Maurice Allais
472,1092,James Heckman,Trygve Haavelmo
472,956,James Heckman,"Robert Lucas, Jr."
472,476,James Heckman,James Mirrlees
472,1191,James Heckman,William Vickrey
472,54,James Heckman,Amartya Sen
472,962,James Heckman,Robert Mundell
472,310,James Heckman,George Akerlof
472,954,James Heckman,Robert F. Engle
472,194,James Heckman,Clive Granger
472,273,James Heckman,Finn E. Kydland
472,882,James Heckman,Peter A. Diamond
472,172,James Heckman,Christopher A. Pissarides
472,1068,James Heckman,Thomas J. Sargent
472,174,James Heckman,Christopher A. Sims
472,507,James Heckman,Jean Tirole
472,101,James Heckman,Bengt Holmström
472,941,James Heckman,Richard Thaler
472,580,James Heckman,Joshua Angrist
473,314,James K. Polk,George M. Dallas
473,568,James K. Polk,John Tyler
473,539,James K. Polk,John Adams
473,1083,James K. Polk,Thomas Jefferson
473,483,James K. Polk,James Madison
473,482,James K. Polk,James Monroe
473,562,James K. Polk,John Quincy Adams
473,1190,James K. Polk,William Henry Harrison
473,286,James K. Polk,Franklin Pierce
473,469,James K. Polk,James Buchanan
473,1127,James K. Polk,Ulysses S. Grant
473,993,James K. Polk,Rutherford B. Hayes
473,470,James K. Polk,James A. Garfield
473,170,James K. Polk,Chester A. Arthur
473,108,James K. Polk,Benjamin Harrison
473,1206,James K. Polk,William McKinley
473,1080,James K. Polk,Theodore Roosevelt
473,1189,James K. Polk,William Howard Taft
473,1201,James K. Polk,Woodrow Wilson
473,1170,James K. Polk,Warren G. Harding
473,143,James K. Polk,Calvin Coolidge
473,405,James K. Polk,Herbert Hoover
473,292,James K. Polk,Franklin D. Roosevelt
473,389,James K. Polk,Harry S. Truman
473,228,James K. Polk,Dwight D. Eisenhower
473,549,James K. Polk,John F. Kennedy
473,688,James K. Polk,Lyndon B. Johnson
473,968,James K. Polk,Richard Nixon
473,340,James K. Polk,Gerald Ford
473,548,James K. Polk,Jimmy Carter
473,1036,James K. Polk,Ronald Reagan
473,319,James K. Polk,George H. W. Bush
473,119,James K. Polk,Bill Clinton
473,330,James K. Polk,George W. Bush
473,156,James K. Polk,Barack Obama
473,298,James K. Polk,Donald Trump
473,565,James K. Polk,Joe Biden
473,289,James K. Polk,Frederick Muhlenberg
473,572,James K. Polk,Jonathan Dayton
473,561,James K. Polk,John Nance Garner
473,824,James K. Polk,Newt Gingrich
473,817,James K. Polk,Nancy Pelosi
473,533,James K. Polk,John Boehner
473,875,James K. Polk,Paul Ryan
473,613,James K. Polk,Kevin McCarthy
473,771,James K. Polk,Mike Johnson
473,124,James K. Polk,Bill Lee
474,20,Jacques Chirac,Alain Juppé
474,217,Jacques Chirac,Dominique de Villepin
474,299,Jacques Chirac,François Mitterrand
474,839,Jacques Chirac,Nicolas Sarkozy
474,652,Jacques Chirac,Laurent Fabius
474,764,Jacques Chirac,Michel Rocard
474,1145,Jacques Chirac,Valéry Giscard d'Estaing
474,329,Jacques Chirac,Georges Pompidou
474,461,Jacques Chirac,Jacques Chaban-Delmas
474,171,Jacques Chirac,Charles de Gaulle
474,1230,Jacques Chirac,Đại học Harvard
474,119,Jacques Chirac,Bill Clinton
474,457,Jacques Chirac,Hồ Cẩm Đào
474,330,Jacques Chirac,George W. Bush
474,269,Jacques Chirac,Faure Gnassingbé
474,500,Jacques Chirac,Jean Chrétien
474,501,Jacques Chirac,Jean Casimir-Perier
474,1217,Jacques Chirac,Émile Loubet
474,75,Jacques Chirac,Armand Fallières
474,931,Jacques Chirac,Raymond Poincaré
474,871,Jacques Chirac,Paul Deschanel
474,37,Jacques Chirac,Alexandre Millerand
474,305,Jacques Chirac,Gaston Doumergue
474,874,Jacques Chirac,Paul Doumer
474,1138,Jacques Chirac,Vincent Auriol
474,930,Jacques Chirac,René Coty
474,291,Jacques Chirac,François Hollande
474,267,Jacques Chirac,Emmanuel Macron
474,167,Jacques Chirac,Charles-Maurice de Talleyrand-Périgord
474,287,Jacques Chirac,François Arago
474,322,Jacques Chirac,Georges Clemenceau
474,915,Jacques Chirac,Pierre Mendès France
474,762,Jacques Chirac,Michel Debré
474,294,Jacques Chirac,François Fillon
474,516,Jacques Chirac,Jean-Marc Ayrault
474,726,Jacques Chirac,Manuel Valls
474,111,Jacques Chirac,Bernard Cazeneuve
474,1224,Jacques Chirac,Édouard Philippe
474,311,Jacques Chirac,Gabriel Attal
474,756,Jacques Chirac,Michel Barnier
476,1233,James Mirrlees,Đại học Oxford
476,1234,James Mirrlees,Đại học Cambridge
476,587,James Mirrlees,Joseph Stiglitz
476,54,James Mirrlees,Amartya Sen
476,1191,James Mirrlees,William Vickrey
476,882,James Mirrlees,Peter A. Diamond
476,883,James Mirrlees,Paul Samuelson
476,1021,James Mirrlees,Simon Kuznets
476,551,James Mirrlees,John Hicks
476,621,James Mirrlees,Kenneth Arrow
476,295,James Mirrlees,Friedrich Hayek
476,794,James Mirrlees,Milton Friedman
476,112,James Mirrlees,Bertil Ohlin
476,494,James Mirrlees,James Meade
476,1062,James Mirrlees,Theodore Schultz
476,655,James Mirrlees,Lawrence Klein
476,485,James Mirrlees,James Tobin
476,320,James Mirrlees,George Stigler
476,364,James Mirrlees,Gérard Debreu
476,939,James Mirrlees,Richard Stone
476,281,James Mirrlees,Franco Modigliani
476,479,James Mirrlees,James M. Buchanan
476,975,James Mirrlees,Robert Solow
476,749,James Mirrlees,Maurice Allais
476,1092,James Mirrlees,Trygve Haavelmo
476,383,James Mirrlees,Harry Markowitz
476,759,James Mirrlees,Merton Miller
476,977,James Mirrlees,Ronald Coase
476,326,James Mirrlees,Gary Becker
476,957,James Mirrlees,Robert Fogel
476,221,James Mirrlees,Douglass North
476,956,James Mirrlees,"Robert Lucas, Jr."
476,805,James Mirrlees,Myron Scholes
476,962,James Mirrlees,Robert Mundell
476,472,James Mirrlees,James Heckman
476,310,James Mirrlees,George Akerlof
476,760,James Mirrlees,Michael Spence
476,954,James Mirrlees,Robert F. Engle
476,194,James Mirrlees,Clive Granger
476,273,James Mirrlees,Finn E. Kydland
476,172,James Mirrlees,Christopher A. Pissarides
476,1068,James Mirrlees,Thomas J. Sargent
476,174,James Mirrlees,Christopher A. Sims
476,507,James Mirrlees,Jean Tirole
476,101,James Mirrlees,Bengt Holmström
476,941,James Mirrlees,Richard Thaler
476,262,James Mirrlees,Esther Duflo
476,580,James Mirrlees,Joshua Angrist
476,209,James Mirrlees,David Card
477,381,James Callaghan,Harold Wilson
477,735,James Callaghan,Margaret Thatcher
478,548,James R. Schlesinger,Jimmy Carter
478,968,James R. Schlesinger,Richard Nixon
478,340,James R. Schlesinger,Gerald Ford
478,216,James R. Schlesinger,Donald Rumsfeld
478,1230,James R. Schlesinger,Đại học Harvard
479,295,James M. Buchanan,Friedrich Hayek
479,1062,James M. Buchanan,Theodore Schultz
479,320,James M. Buchanan,George Stigler
479,794,James M. Buchanan,Milton Friedman
479,221,James M. Buchanan,Douglass North
479,957,James M. Buchanan,Robert Fogel
479,326,James M. Buchanan,Gary Becker
479,472,James M. Buchanan,James Heckman
479,977,James M. Buchanan,Ronald Coase
479,383,James M. Buchanan,Harry Markowitz
479,805,James M. Buchanan,Myron Scholes
479,759,James M. Buchanan,Merton Miller
479,883,James M. Buchanan,Paul Samuelson
479,1021,James M. Buchanan,Simon Kuznets
479,551,James M. Buchanan,John Hicks
479,621,James M. Buchanan,Kenneth Arrow
479,112,James M. Buchanan,Bertil Ohlin
479,494,James M. Buchanan,James Meade
479,655,James M. Buchanan,Lawrence Klein
479,485,James M. Buchanan,James Tobin
479,364,James M. Buchanan,Gérard Debreu
479,939,James M. Buchanan,Richard Stone
479,281,James M. Buchanan,Franco Modigliani
479,975,James M. Buchanan,Robert Solow
479,749,James M. Buchanan,Maurice Allais
479,1092,James M. Buchanan,Trygve Haavelmo
479,956,James M. Buchanan,"Robert Lucas, Jr."
479,476,James M. Buchanan,James Mirrlees
479,1191,James M. Buchanan,William Vickrey
479,54,James M. Buchanan,Amartya Sen
479,962,James M. Buchanan,Robert Mundell
479,310,James M. Buchanan,George Akerlof
479,760,James M. Buchanan,Michael Spence
479,587,James M. Buchanan,Joseph Stiglitz
479,954,James M. Buchanan,Robert F. Engle
479,194,James M. Buchanan,Clive Granger
479,273,James M. Buchanan,Finn E. Kydland
479,882,James M. Buchanan,Peter A. Diamond
479,172,James M. Buchanan,Christopher A. Pissarides
479,1068,James M. Buchanan,Thomas J. Sargent
479,174,James M. Buchanan,Christopher A. Sims
479,507,James M. Buchanan,Jean Tirole
479,101,James M. Buchanan,Bengt Holmström
479,941,James M. Buchanan,Richard Thaler
479,262,James M. Buchanan,Esther Duflo
479,580,James M. Buchanan,Joshua Angrist
479,209,James M. Buchanan,David Card
480,156,J. B. Pritzker,Barack Obama
480,422,J. B. Pritzker,Hillary Clinton
480,565,J. B. Pritzker,Joe Biden
480,298,J. B. Pritzker,Donald Trump
480,472,J. B. Pritzker,James Heckman
480,540,J. B. Pritzker,Jerome Adams
480,213,J. B. Pritzker,Deborah Birx
480,86,J. B. Pritzker,Anthony Fauci
480,139,J. B. Pritzker,Brett Giroir
480,888,J. B. Pritzker,Peter Navarro
480,773,J. B. Pritzker,Mike Pence
480,976,J. B. Pritzker,Robert R. Redfield
480,50,J. B. Pritzker,Andrew Cuomo
480,331,J. B. Pritzker,Gavin Newsom
480,831,J. B. Pritzker,Ned Lamont
480,505,J. B. Pritzker,Janet Mills
480,173,J. B. Pritzker,Charlie Baker
480,183,J. B. Pritzker,Chris Sununu
480,913,J. B. Pritzker,Phil Murphy
480,1107,J. B. Pritzker,Tom Wolf
480,202,J. B. Pritzker,Daniel McKee
480,898,J. B. Pritzker,Phil Scott
480,258,J. B. Pritzker,Eric Holcomb
480,636,J. B. Pritzker,Kim Reynolds
480,673,J. B. Pritzker,Laura Kelly
480,367,J. B. Pritzker,Gretchen Whitmer
480,1089,J. B. Pritzker,Tim Walz
480,903,J. B. Pritzker,Pete Ricketts
480,220,J. B. Pritzker,Doug Burgum
480,812,J. B. Pritzker,Mike DeWine
480,642,J. B. Pritzker,Kristi Noem
480,1091,J. B. Pritzker,Tony Evers
480,614,J. B. Pritzker,Kay Ivey
480,91,J. B. Pritzker,Asa Hutchinson
480,554,J. B. Pritzker,John Carney
480,979,J. B. Pritzker,Ron DeSantis
480,142,J. B. Pritzker,Brian Kemp
480,60,J. B. Pritzker,Andy Beshear
480,536,J. B. Pritzker,John Bel Edwards
480,650,J. B. Pritzker,Larry Hogan
480,1061,J. B. Pritzker,Tate Reeves
480,1008,J. B. Pritzker,Roy Cooper
480,624,J. B. Pritzker,Kevin Stitt
480,404,J. B. Pritzker,Henry McMaster
480,124,J. B. Pritzker,Bill Lee
480,365,J. B. Pritzker,Greg Abbott
480,946,J. B. Pritzker,Ralph Northam
480,534,J. B. Pritzker,Jim Justice
480,779,J. B. Pritzker,Mike Dunleavy
480,242,J. B. Pritzker,Doug Ducey
480,502,J. B. Pritzker,Jared Polis
480,208,J. B. Pritzker,David Ige
480,140,J. B. Pritzker,Brad Little
480,388,J. B. Pritzker,Greg Gianforte
480,1060,J. B. Pritzker,Steve Sisolak
480,787,J. B. Pritzker,Michelle Lujan Grisham
480,612,J. B. Pritzker,Kate Brown
480,1030,J. B. Pritzker,Spencer Cox
480,506,J. B. Pritzker,Jay Inslee
480,736,J. B. Pritzker,Mark Gordon (chính trị gia)
481,1189,James S. Sherman,William Howard Taft
481,160,James S. Sherman,Charles W. Fairbanks
481,1072,James S. Sherman,Thomas R. Marshall
481,1080,James S. Sherman,Theodore Roosevelt
481,538,James S. Sherman,John C. Calhoun
481,1201,James S. Sherman,Woodrow Wilson
481,539,James S. Sherman,John Adams
481,1083,James S. Sherman,Thomas Jefferson
481,246,James S. Sherman,Elbridge Gerry
481,192,James S. Sherman,Daniel D. Tompkins
481,938,James S. Sherman,Richard Mentor Johnson
481,568,James S. Sherman,John Tyler
481,314,James S. Sherman,George M. Dallas
481,1187,James S. Sherman,William R. King
481,535,James S. Sherman,John C. Breckinridge
481,1179,James S. Sherman,William A. Wheeler
481,170,James S. Sherman,Chester A. Arthur
481,1066,James S. Sherman,Thomas A. Hendricks
481,9,James S. Sherman,Adlai Stevenson I
481,302,James S. Sherman,Garret Hobart
481,143,James S. Sherman,Calvin Coolidge
481,153,James S. Sherman,Charles G. Dawes
481,561,James S. Sherman,John Nance Garner
481,409,James S. Sherman,Henry A. Wallace
481,389,James S. Sherman,Harry S. Truman
481,24,James S. Sherman,Alben W. Barkley
481,968,James S. Sherman,Richard Nixon
481,688,James S. Sherman,Lyndon B. Johnson
481,419,James S. Sherman,Hubert Humphrey
481,340,James S. Sherman,Gerald Ford
481,832,James S. Sherman,Nelson Rockefeller
481,1169,James S. Sherman,Walter Mondale
481,319,James S. Sherman,George H. W. Bush
481,211,James S. Sherman,Dick Cheney
481,565,James S. Sherman,Joe Biden
481,773,James S. Sherman,Mike Pence
481,628,James S. Sherman,Kamala Harris
481,466,James S. Sherman,JD Vance
482,192,James Monroe,Daniel D. Tompkins
482,483,James Monroe,James Madison
482,562,James Monroe,John Quincy Adams
482,1083,James Monroe,Thomas Jefferson
482,539,James Monroe,John Adams
482,1190,James Monroe,William Henry Harrison
482,568,James Monroe,John Tyler
482,473,James Monroe,James K. Polk
482,286,James Monroe,Franklin Pierce
482,469,James Monroe,James Buchanan
482,1127,James Monroe,Ulysses S. Grant
482,993,James Monroe,Rutherford B. Hayes
482,470,James Monroe,James A. Garfield
482,170,James Monroe,Chester A. Arthur
482,108,James Monroe,Benjamin Harrison
482,1206,James Monroe,William McKinley
482,1080,James Monroe,Theodore Roosevelt
482,1189,James Monroe,William Howard Taft
482,1201,James Monroe,Woodrow Wilson
482,1170,James Monroe,Warren G. Harding
482,143,James Monroe,Calvin Coolidge
482,405,James Monroe,Herbert Hoover
482,292,James Monroe,Franklin D. Roosevelt
482,389,James Monroe,Harry S. Truman
482,228,James Monroe,Dwight D. Eisenhower
482,549,James Monroe,John F. Kennedy
482,688,James Monroe,Lyndon B. Johnson
482,968,James Monroe,Richard Nixon
482,340,James Monroe,Gerald Ford
482,548,James Monroe,Jimmy Carter
482,1036,James Monroe,Ronald Reagan
482,319,James Monroe,George H. W. Bush
482,119,James Monroe,Bill Clinton
482,330,James Monroe,George W. Bush
482,156,James Monroe,Barack Obama
482,298,James Monroe,Donald Trump
482,565,James Monroe,Joe Biden
482,1099,James Monroe,Tim Kaine
482,946,James Monroe,Ralph Northam
483,246,James Madison,Elbridge Gerry
483,1083,James Madison,Thomas Jefferson
483,482,James Madison,James Monroe
483,550,James Madison,John Jay
483,539,James Madison,John Adams
483,562,James Madison,John Quincy Adams
483,1190,James Madison,William Henry Harrison
483,568,James Madison,John Tyler
483,473,James Madison,James K. Polk
483,286,James Madison,Franklin Pierce
483,469,James Madison,James Buchanan
483,1127,James Madison,Ulysses S. Grant
483,993,James Madison,Rutherford B. Hayes
483,470,James Madison,James A. Garfield
483,170,James Madison,Chester A. Arthur
483,108,James Madison,Benjamin Harrison
483,1206,James Madison,William McKinley
483,1080,James Madison,Theodore Roosevelt
483,1189,James Madison,William Howard Taft
483,1201,James Madison,Woodrow Wilson
483,1170,James Madison,Warren G. Harding
483,143,James Madison,Calvin Coolidge
483,405,James Madison,Herbert Hoover
483,292,James Madison,Franklin D. Roosevelt
483,389,James Madison,Harry S. Truman
483,228,James Madison,Dwight D. Eisenhower
483,549,James Madison,John F. Kennedy
483,688,James Madison,Lyndon B. Johnson
483,968,James Madison,Richard Nixon
483,340,James Madison,Gerald Ford
483,548,James Madison,Jimmy Carter
483,1036,James Madison,Ronald Reagan
483,319,James Madison,George H. W. Bush
483,119,James Madison,Bill Clinton
483,330,James Madison,George W. Bush
483,156,James Madison,Barack Obama
483,298,James Madison,Donald Trump
483,565,James Madison,Joe Biden
484,952,James Baldwin,Robert F. Kennedy
485,1232,James Tobin,Đại học Yale
485,1230,James Tobin,Đại học Harvard
485,577,James Tobin,Joseph Schumpeter
485,883,James Tobin,Paul Samuelson
485,558,James Tobin,John Kenneth Galbraith
485,1021,James Tobin,Simon Kuznets
485,551,James Tobin,John Hicks
485,621,James Tobin,Kenneth Arrow
485,295,James Tobin,Friedrich Hayek
485,794,James Tobin,Milton Friedman
485,112,James Tobin,Bertil Ohlin
485,494,James Tobin,James Meade
485,1062,James Tobin,Theodore Schultz
485,655,James Tobin,Lawrence Klein
485,320,James Tobin,George Stigler
485,364,James Tobin,Gérard Debreu
485,939,James Tobin,Richard Stone
485,281,James Tobin,Franco Modigliani
485,479,James Tobin,James M. Buchanan
485,975,James Tobin,Robert Solow
485,749,James Tobin,Maurice Allais
485,1092,James Tobin,Trygve Haavelmo
485,383,James Tobin,Harry Markowitz
485,759,James Tobin,Merton Miller
485,977,James Tobin,Ronald Coase
485,326,James Tobin,Gary Becker
485,957,James Tobin,Robert Fogel
485,221,James Tobin,Douglass North
485,956,James Tobin,"Robert Lucas, Jr."
485,476,James Tobin,James Mirrlees
485,1191,James Tobin,William Vickrey
485,805,James Tobin,Myron Scholes
485,54,James Tobin,Amartya Sen
485,962,James Tobin,Robert Mundell
485,472,James Tobin,James Heckman
485,310,James Tobin,George Akerlof
485,760,James Tobin,Michael Spence
485,587,James Tobin,Joseph Stiglitz
485,954,James Tobin,Robert F. Engle
485,194,James Tobin,Clive Granger
485,273,James Tobin,Finn E. Kydland
485,882,James Tobin,Peter A. Diamond
485,172,James Tobin,Christopher A. Pissarides
485,1068,James Tobin,Thomas J. Sargent
485,174,James Tobin,Christopher A. Sims
485,507,James Tobin,Jean Tirole
485,101,James Tobin,Bengt Holmström
485,941,James Tobin,Richard Thaler
485,262,James Tobin,Esther Duflo
485,580,James Tobin,Joshua Angrist
485,209,James Tobin,David Card
485,653,James Tobin,Lawrence Summers
485,196,James Tobin,Daron Acemoğlu
487,496,Janez Drnovšek,Janez Janša
487,963,Janez Drnovšek,Robert Mugabe
488,1201,Hồ Chí Minh,Woodrow Wilson
488,1160,Hồ Chí Minh,Vladimir Ilyich Lenin
488,1075,Hồ Chí Minh,Thomas More
488,675,Hồ Chí Minh,Lev Davidovich Trotsky
488,843,Hồ Chí Minh,Nikolai Ivanovich Bukharin
488,761,Hồ Chí Minh,Mao Trạch Đông
488,1235,Hồ Chí Minh,Đặng Tiểu Bình
488,288,Hồ Chí Minh,Fidel Castro
488,178,Hồ Chí Minh,Che Guevara
488,867,Hồ Chí Minh,Palmiro Togliatti
488,1125,Hồ Chí Minh,Tưởng Giới Thạch
488,1159,Hồ Chí Minh,Võ Nguyên Giáp
488,389,Hồ Chí Minh,Harry S. Truman
488,171,Hồ Chí Minh,Charles de Gaulle
488,842,Hồ Chí Minh,Ngô Đình Diệm
488,199,Hồ Chí Minh,Chu Ân Lai
488,218,Hồ Chí Minh,Diệp Kiếm Anh
488,688,Hồ Chí Minh,Lyndon B. Johnson
488,549,Hồ Chí Minh,John F. Kennedy
488,833,Hồ Chí Minh,Nguyễn Minh Triết
488,103,Hồ Chí Minh,Aung San Suu Kyi
488,837,Hồ Chí Minh,Nelson Mandela
488,292,Hồ Chí Minh,Franklin D. Roosevelt
488,1110,Hồ Chí Minh,Trần Đức Lương
488,830,Hồ Chí Minh,Nguyễn Phú Trọng
488,844,Hồ Chí Minh,Nguyễn Xuân Phúc
488,1155,Hồ Chí Minh,Võ Thị Ánh Xuân
488,1151,Hồ Chí Minh,Võ Văn Thưởng
488,722,Hồ Chí Minh,Lương Cường
488,851,Hồ Chí Minh,Nguyễn Tấn Dũng
488,922,Hồ Chí Minh,Phạm Minh Chính
488,583,Hồ Chí Minh,John Stuart Mill
488,187,Hồ Chí Minh,Clement Attlee
488,434,Hồ Chí Minh,Hugo Chávez
488,921,Hồ Chí Minh,Noam Chomsky
488,113,Hồ Chí Minh,Bettino Craxi
488,803,Hồ Chí Minh,Mikhail Sergeyevich Gorbachyov
488,854,Hồ Chí Minh,Nikita Sergeyevich Khrushchyov
488,299,Hồ Chí Minh,François Mitterrand
488,864,Hồ Chí Minh,Olof Palme
488,1037,Hồ Chí Minh,Sukarno
489,1177,Janet Reno,William Barr
489,1230,Janet Reno,Đại học Harvard
489,119,Janet Reno,Bill Clinton
490,100,Jan Eliasson,Ban Ki-moon
490,78,Jan Eliasson,Asha-Rose Migiro
490,145,Jan Eliasson,Carl Bildt
491,565,Janet Yellen,Joe Biden
491,1044,Janet Yellen,Steven Mnuchin
491,156,Janet Yellen,Barack Obama
491,119,Janet Yellen,Bill Clinton
491,587,Janet Yellen,Joseph Stiglitz
491,310,Janet Yellen,George Akerlof
491,1232,Janet Yellen,Đại học Yale
491,1230,Janet Yellen,Đại học Harvard
492,1204,J. K. Rowling,William Wilberforce
492,1233,J. K. Rowling,Đại học Oxford
492,353,J. K. Rowling,Gordon Brown
492,952,J. K. Rowling,Robert F. Kennedy
492,456,J. K. Rowling,J. M. Barrie
492,837,J. K. Rowling,Nelson Mandela
492,203,J. K. Rowling,David Cameron
492,156,J. K. Rowling,Barack Obama
492,422,J. K. Rowling,Hillary Clinton
492,28,J. K. Rowling,Alex Salmond
492,133,J. K. Rowling,Benjamin Netanyahu
492,351,J. K. Rowling,Graham Greene
492,1230,J. K. Rowling,Đại học Harvard
492,839,J. K. Rowling,Nicolas Sarkozy
493,741,Jan Peter Balkenende,Mark Rutte
494,939,James Meade,Richard Stone
494,112,James Meade,Bertil Ohlin
494,883,James Meade,Paul Samuelson
494,1021,James Meade,Simon Kuznets
494,551,James Meade,John Hicks
494,621,James Meade,Kenneth Arrow
494,295,James Meade,Friedrich Hayek
494,794,James Meade,Milton Friedman
494,1062,James Meade,Theodore Schultz
494,655,James Meade,Lawrence Klein
494,485,James Meade,James Tobin
494,320,James Meade,George Stigler
494,364,James Meade,Gérard Debreu
494,281,James Meade,Franco Modigliani
494,479,James Meade,James M. Buchanan
494,975,James Meade,Robert Solow
494,749,James Meade,Maurice Allais
494,1092,James Meade,Trygve Haavelmo
494,383,James Meade,Harry Markowitz
494,759,James Meade,Merton Miller
494,977,James Meade,Ronald Coase
494,326,James Meade,Gary Becker
494,957,James Meade,Robert Fogel
494,221,James Meade,Douglass North
494,956,James Meade,"Robert Lucas, Jr."
494,476,James Meade,James Mirrlees
494,1191,James Meade,William Vickrey
494,805,James Meade,Myron Scholes
494,54,James Meade,Amartya Sen
494,962,James Meade,Robert Mundell
494,472,James Meade,James Heckman
494,310,James Meade,George Akerlof
494,760,James Meade,Michael Spence
494,587,James Meade,Joseph Stiglitz
494,954,James Meade,Robert F. Engle
494,194,James Meade,Clive Granger
494,273,James Meade,Finn E. Kydland
494,882,James Meade,Peter A. Diamond
494,172,James Meade,Christopher A. Pissarides
494,1068,James Meade,Thomas J. Sargent
494,174,James Meade,Christopher A. Sims
494,507,James Meade,Jean Tirole
494,101,James Meade,Bengt Holmström
494,941,James Meade,Richard Thaler
494,262,James Meade,Esther Duflo
494,580,James Meade,Joshua Angrist
494,209,James Meade,David Card
495,298,Jared Kushner,Donald Trump
495,455,Jared Kushner,Ivanka Trump
495,1230,Jared Kushner,Đại học Harvard
496,126,Janez Janša,Borut Pahor
496,26,Janez Janša,Alenka Bratušek
496,487,Janez Janša,Janez Drnovšek
496,159,Janez Janša,Charles Michel
496,603,Janez Janša,Karl Nehammer
496,48,Janez Janša,Andrej Babiš
496,757,Janez Janša,Mette Frederiksen
496,598,Janez Janša,Kaja Kallas
496,1004,Janez Janša,Sanna Marin
496,267,Janez Janša,Emmanuel Macron
496,862,Janez Janša,Olaf Scholz
496,648,Janez Janša,Kyriakos Mitsotakis
496,766,Janez Janša,Micheál Martin
496,264,Janez Janša,Evika Siliņa
496,338,Janez Janša,Gitanas Nausėda
496,1199,Janez Janša,Xavier Bettel
496,953,Janez Janša,Robert Abela
496,741,Janez Janša,Mark Rutte
496,219,Janez Janša,Donald Tusk
496,72,Janez Janša,António Costa
496,626,Janez Janša,Klaus Iohannis
496,887,Janez Janša,Pedro Sánchez
496,708,Janez Janša,Magdalena Andersson
497,925,Jawaharlal Nehru,Rajendra Prasad
497,998,Jawaharlal Nehru,Sarvepalli Radhakrishnan
497,138,Jawaharlal Nehru,C. Rajagopalachari
497,360,Jawaharlal Nehru,Gulzarilal Nanda
497,792,Jawaharlal Nehru,Morarji Desai
497,448,Jawaharlal Nehru,Indira Gandhi
497,923,Jawaharlal Nehru,Rajiv Gandhi
497,151,Jawaharlal Nehru,Charan Singh
497,1131,Jawaharlal Nehru,V. P. Singh
497,152,Jawaharlal Nehru,Chandra Shekhar
497,861,Jawaharlal Nehru,P. V. Narasimha Rao
497,82,Jawaharlal Nehru,Atal Bihari Vajpayee
497,428,Jawaharlal Nehru,I. K. Gujral
497,720,Jawaharlal Nehru,Manmohan Singh
497,816,Jawaharlal Nehru,Narendra Modi
499,1232,Jay Carney,Đại học Yale
499,156,Jay Carney,Barack Obama
499,565,Jay Carney,Joe Biden
500,615,Jean Chrétien,Kim Campbell
500,879,Jean Chrétien,Paul Martin
500,131,Jean Chrétien,Brian Mulroney
500,567,Jean Chrétien,John Turner
500,902,Jean Chrétien,Pierre Trudeau
500,531,Jean Chrétien,John Abbott
500,1171,Jean Chrétien,Wilfrid Laurier
500,1181,Jean Chrétien,William Lyon Mackenzie King
500,542,Jean Chrétien,John Diefenbaker
501,1217,Jean Casimir-Perier,Émile Loubet
501,75,Jean Casimir-Perier,Armand Fallières
501,931,Jean Casimir-Perier,Raymond Poincaré
501,871,Jean Casimir-Perier,Paul Deschanel
501,37,Jean Casimir-Perier,Alexandre Millerand
501,305,Jean Casimir-Perier,Gaston Doumergue
501,874,Jean Casimir-Perier,Paul Doumer
501,1138,Jean Casimir-Perier,Vincent Auriol
501,930,Jean Casimir-Perier,René Coty
501,171,Jean Casimir-Perier,Charles de Gaulle
501,329,Jean Casimir-Perier,Georges Pompidou
501,1145,Jean Casimir-Perier,Valéry Giscard d'Estaing
501,299,Jean Casimir-Perier,François Mitterrand
501,474,Jean Casimir-Perier,Jacques Chirac
501,839,Jean Casimir-Perier,Nicolas Sarkozy
501,291,Jean Casimir-Perier,François Hollande
501,267,Jean Casimir-Perier,Emmanuel Macron
502,546,Jared Polis,John Hickenlooper
502,119,Jared Polis,Bill Clinton
502,989,Jared Polis,Sam Nunn
502,156,Jared Polis,Barack Obama
502,612,Jared Polis,Kate Brown
502,565,Jared Polis,Joe Biden
502,831,Jared Polis,Ned Lamont
502,505,Jared Polis,Janet Mills
502,173,Jared Polis,Charlie Baker
502,183,Jared Polis,Chris Sununu
502,913,Jared Polis,Phil Murphy
502,50,Jared Polis,Andrew Cuomo
502,1107,Jared Polis,Tom Wolf
502,202,Jared Polis,Daniel McKee
502,898,Jared Polis,Phil Scott
502,480,Jared Polis,J. B. Pritzker
502,258,Jared Polis,Eric Holcomb
502,636,Jared Polis,Kim Reynolds
502,673,Jared Polis,Laura Kelly
502,367,Jared Polis,Gretchen Whitmer
502,1089,Jared Polis,Tim Walz
502,903,Jared Polis,Pete Ricketts
502,220,Jared Polis,Doug Burgum
502,812,Jared Polis,Mike DeWine
502,642,Jared Polis,Kristi Noem
502,1091,Jared Polis,Tony Evers
502,614,Jared Polis,Kay Ivey
502,91,Jared Polis,Asa Hutchinson
502,554,Jared Polis,John Carney
502,979,Jared Polis,Ron DeSantis
502,142,Jared Polis,Brian Kemp
502,60,Jared Polis,Andy Beshear
502,536,Jared Polis,John Bel Edwards
502,650,Jared Polis,Larry Hogan
502,1061,Jared Polis,Tate Reeves
502,1008,Jared Polis,Roy Cooper
502,624,Jared Polis,Kevin Stitt
502,404,Jared Polis,Henry McMaster
502,124,Jared Polis,Bill Lee
502,365,Jared Polis,Greg Abbott
502,946,Jared Polis,Ralph Northam
502,534,Jared Polis,Jim Justice
502,779,Jared Polis,Mike Dunleavy
502,242,Jared Polis,Doug Ducey
502,331,Jared Polis,Gavin Newsom
502,208,Jared Polis,David Ige
502,140,Jared Polis,Brad Little
502,388,Jared Polis,Greg Gianforte
502,1060,Jared Polis,Steve Sisolak
502,787,Jared Polis,Michelle Lujan Grisham
502,1030,Jared Polis,Spencer Cox
502,506,Jared Polis,Jay Inslee
502,736,Jared Polis,Mark Gordon (chính trị gia)
503,119,Jean Kennedy Smith,Bill Clinton
503,549,Jean Kennedy Smith,John F. Kennedy
503,952,Jean Kennedy Smith,Robert F. Kennedy
503,1052,Jean Kennedy Smith,Ted Kennedy
503,740,Jean Kennedy Smith,Mary McAleese
504,30,Javier Milei,Alberto Fernández
504,298,Javier Milei,Donald Trump
505,74,Janet Mills,António Guterres
505,565,Janet Mills,Joe Biden
505,831,Janet Mills,Ned Lamont
505,173,Janet Mills,Charlie Baker
505,183,Janet Mills,Chris Sununu
505,913,Janet Mills,Phil Murphy
505,50,Janet Mills,Andrew Cuomo
505,1107,Janet Mills,Tom Wolf
505,202,Janet Mills,Daniel McKee
505,898,Janet Mills,Phil Scott
505,480,Janet Mills,J. B. Pritzker
505,258,Janet Mills,Eric Holcomb
505,636,Janet Mills,Kim Reynolds
505,673,Janet Mills,Laura Kelly
505,367,Janet Mills,Gretchen Whitmer
505,1089,Janet Mills,Tim Walz
505,903,Janet Mills,Pete Ricketts
505,220,Janet Mills,Doug Burgum
505,812,Janet Mills,Mike DeWine
505,642,Janet Mills,Kristi Noem
505,1091,Janet Mills,Tony Evers
505,614,Janet Mills,Kay Ivey
505,91,Janet Mills,Asa Hutchinson
505,554,Janet Mills,John Carney
505,979,Janet Mills,Ron DeSantis
505,142,Janet Mills,Brian Kemp
505,60,Janet Mills,Andy Beshear
505,536,Janet Mills,John Bel Edwards
505,650,Janet Mills,Larry Hogan
505,1061,Janet Mills,Tate Reeves
505,1008,Janet Mills,Roy Cooper
505,624,Janet Mills,Kevin Stitt
505,404,Janet Mills,Henry McMaster
505,124,Janet Mills,Bill Lee
505,365,Janet Mills,Greg Abbott
505,946,Janet Mills,Ralph Northam
505,534,Janet Mills,Jim Justice
505,779,Janet Mills,Mike Dunleavy
505,242,Janet Mills,Doug Ducey
505,331,Janet Mills,Gavin Newsom
505,502,Janet Mills,Jared Polis
505,208,Janet Mills,David Ige
505,140,Janet Mills,Brad Little
505,388,Janet Mills,Greg Gianforte
505,1060,Janet Mills,Steve Sisolak
505,787,Janet Mills,Michelle Lujan Grisham
505,612,Janet Mills,Kate Brown
505,1030,Janet Mills,Spencer Cox
505,506,Janet Mills,Jay Inslee
505,736,Janet Mills,Mark Gordon (chính trị gia)
505,540,Janet Mills,Jerome Adams
505,213,Janet Mills,Deborah Birx
505,86,Janet Mills,Anthony Fauci
505,139,Janet Mills,Brett Giroir
505,888,Janet Mills,Peter Navarro
505,773,Janet Mills,Mike Pence
505,976,Janet Mills,Robert R. Redfield
505,298,Janet Mills,Donald Trump
506,565,Jay Inslee,Joe Biden
506,1228,Jay Inslee,Đại học Stanford
506,119,Jay Inslee,Bill Clinton
506,330,Jay Inslee,George W. Bush
506,298,Jay Inslee,Donald Trump
506,257,Jay Inslee,Enrique Peña Nieto
506,548,Jay Inslee,Jimmy Carter
506,831,Jay Inslee,Ned Lamont
506,505,Jay Inslee,Janet Mills
506,173,Jay Inslee,Charlie Baker
506,183,Jay Inslee,Chris Sununu
506,913,Jay Inslee,Phil Murphy
506,50,Jay Inslee,Andrew Cuomo
506,1107,Jay Inslee,Tom Wolf
506,202,Jay Inslee,Daniel McKee
506,898,Jay Inslee,Phil Scott
506,480,Jay Inslee,J. B. Pritzker
506,258,Jay Inslee,Eric Holcomb
506,636,Jay Inslee,Kim Reynolds
506,673,Jay Inslee,Laura Kelly
506,367,Jay Inslee,Gretchen Whitmer
506,1089,Jay Inslee,Tim Walz
506,903,Jay Inslee,Pete Ricketts
506,220,Jay Inslee,Doug Burgum
506,812,Jay Inslee,Mike DeWine
506,642,Jay Inslee,Kristi Noem
506,1091,Jay Inslee,Tony Evers
506,614,Jay Inslee,Kay Ivey
506,91,Jay Inslee,Asa Hutchinson
506,554,Jay Inslee,John Carney
506,979,Jay Inslee,Ron DeSantis
506,142,Jay Inslee,Brian Kemp
506,60,Jay Inslee,Andy Beshear
506,536,Jay Inslee,John Bel Edwards
506,650,Jay Inslee,Larry Hogan
506,1061,Jay Inslee,Tate Reeves
506,1008,Jay Inslee,Roy Cooper
506,624,Jay Inslee,Kevin Stitt
506,404,Jay Inslee,Henry McMaster
506,124,Jay Inslee,Bill Lee
506,365,Jay Inslee,Greg Abbott
506,946,Jay Inslee,Ralph Northam
506,534,Jay Inslee,Jim Justice
506,779,Jay Inslee,Mike Dunleavy
506,242,Jay Inslee,Doug Ducey
506,331,Jay Inslee,Gavin Newsom
506,502,Jay Inslee,Jared Polis
506,208,Jay Inslee,David Ige
506,140,Jay Inslee,Brad Little
506,388,Jay Inslee,Greg Gianforte
506,1060,Jay Inslee,Steve Sisolak
506,787,Jay Inslee,Michelle Lujan Grisham
506,612,Jay Inslee,Kate Brown
506,1030,Jay Inslee,Spencer Cox
506,736,Jay Inslee,Mark Gordon (chính trị gia)
506,540,Jay Inslee,Jerome Adams
506,213,Jay Inslee,Deborah Birx
506,86,Jay Inslee,Anthony Fauci
506,139,Jay Inslee,Brett Giroir
506,888,Jay Inslee,Peter Navarro
506,773,Jay Inslee,Mike Pence
506,976,Jay Inslee,Robert R. Redfield
507,1150,Jean Tirole,Viện Công nghệ Massachusetts
507,101,Jean Tirole,Bengt Holmström
507,883,Jean Tirole,Paul Samuelson
507,1021,Jean Tirole,Simon Kuznets
507,551,Jean Tirole,John Hicks
507,621,Jean Tirole,Kenneth Arrow
507,295,Jean Tirole,Friedrich Hayek
507,794,Jean Tirole,Milton Friedman
507,112,Jean Tirole,Bertil Ohlin
507,494,Jean Tirole,James Meade
507,1062,Jean Tirole,Theodore Schultz
507,655,Jean Tirole,Lawrence Klein
507,485,Jean Tirole,James Tobin
507,320,Jean Tirole,George Stigler
507,364,Jean Tirole,Gérard Debreu
507,939,Jean Tirole,Richard Stone
507,281,Jean Tirole,Franco Modigliani
507,479,Jean Tirole,James M. Buchanan
507,975,Jean Tirole,Robert Solow
507,749,Jean Tirole,Maurice Allais
507,1092,Jean Tirole,Trygve Haavelmo
507,383,Jean Tirole,Harry Markowitz
507,759,Jean Tirole,Merton Miller
507,977,Jean Tirole,Ronald Coase
507,326,Jean Tirole,Gary Becker
507,957,Jean Tirole,Robert Fogel
507,221,Jean Tirole,Douglass North
507,956,Jean Tirole,"Robert Lucas, Jr."
507,476,Jean Tirole,James Mirrlees
507,1191,Jean Tirole,William Vickrey
507,805,Jean Tirole,Myron Scholes
507,54,Jean Tirole,Amartya Sen
507,962,Jean Tirole,Robert Mundell
507,472,Jean Tirole,James Heckman
507,310,Jean Tirole,George Akerlof
507,760,Jean Tirole,Michael Spence
507,587,Jean Tirole,Joseph Stiglitz
507,954,Jean Tirole,Robert F. Engle
507,194,Jean Tirole,Clive Granger
507,273,Jean Tirole,Finn E. Kydland
507,882,Jean Tirole,Peter A. Diamond
507,172,Jean Tirole,Christopher A. Pissarides
507,1068,Jean Tirole,Thomas J. Sargent
507,174,Jean Tirole,Christopher A. Sims
507,941,Jean Tirole,Richard Thaler
507,262,Jean Tirole,Esther Duflo
507,580,Jean Tirole,Joshua Angrist
507,209,Jean Tirole,David Card
509,1224,Jean-Yves Le Drian,Édouard Philippe
509,516,Jean-Yves Le Drian,Jean-Marc Ayrault
509,726,Jean-Yves Le Drian,Manuel Valls
509,111,Jean-Yves Le Drian,Bernard Cazeneuve
509,291,Jean-Yves Le Drian,François Hollande
509,267,Jean-Yves Le Drian,Emmanuel Macron
510,656,Jarosław Kaczyński,Lech Kaczyński
510,219,Jarosław Kaczyński,Donald Tusk
510,745,Jarosław Kaczyński,Mateusz Morawiecki
510,132,Jarosław Kaczyński,Bronisław Komorowski
510,95,Jarosław Kaczyński,Beata Szydło
510,55,Jarosław Kaczyński,Andrzej Duda
510,584,Jarosław Kaczyński,José Manuel Barroso
512,565,Jen Psaki,Joe Biden
512,156,Jen Psaki,Barack Obama
512,499,Jen Psaki,Jay Carney
513,330,Jeb Bush,George W. Bush
513,319,Jeb Bush,George H. W. Bush
513,1036,Jeb Bush,Ronald Reagan
513,948,Jeb Bush,Rick Scott
513,979,Jeb Bush,Ron DeSantis
514,171,Jean de Lattre de Tassigny,Charles de Gaulle
514,322,Jean de Lattre de Tassigny,Georges Clemenceau
514,228,Jean de Lattre de Tassigny,Dwight D. Eisenhower
514,1159,Jean de Lattre de Tassigny,Võ Nguyên Giáp
514,1138,Jean de Lattre de Tassigny,Vincent Auriol
515,548,Jeff Bezos,Jimmy Carter
515,76,Jeff Bezos,Anwar Al-Sadad
515,1235,Jeff Bezos,Đặng Tiểu Bình
515,983,Jeff Bezos,Ruhollah Khomeini
515,1036,Jeff Bezos,Ronald Reagan
515,198,Jeff Bezos,Corazon Aquino
515,803,Jeff Bezos,Mikhail Sergeyevich Gorbachyov
515,319,Jeff Bezos,George H. W. Bush
515,119,Jeff Bezos,Bill Clinton
515,837,Jeff Bezos,Nelson Mandela
515,824,Jeff Bezos,Newt Gingrich
515,330,Jeff Bezos,George W. Bush
516,726,Jean-Marc Ayrault,Manuel Valls
516,111,Jean-Marc Ayrault,Bernard Cazeneuve
516,652,Jean-Marc Ayrault,Laurent Fabius
516,509,Jean-Marc Ayrault,Jean-Yves Le Drian
516,291,Jean-Marc Ayrault,François Hollande
516,294,Jean-Marc Ayrault,François Fillon
516,167,Jean-Marc Ayrault,Charles-Maurice de Talleyrand-Périgord
516,287,Jean-Marc Ayrault,François Arago
516,75,Jean-Marc Ayrault,Armand Fallières
516,1217,Jean-Marc Ayrault,Émile Loubet
516,501,Jean-Marc Ayrault,Jean Casimir-Perier
516,322,Jean-Marc Ayrault,Georges Clemenceau
516,931,Jean-Marc Ayrault,Raymond Poincaré
516,305,Jean-Marc Ayrault,Gaston Doumergue
516,37,Jean-Marc Ayrault,Alexandre Millerand
516,171,Jean-Marc Ayrault,Charles de Gaulle
516,1138,Jean-Marc Ayrault,Vincent Auriol
516,915,Jean-Marc Ayrault,Pierre Mendès France
516,762,Jean-Marc Ayrault,Michel Debré
516,329,Jean-Marc Ayrault,Georges Pompidou
516,461,Jean-Marc Ayrault,Jacques Chaban-Delmas
516,474,Jean-Marc Ayrault,Jacques Chirac
516,764,Jean-Marc Ayrault,Michel Rocard
516,20,Jean-Marc Ayrault,Alain Juppé
516,217,Jean-Marc Ayrault,Dominique de Villepin
516,1224,Jean-Marc Ayrault,Édouard Philippe
516,311,Jean-Marc Ayrault,Gabriel Attal
516,756,Jean-Marc Ayrault,Michel Barnier
517,584,Jean-Claude Juncker,José Manuel Barroso
517,1130,Jean-Claude Juncker,Ursula von der Leyen
517,1199,Jean-Claude Juncker,Xavier Bettel
517,974,Jean-Claude Juncker,Romano Prodi
518,42,Jens Stoltenberg,Anders Fogh Rasmussen
518,741,Jens Stoltenberg,Mark Rutte
518,359,Jens Stoltenberg,Gro Harlem Brundtland
519,203,Jeremy Corbyn,David Cameron
519,1065,Jeremy Corbyn,Theresa May
519,137,Jeremy Corbyn,Boris Johnson
519,618,Jeremy Corbyn,Keir Starmer
519,353,Jeremy Corbyn,Gordon Brown
519,187,Jeremy Corbyn,Clement Attlee
519,288,Jeremy Corbyn,Fidel Castro
519,434,Jeremy Corbyn,Hugo Chávez
519,921,Jeremy Corbyn,Noam Chomsky
519,113,Jeremy Corbyn,Bettino Craxi
519,1235,Jeremy Corbyn,Đặng Tiểu Bình
519,178,Jeremy Corbyn,Che Guevara
519,803,Jeremy Corbyn,Mikhail Sergeyevich Gorbachyov
519,488,Jeremy Corbyn,Hồ Chí Minh
519,854,Jeremy Corbyn,Nikita Sergeyevich Khrushchyov
519,837,Jeremy Corbyn,Nelson Mandela
519,761,Jeremy Corbyn,Mao Trạch Đông
519,299,Jeremy Corbyn,François Mitterrand
519,864,Jeremy Corbyn,Olof Palme
519,1037,Jeremy Corbyn,Sukarno
519,675,Jeremy Corbyn,Lev Davidovich Trotsky
519,1225,Jeremy Corbyn,Zulfikar Ali Bhutto
519,359,Jeremy Corbyn,Gro Harlem Brundtland
519,1048,Jeremy Corbyn,Tage Erlander
519,120,Jeremy Corbyn,Bob Hawke
519,498,Jeremy Corbyn,Jean Jaurès
519,933,Jeremy Corbyn,Ramsay MacDonald
519,497,Jeremy Corbyn,Jawaharlal Nehru
519,974,Jeremy Corbyn,Romano Prodi
519,115,Jeremy Corbyn,Bernie Sanders
520,331,Jerry Brown,Gavin Newsom
520,1036,Jerry Brown,Ronald Reagan
520,628,Jerry Brown,Kamala Harris
520,773,Jerry Brown,Mike Pence
520,817,Jerry Brown,Nancy Pelosi
520,1001,Jerry Brown,Scott Walker (chính khách)
520,230,Jerry Brown,Earl Warren
520,346,Jerry Brown,Goodwin Knight
520,355,Jerry Brown,Gray Davis
520,614,Jerry Brown,Kay Ivey
520,242,Jerry Brown,Doug Ducey
520,91,Jerry Brown,Asa Hutchinson
520,502,Jerry Brown,Jared Polis
520,831,Jerry Brown,Ned Lamont
520,979,Jerry Brown,Ron DeSantis
520,142,Jerry Brown,Brian Kemp
520,208,Jerry Brown,David Ige
520,480,Jerry Brown,J. B. Pritzker
520,258,Jerry Brown,Eric Holcomb
520,636,Jerry Brown,Kim Reynolds
520,673,Jerry Brown,Laura Kelly
520,60,Jerry Brown,Andy Beshear
520,536,Jerry Brown,John Bel Edwards
520,505,Jerry Brown,Janet Mills
520,650,Jerry Brown,Larry Hogan
520,173,Jerry Brown,Charlie Baker
520,367,Jerry Brown,Gretchen Whitmer
520,1089,Jerry Brown,Tim Walz
520,903,Jerry Brown,Pete Ricketts
520,1060,Jerry Brown,Steve Sisolak
520,183,Jerry Brown,Chris Sununu
520,913,Jerry Brown,Phil Murphy
520,787,Jerry Brown,Michelle Lujan Grisham
520,1008,Jerry Brown,Roy Cooper
520,220,Jerry Brown,Doug Burgum
520,812,Jerry Brown,Mike DeWine
520,624,Jerry Brown,Kevin Stitt
520,612,Jerry Brown,Kate Brown
520,1107,Jerry Brown,Tom Wolf
520,332,Jerry Brown,Gina Raimondo
520,404,Jerry Brown,Henry McMaster
520,642,Jerry Brown,Kristi Noem
520,365,Jerry Brown,Greg Abbott
520,506,Jerry Brown,Jay Inslee
520,534,Jerry Brown,Jim Justice
520,1091,Jerry Brown,Tony Evers
520,940,Jerry Brown,Ricardo Rosselló
522,1099,Jim Webb,Tim Kaine
522,1036,Jim Webb,Ronald Reagan
522,330,Jim Webb,George W. Bush
523,68,Joachim Gauck,Angela Merkel
523,165,Joachim Gauck,Christian Wulff
523,284,Joachim Gauck,Frank-Walter Steinmeier
523,1154,Joachim Gauck,Václav Havel
524,1230,Jim McGreevey,Đại học Harvard
524,1201,Jim McGreevey,Woodrow Wilson
524,913,Jim McGreevey,Phil Murphy
525,1200,Jerzy Buzek,Włodzimierz Cimoszewicz
525,584,Jerzy Buzek,José Manuel Barroso
525,132,Jerzy Buzek,Bronisław Komorowski
525,411,Jerzy Buzek,Herman Van Rompuy
525,594,Jerzy Buzek,Jyrki Katainen
525,730,Jerzy Buzek,Mariano Rajoy
525,741,Jerzy Buzek,Mark Rutte
525,68,Jerzy Buzek,Angela Merkel
525,510,Jerzy Buzek,Jarosław Kaczyński
525,219,Jerzy Buzek,Donald Tusk
525,265,Jerzy Buzek,Ewa Kopacz
525,95,Jerzy Buzek,Beata Szydło
525,745,Jerzy Buzek,Mateusz Morawiecki
526,1230,Jill Stein,Đại học Harvard
527,233,Johan Wilhelm Rangell,Edwin Linkomies
527,885,Johan Wilhelm Rangell,Pehr Evind Svinhufvud
527,593,Johan Wilhelm Rangell,Juho Kusti Paasikivi
527,1122,Johan Wilhelm Rangell,Urho Kekkonen
527,742,Johan Wilhelm Rangell,Martti Ahtisaari
527,1051,Johan Wilhelm Rangell,Tarja Halonen
527,999,Johan Wilhelm Rangell,Sauli Niinistö
527,918,Johan Wilhelm Rangell,Rafael Erich
527,69,Johan Wilhelm Rangell,Antti Tulenheimo
527,1054,Johan Wilhelm Rangell,Teuvo Aura
527,608,Johan Wilhelm Rangell,Keijo Liinamaa
527,382,Johan Wilhelm Rangell,Harri Holkeri
527,865,Johan Wilhelm Rangell,Paavo Lipponen
527,59,Johan Wilhelm Rangell,Anneli Jäätteenmäki
527,744,Johan Wilhelm Rangell,Matti Vanhanen
527,725,Johan Wilhelm Rangell,Mari Kiviniemi
527,594,Johan Wilhelm Rangell,Jyrki Katainen
527,35,Johan Wilhelm Rangell,Alexander Stubb
527,599,Johan Wilhelm Rangell,Juha Sipilä
527,1004,Johan Wilhelm Rangell,Sanna Marin
528,565,Jill Biden,Joe Biden
528,602,Jill Biden,Karen Pence
528,94,Jill Biden,Beau Biden
528,425,Jill Biden,Hunter Biden
528,777,Jill Biden,Michelle Obama
528,414,Jill Biden,Howard Dean
528,666,Jill Biden,Lucy Webb Hayes
528,644,Jill Biden,Lady Bird Johnson
528,422,Jill Biden,Hillary Clinton
528,668,Jill Biden,Laura Bush
529,537,John Atta Mills,John Dramani Mahama
529,822,John Atta Mills,Nana Akufo-Addo
531,1171,John Abbott,Wilfrid Laurier
531,1181,John Abbott,William Lyon Mackenzie King
531,542,John Abbott,John Diefenbaker
531,902,John Abbott,Pierre Trudeau
531,567,John Abbott,John Turner
531,131,John Abbott,Brian Mulroney
531,615,John Abbott,Kim Campbell
531,500,John Abbott,Jean Chrétien
531,879,John Abbott,Paul Martin
532,1073,Johannes Vilhelm Jensen,Thomas Mann
532,1063,Johannes Vilhelm Jensen,Theodor Mommsen
532,579,Johannes Vilhelm Jensen,José Echegaray
532,394,Johannes Vilhelm Jensen,Henri Bergson
532,682,Johannes Vilhelm Jensen,Luigi Pirandello
532,970,Johannes Vilhelm Jensen,Roger Martin du Gard
532,1047,Johannes Vilhelm Jensen,T. S. Eliot
532,1183,Johannes Vilhelm Jensen,William Faulkner
532,1223,Johannes Vilhelm Jensen,Winston Churchill
532,453,Johannes Vilhelm Jensen,Ivo Andrić
532,768,Johannes Vilhelm Jensen,Miguel Ángel Asturias
532,392,Johannes Vilhelm Jensen,Heinrich Böll
532,853,Johannes Vilhelm Jensen,Odysseas Elytis
532,247,Johannes Vilhelm Jensen,Elias Canetti
532,307,Johannes Vilhelm Jensen,Gabriel García Márquez
532,1182,Johannes Vilhelm Jensen,William Golding
532,146,Johannes Vilhelm Jensen,Camilo José Cela
532,147,Johannes Vilhelm Jensen,Cao Hành Kiện
532,610,Johannes Vilhelm Jensen,Kazuo Ishiguro
533,817,John Boehner,Nancy Pelosi
533,875,John Boehner,Paul Ryan
533,289,John Boehner,Frederick Muhlenberg
533,572,John Boehner,Jonathan Dayton
533,473,John Boehner,James K. Polk
533,561,John Boehner,John Nance Garner
533,824,John Boehner,Newt Gingrich
533,613,John Boehner,Kevin McCarthy
533,771,John Boehner,Mike Johnson
534,298,Jim Justice,Donald Trump
534,565,Jim Justice,Joe Biden
534,831,Jim Justice,Ned Lamont
534,505,Jim Justice,Janet Mills
534,173,Jim Justice,Charlie Baker
534,183,Jim Justice,Chris Sununu
534,913,Jim Justice,Phil Murphy
534,50,Jim Justice,Andrew Cuomo
534,1107,Jim Justice,Tom Wolf
534,202,Jim Justice,Daniel McKee
534,898,Jim Justice,Phil Scott
534,480,Jim Justice,J. B. Pritzker
534,258,Jim Justice,Eric Holcomb
534,636,Jim Justice,Kim Reynolds
534,673,Jim Justice,Laura Kelly
534,367,Jim Justice,Gretchen Whitmer
534,1089,Jim Justice,Tim Walz
534,903,Jim Justice,Pete Ricketts
534,220,Jim Justice,Doug Burgum
534,812,Jim Justice,Mike DeWine
534,642,Jim Justice,Kristi Noem
534,1091,Jim Justice,Tony Evers
534,614,Jim Justice,Kay Ivey
534,91,Jim Justice,Asa Hutchinson
534,554,Jim Justice,John Carney
534,979,Jim Justice,Ron DeSantis
534,142,Jim Justice,Brian Kemp
534,60,Jim Justice,Andy Beshear
534,536,Jim Justice,John Bel Edwards
534,650,Jim Justice,Larry Hogan
534,1061,Jim Justice,Tate Reeves
534,1008,Jim Justice,Roy Cooper
534,624,Jim Justice,Kevin Stitt
534,404,Jim Justice,Henry McMaster
534,124,Jim Justice,Bill Lee
534,365,Jim Justice,Greg Abbott
534,946,Jim Justice,Ralph Northam
534,779,Jim Justice,Mike Dunleavy
534,242,Jim Justice,Doug Ducey
534,331,Jim Justice,Gavin Newsom
534,502,Jim Justice,Jared Polis
534,208,Jim Justice,David Ige
534,140,Jim Justice,Brad Little
534,388,Jim Justice,Greg Gianforte
534,1060,Jim Justice,Steve Sisolak
534,787,Jim Justice,Michelle Lujan Grisham
534,612,Jim Justice,Kate Brown
534,1030,Jim Justice,Spencer Cox
534,506,Jim Justice,Jay Inslee
534,736,Jim Justice,Mark Gordon (chính trị gia)
534,540,Jim Justice,Jerome Adams
534,213,Jim Justice,Deborah Birx
534,86,Jim Justice,Anthony Fauci
534,139,Jim Justice,Brett Giroir
534,888,Jim Justice,Peter Navarro
534,773,Jim Justice,Mike Pence
534,976,Jim Justice,Robert R. Redfield
535,469,John C. Breckinridge,James Buchanan
535,1187,John C. Breckinridge,William R. King
535,539,John C. Breckinridge,John Adams
535,1083,John C. Breckinridge,Thomas Jefferson
535,246,John C. Breckinridge,Elbridge Gerry
535,192,John C. Breckinridge,Daniel D. Tompkins
535,538,John C. Breckinridge,John C. Calhoun
535,938,John C. Breckinridge,Richard Mentor Johnson
535,568,John C. Breckinridge,John Tyler
535,314,John C. Breckinridge,George M. Dallas
535,1179,John C. Breckinridge,William A. Wheeler
535,170,John C. Breckinridge,Chester A. Arthur
535,1066,John C. Breckinridge,Thomas A. Hendricks
535,9,John C. Breckinridge,Adlai Stevenson I
535,302,John C. Breckinridge,Garret Hobart
535,1080,John C. Breckinridge,Theodore Roosevelt
535,160,John C. Breckinridge,Charles W. Fairbanks
535,481,John C. Breckinridge,James S. Sherman
535,1072,John C. Breckinridge,Thomas R. Marshall
535,143,John C. Breckinridge,Calvin Coolidge
535,153,John C. Breckinridge,Charles G. Dawes
535,561,John C. Breckinridge,John Nance Garner
535,409,John C. Breckinridge,Henry A. Wallace
535,389,John C. Breckinridge,Harry S. Truman
535,24,John C. Breckinridge,Alben W. Barkley
535,968,John C. Breckinridge,Richard Nixon
535,688,John C. Breckinridge,Lyndon B. Johnson
535,419,John C. Breckinridge,Hubert Humphrey
535,340,John C. Breckinridge,Gerald Ford
535,832,John C. Breckinridge,Nelson Rockefeller
535,1169,John C. Breckinridge,Walter Mondale
535,319,John C. Breckinridge,George H. W. Bush
535,211,John C. Breckinridge,Dick Cheney
535,565,John C. Breckinridge,Joe Biden
535,773,John C. Breckinridge,Mike Pence
535,628,John C. Breckinridge,Kamala Harris
535,466,John C. Breckinridge,JD Vance
536,156,John Bel Edwards,Barack Obama
536,422,John Bel Edwards,Hillary Clinton
536,1078,John Bel Edwards,Thái Anh Văn
536,565,John Bel Edwards,Joe Biden
536,831,John Bel Edwards,Ned Lamont
536,505,John Bel Edwards,Janet Mills
536,173,John Bel Edwards,Charlie Baker
536,183,John Bel Edwards,Chris Sununu
536,913,John Bel Edwards,Phil Murphy
536,50,John Bel Edwards,Andrew Cuomo
536,1107,John Bel Edwards,Tom Wolf
536,202,John Bel Edwards,Daniel McKee
536,898,John Bel Edwards,Phil Scott
536,480,John Bel Edwards,J. B. Pritzker
536,258,John Bel Edwards,Eric Holcomb
536,636,John Bel Edwards,Kim Reynolds
536,673,John Bel Edwards,Laura Kelly
536,367,John Bel Edwards,Gretchen Whitmer
536,1089,John Bel Edwards,Tim Walz
536,903,John Bel Edwards,Pete Ricketts
536,220,John Bel Edwards,Doug Burgum
536,812,John Bel Edwards,Mike DeWine
536,642,John Bel Edwards,Kristi Noem
536,1091,John Bel Edwards,Tony Evers
536,614,John Bel Edwards,Kay Ivey
536,91,John Bel Edwards,Asa Hutchinson
536,554,John Bel Edwards,John Carney
536,979,John Bel Edwards,Ron DeSantis
536,142,John Bel Edwards,Brian Kemp
536,60,John Bel Edwards,Andy Beshear
536,650,John Bel Edwards,Larry Hogan
536,1061,John Bel Edwards,Tate Reeves
536,1008,John Bel Edwards,Roy Cooper
536,624,John Bel Edwards,Kevin Stitt
536,404,John Bel Edwards,Henry McMaster
536,124,John Bel Edwards,Bill Lee
536,365,John Bel Edwards,Greg Abbott
536,946,John Bel Edwards,Ralph Northam
536,534,John Bel Edwards,Jim Justice
536,779,John Bel Edwards,Mike Dunleavy
536,242,John Bel Edwards,Doug Ducey
536,331,John Bel Edwards,Gavin Newsom
536,502,John Bel Edwards,Jared Polis
536,208,John Bel Edwards,David Ige
536,140,John Bel Edwards,Brad Little
536,388,John Bel Edwards,Greg Gianforte
536,1060,John Bel Edwards,Steve Sisolak
536,787,John Bel Edwards,Michelle Lujan Grisham
536,612,John Bel Edwards,Kate Brown
536,1030,John Bel Edwards,Spencer Cox
536,506,John Bel Edwards,Jay Inslee
536,736,John Bel Edwards,Mark Gordon (chính trị gia)
536,540,John Bel Edwards,Jerome Adams
536,213,John Bel Edwards,Deborah Birx
536,86,John Bel Edwards,Anthony Fauci
536,139,John Bel Edwards,Brett Giroir
536,888,John Bel Edwards,Peter Navarro
536,773,John Bel Edwards,Mike Pence
536,976,John Bel Edwards,Robert R. Redfield
536,298,John Bel Edwards,Donald Trump
537,529,John Dramani Mahama,John Atta Mills
537,822,John Dramani Mahama,Nana Akufo-Addo
538,562,John C. Calhoun,John Quincy Adams
538,192,John C. Calhoun,Daniel D. Tompkins
538,568,John C. Calhoun,John Tyler
538,473,John C. Calhoun,James K. Polk
538,469,John C. Calhoun,James Buchanan
538,482,John C. Calhoun,James Monroe
538,1232,John C. Calhoun,Đại học Yale
538,539,John C. Calhoun,John Adams
538,1083,John C. Calhoun,Thomas Jefferson
538,246,John C. Calhoun,Elbridge Gerry
538,938,John C. Calhoun,Richard Mentor Johnson
538,314,John C. Calhoun,George M. Dallas
538,1187,John C. Calhoun,William R. King
538,535,John C. Calhoun,John C. Breckinridge
538,1179,John C. Calhoun,William A. Wheeler
538,170,John C. Calhoun,Chester A. Arthur
538,1066,John C. Calhoun,Thomas A. Hendricks
538,9,John C. Calhoun,Adlai Stevenson I
538,302,John C. Calhoun,Garret Hobart
538,1080,John C. Calhoun,Theodore Roosevelt
538,160,John C. Calhoun,Charles W. Fairbanks
538,481,John C. Calhoun,James S. Sherman
538,1072,John C. Calhoun,Thomas R. Marshall
538,143,John C. Calhoun,Calvin Coolidge
538,153,John C. Calhoun,Charles G. Dawes
538,561,John C. Calhoun,John Nance Garner
538,409,John C. Calhoun,Henry A. Wallace
538,389,John C. Calhoun,Harry S. Truman
538,24,John C. Calhoun,Alben W. Barkley
538,968,John C. Calhoun,Richard Nixon
538,688,John C. Calhoun,Lyndon B. Johnson
538,419,John C. Calhoun,Hubert Humphrey
538,340,John C. Calhoun,Gerald Ford
538,832,John C. Calhoun,Nelson Rockefeller
538,1169,John C. Calhoun,Walter Mondale
538,319,John C. Calhoun,George H. W. Bush
538,211,John C. Calhoun,Dick Cheney
538,565,John C. Calhoun,Joe Biden
538,773,John C. Calhoun,Mike Pence
538,628,John C. Calhoun,Kamala Harris
538,466,John C. Calhoun,JD Vance
539,1083,John Adams,Thomas Jefferson
539,562,John Adams,John Quincy Adams
539,1230,John Adams,Đại học Harvard
539,858,John Adams,Oliver Wolcott Jr.
539,483,John Adams,James Madison
539,482,John Adams,James Monroe
539,1190,John Adams,William Henry Harrison
539,568,John Adams,John Tyler
539,473,John Adams,James K. Polk
539,286,John Adams,Franklin Pierce
539,469,John Adams,James Buchanan
539,1127,John Adams,Ulysses S. Grant
539,993,John Adams,Rutherford B. Hayes
539,470,John Adams,James A. Garfield
539,170,John Adams,Chester A. Arthur
539,108,John Adams,Benjamin Harrison
539,1206,John Adams,William McKinley
539,1080,John Adams,Theodore Roosevelt
539,1189,John Adams,William Howard Taft
539,1201,John Adams,Woodrow Wilson
539,1170,John Adams,Warren G. Harding
539,143,John Adams,Calvin Coolidge
539,405,John Adams,Herbert Hoover
539,292,John Adams,Franklin D. Roosevelt
539,389,John Adams,Harry S. Truman
539,228,John Adams,Dwight D. Eisenhower
539,549,John Adams,John F. Kennedy
539,688,John Adams,Lyndon B. Johnson
539,968,John Adams,Richard Nixon
539,340,John Adams,Gerald Ford
539,548,John Adams,Jimmy Carter
539,1036,John Adams,Ronald Reagan
539,319,John Adams,George H. W. Bush
539,119,John Adams,Bill Clinton
539,330,John Adams,George W. Bush
539,156,John Adams,Barack Obama
539,298,John Adams,Donald Trump
539,565,John Adams,Joe Biden
539,246,John Adams,Elbridge Gerry
539,192,John Adams,Daniel D. Tompkins
539,538,John Adams,John C. Calhoun
539,938,John Adams,Richard Mentor Johnson
539,314,John Adams,George M. Dallas
539,1187,John Adams,William R. King
539,535,John Adams,John C. Breckinridge
539,1179,John Adams,William A. Wheeler
539,1066,John Adams,Thomas A. Hendricks
539,9,John Adams,Adlai Stevenson I
539,302,John Adams,Garret Hobart
539,160,John Adams,Charles W. Fairbanks
539,481,John Adams,James S. Sherman
539,1072,John Adams,Thomas R. Marshall
539,153,John Adams,Charles G. Dawes
539,561,John Adams,John Nance Garner
539,409,John Adams,Henry A. Wallace
539,24,John Adams,Alben W. Barkley
539,419,John Adams,Hubert Humphrey
539,832,John Adams,Nelson Rockefeller
539,1169,John Adams,Walter Mondale
539,211,John Adams,Dick Cheney
539,773,John Adams,Mike Pence
539,628,John Adams,Kamala Harris
539,466,John Adams,JD Vance
540,298,Jerome Adams,Donald Trump
540,773,Jerome Adams,Mike Pence
540,258,Jerome Adams,Eric Holcomb
540,976,Jerome Adams,Robert R. Redfield
540,811,Jerome Adams,Mã Hiểu Vĩ
540,86,Jerome Adams,Anthony Fauci
540,702,Jerome Adams,Lý Khắc Cường
541,228,John Foster Dulles,Dwight D. Eisenhower
541,206,John Foster Dulles,Dean Acheson
541,402,John Foster Dulles,Herbert H. Lehman
541,53,John Foster Dulles,Allen Dulles
542,531,John Diefenbaker,John Abbott
542,1171,John Diefenbaker,Wilfrid Laurier
542,1181,John Diefenbaker,William Lyon Mackenzie King
542,902,John Diefenbaker,Pierre Trudeau
542,567,John Diefenbaker,John Turner
542,131,John Diefenbaker,Brian Mulroney
542,615,John Diefenbaker,Kim Campbell
542,500,John Diefenbaker,Jean Chrétien
542,879,John Diefenbaker,Paul Martin
543,559,John Gorton,John McEwen
543,1184,John Gorton,William McMahon
543,714,John Gorton,Malcolm Fraser
543,960,John Gorton,Robert Menzies
543,377,John Gorton,Harold Holt
543,235,John Gorton,Edmund Barton
543,44,John Gorton,Alfred Deakin
543,318,John Gorton,George Reid (chính khách Úc)
543,52,John Gorton,Andrew Fisher
543,1032,John Gorton,Stanley Bruce
543,236,John Gorton,Earle Page
543,282,John Gorton,Frank Forde
543,348,John Gorton,Gough Whitlam
543,120,John Gorton,Bob Hawke
543,547,John Gorton,John Howard
543,620,John Gorton,Kevin Rudd
543,597,John Gorton,Julia Gillard
543,1084,John Gorton,Tony Abbott
543,717,John Gorton,Malcolm Turnbull
543,1003,John Gorton,Scott Morrison
543,63,John Gorton,Anthony Albanese
545,1233,John Henry Newman,Đại học Oxford
546,502,John Hickenlooper,Jared Polis
546,614,John Hickenlooper,Kay Ivey
546,242,John Hickenlooper,Doug Ducey
546,91,John Hickenlooper,Asa Hutchinson
546,331,John Hickenlooper,Gavin Newsom
546,831,John Hickenlooper,Ned Lamont
546,979,John Hickenlooper,Ron DeSantis
546,142,John Hickenlooper,Brian Kemp
546,208,John Hickenlooper,David Ige
546,480,John Hickenlooper,J. B. Pritzker
546,258,John Hickenlooper,Eric Holcomb
546,636,John Hickenlooper,Kim Reynolds
546,673,John Hickenlooper,Laura Kelly
546,60,John Hickenlooper,Andy Beshear
546,536,John Hickenlooper,John Bel Edwards
546,505,John Hickenlooper,Janet Mills
546,650,John Hickenlooper,Larry Hogan
546,173,John Hickenlooper,Charlie Baker
546,367,John Hickenlooper,Gretchen Whitmer
546,1089,John Hickenlooper,Tim Walz
546,903,John Hickenlooper,Pete Ricketts
546,1060,John Hickenlooper,Steve Sisolak
546,183,John Hickenlooper,Chris Sununu
546,913,John Hickenlooper,Phil Murphy
546,787,John Hickenlooper,Michelle Lujan Grisham
546,1008,John Hickenlooper,Roy Cooper
546,220,John Hickenlooper,Doug Burgum
546,812,John Hickenlooper,Mike DeWine
546,624,John Hickenlooper,Kevin Stitt
546,612,John Hickenlooper,Kate Brown
546,1107,John Hickenlooper,Tom Wolf
546,332,John Hickenlooper,Gina Raimondo
546,404,John Hickenlooper,Henry McMaster
546,642,John Hickenlooper,Kristi Noem
546,365,John Hickenlooper,Greg Abbott
546,506,John Hickenlooper,Jay Inslee
546,534,John Hickenlooper,Jim Justice
546,1091,John Hickenlooper,Tony Evers
546,940,John Hickenlooper,Ricardo Rosselló
547,620,John Howard,Kevin Rudd
547,1056,John Howard,Thabo Mbeki
547,714,John Howard,Malcolm Fraser
547,960,John Howard,Robert Menzies
547,120,John Howard,Bob Hawke
547,235,John Howard,Edmund Barton
547,44,John Howard,Alfred Deakin
547,318,John Howard,George Reid (chính khách Úc)
547,52,John Howard,Andrew Fisher
547,1032,John Howard,Stanley Bruce
547,236,John Howard,Earle Page
547,282,John Howard,Frank Forde
547,377,John Howard,Harold Holt
547,559,John Howard,John McEwen
547,543,John Howard,John Gorton
547,1184,John Howard,William McMahon
547,348,John Howard,Gough Whitlam
547,597,John Howard,Julia Gillard
547,1084,John Howard,Tony Abbott
547,717,John Howard,Malcolm Turnbull
547,1003,John Howard,Scott Morrison
547,63,John Howard,Anthony Albanese
548,1169,Jimmy Carter,Walter Mondale
548,340,Jimmy Carter,Gerald Ford
548,1036,Jimmy Carter,Ronald Reagan
548,292,Jimmy Carter,Franklin D. Roosevelt
548,968,Jimmy Carter,Richard Nixon
548,549,Jimmy Carter,John F. Kennedy
548,963,Jimmy Carter,Robert Mugabe
548,89,Jimmy Carter,Augusto Pinochet
548,1235,Jimmy Carter,Đặng Tiểu Bình
548,758,Jimmy Carter,Menachem Begin
548,1210,Jimmy Carter,Zbigniew Brzezinski
548,228,Jimmy Carter,Dwight D. Eisenhower
548,478,Jimmy Carter,James R. Schlesinger
548,539,Jimmy Carter,John Adams
548,1083,Jimmy Carter,Thomas Jefferson
548,319,Jimmy Carter,George H. W. Bush
548,119,Jimmy Carter,Bill Clinton
548,288,Jimmy Carter,Fidel Castro
548,330,Jimmy Carter,George W. Bush
548,1080,Jimmy Carter,Theodore Roosevelt
548,1201,Jimmy Carter,Woodrow Wilson
548,156,Jimmy Carter,Barack Obama
548,353,Jimmy Carter,Gordon Brown
548,1230,Jimmy Carter,Đại học Harvard
548,565,Jimmy Carter,Joe Biden
548,315,Jimmy Carter,George McGovern
548,483,Jimmy Carter,James Madison
548,482,Jimmy Carter,James Monroe
548,562,Jimmy Carter,John Quincy Adams
548,1190,Jimmy Carter,William Henry Harrison
548,568,Jimmy Carter,John Tyler
548,473,Jimmy Carter,James K. Polk
548,286,Jimmy Carter,Franklin Pierce
548,469,Jimmy Carter,James Buchanan
548,1127,Jimmy Carter,Ulysses S. Grant
548,993,Jimmy Carter,Rutherford B. Hayes
548,470,Jimmy Carter,James A. Garfield
548,170,Jimmy Carter,Chester A. Arthur
548,108,Jimmy Carter,Benjamin Harrison
548,1206,Jimmy Carter,William McKinley
548,1189,Jimmy Carter,William Howard Taft
548,1170,Jimmy Carter,Warren G. Harding
548,143,Jimmy Carter,Calvin Coolidge
548,405,Jimmy Carter,Herbert Hoover
548,389,Jimmy Carter,Harry S. Truman
548,688,Jimmy Carter,Lyndon B. Johnson
548,298,Jimmy Carter,Donald Trump
548,142,Jimmy Carter,Brian Kemp
548,153,Jimmy Carter,Charles G. Dawes
548,321,Jimmy Carter,George Marshall
548,895,Jimmy Carter,Philip Noel-Baker
548,191,Jimmy Carter,Dag Hammarskjöld
548,408,Jimmy Carter,Henry Kissinger
548,1011,Jimmy Carter,Satō Eisaku
548,76,Jimmy Carter,Anwar Al-Sadad
548,1222,Jimmy Carter,Óscar Arias
548,803,Jimmy Carter,Mikhail Sergeyevich Gorbachyov
548,103,Jimmy Carter,Aung San Suu Kyi
548,837,Jimmy Carter,Nelson Mandela
548,1024,Jimmy Carter,Shimon Peres
548,631,Jimmy Carter,Kim Dae-jung
548,627,Jimmy Carter,Kofi Annan
548,786,Jimmy Carter,Mohamed ElBaradei
548,806,Jimmy Carter,Muhammad Yunus
548,742,Jimmy Carter,Martti Ahtisaari
548,243,Jimmy Carter,Ellen Johnson Sirleaf
548,716,Jimmy Carter,Malala Yousafzai
548,595,Jimmy Carter,Juan Manuel Santos
548,3,Jimmy Carter,Abiy Ahmed
548,738,Jimmy Carter,Maria Ressa
548,983,Jimmy Carter,Ruhollah Khomeini
548,198,Jimmy Carter,Corazon Aquino
548,824,Jimmy Carter,Newt Gingrich
548,515,Jimmy Carter,Jeff Bezos
549,228,John F. Kennedy,Dwight D. Eisenhower
549,688,John F. Kennedy,Lyndon B. Johnson
549,396,John F. Kennedy,Henry Cabot Lodge Jr.
549,1230,John F. Kennedy,Đại học Harvard
549,968,John F. Kennedy,Richard Nixon
549,288,John F. Kennedy,Fidel Castro
549,952,John F. Kennedy,Robert F. Kennedy
549,503,John F. Kennedy,Jean Kennedy Smith
549,1052,John F. Kennedy,Ted Kennedy
549,1228,John F. Kennedy,Đại học Stanford
549,576,John F. Kennedy,Joseph McCarthy
549,854,John F. Kennedy,Nikita Sergeyevich Khrushchyov
549,1036,John F. Kennedy,Ronald Reagan
549,207,John F. Kennedy,Dean Rusk
549,955,John F. Kennedy,Robert McNamara
549,230,John F. Kennedy,Earl Warren
549,539,John F. Kennedy,John Adams
549,1083,John F. Kennedy,Thomas Jefferson
549,483,John F. Kennedy,James Madison
549,482,John F. Kennedy,James Monroe
549,562,John F. Kennedy,John Quincy Adams
549,1190,John F. Kennedy,William Henry Harrison
549,568,John F. Kennedy,John Tyler
549,473,John F. Kennedy,James K. Polk
549,286,John F. Kennedy,Franklin Pierce
549,469,John F. Kennedy,James Buchanan
549,1127,John F. Kennedy,Ulysses S. Grant
549,993,John F. Kennedy,Rutherford B. Hayes
549,470,John F. Kennedy,James A. Garfield
549,170,John F. Kennedy,Chester A. Arthur
549,108,John F. Kennedy,Benjamin Harrison
549,1206,John F. Kennedy,William McKinley
549,1080,John F. Kennedy,Theodore Roosevelt
549,1189,John F. Kennedy,William Howard Taft
549,1201,John F. Kennedy,Woodrow Wilson
549,1170,John F. Kennedy,Warren G. Harding
549,143,John F. Kennedy,Calvin Coolidge
549,405,John F. Kennedy,Herbert Hoover
549,292,John F. Kennedy,Franklin D. Roosevelt
549,389,John F. Kennedy,Harry S. Truman
549,340,John F. Kennedy,Gerald Ford
549,548,John F. Kennedy,Jimmy Carter
549,319,John F. Kennedy,George H. W. Bush
549,119,John F. Kennedy,Bill Clinton
549,330,John F. Kennedy,George W. Bush
549,156,John F. Kennedy,Barack Obama
549,298,John F. Kennedy,Donald Trump
549,565,John F. Kennedy,Joe Biden
549,842,John F. Kennedy,Ngô Đình Diệm
549,835,John F. Kennedy,Ngô Đình Nhu
549,901,John F. Kennedy,Phêrô Máctinô Ngô Đình Thục
549,1102,John F. Kennedy,Trần Lệ Xuân
549,1149,John F. Kennedy,Vũ Văn Mẫu
549,229,John F. Kennedy,Dương Văn Minh
549,681,John F. Kennedy,Lê Văn Kim
549,825,John F. Kennedy,Nguyễn Hữu Có
549,827,John F. Kennedy,Nguyễn Khánh
549,856,John F. Kennedy,Nguyễn Văn Thiệu
549,1118,John F. Kennedy,Tôn Thất Đính
549,1114,John F. Kennedy,Trần Văn Đôn
549,201,John F. Kennedy,David Halberstam
550,1083,John Jay,Thomas Jefferson
550,483,John Jay,James Madison
550,539,John Jay,John Adams
551,295,John Hicks,Friedrich Hayek
551,1233,John Hicks,Đại học Oxford
551,883,John Hicks,Paul Samuelson
551,1021,John Hicks,Simon Kuznets
551,621,John Hicks,Kenneth Arrow
551,794,John Hicks,Milton Friedman
551,112,John Hicks,Bertil Ohlin
551,494,John Hicks,James Meade
551,1062,John Hicks,Theodore Schultz
551,655,John Hicks,Lawrence Klein
551,485,John Hicks,James Tobin
551,320,John Hicks,George Stigler
551,364,John Hicks,Gérard Debreu
551,939,John Hicks,Richard Stone
551,281,John Hicks,Franco Modigliani
551,479,John Hicks,James M. Buchanan
551,975,John Hicks,Robert Solow
551,749,John Hicks,Maurice Allais
551,1092,John Hicks,Trygve Haavelmo
551,383,John Hicks,Harry Markowitz
551,759,John Hicks,Merton Miller
551,977,John Hicks,Ronald Coase
551,326,John Hicks,Gary Becker
551,957,John Hicks,Robert Fogel
551,221,John Hicks,Douglass North
551,956,John Hicks,"Robert Lucas, Jr."
551,476,John Hicks,James Mirrlees
551,1191,John Hicks,William Vickrey
551,805,John Hicks,Myron Scholes
551,54,John Hicks,Amartya Sen
551,962,John Hicks,Robert Mundell
551,472,John Hicks,James Heckman
551,310,John Hicks,George Akerlof
551,760,John Hicks,Michael Spence
551,587,John Hicks,Joseph Stiglitz
551,954,John Hicks,Robert F. Engle
551,194,John Hicks,Clive Granger
551,273,John Hicks,Finn E. Kydland
551,882,John Hicks,Peter A. Diamond
551,172,John Hicks,Christopher A. Pissarides
551,1068,John Hicks,Thomas J. Sargent
551,174,John Hicks,Christopher A. Sims
551,507,John Hicks,Jean Tirole
551,101,John Hicks,Bengt Holmström
551,941,John Hicks,Richard Thaler
551,262,John Hicks,Esther Duflo
551,580,John Hicks,Joshua Angrist
551,209,John Hicks,David Card
552,812,John Kasich,Mike DeWine
552,565,John Kasich,Joe Biden
552,533,John Kasich,John Boehner
552,993,John Kasich,Rutherford B. Hayes
552,1206,John Kasich,William McKinley
552,123,John Kasich,Bob Taft
552,1170,John Kasich,Warren G. Harding
553,1230,John Hancock,Đại học Harvard
553,246,John Hancock,Elbridge Gerry
553,143,John Hancock,Calvin Coolidge
553,578,John Hancock,John Volpe
553,1195,John Hancock,William Weld
553,785,John Hancock,Mitt Romney
553,212,John Hancock,Deval Patrick
553,173,John Hancock,Charlie Baker
554,533,John Carney,John Boehner
554,875,John Carney,Paul Ryan
554,565,John Carney,Joe Biden
554,298,John Carney,Donald Trump
554,367,John Carney,Gretchen Whitmer
554,831,John Carney,Ned Lamont
554,505,John Carney,Janet Mills
554,173,John Carney,Charlie Baker
554,183,John Carney,Chris Sununu
554,913,John Carney,Phil Murphy
554,50,John Carney,Andrew Cuomo
554,1107,John Carney,Tom Wolf
554,202,John Carney,Daniel McKee
554,898,John Carney,Phil Scott
554,480,John Carney,J. B. Pritzker
554,258,John Carney,Eric Holcomb
554,636,John Carney,Kim Reynolds
554,673,John Carney,Laura Kelly
554,1089,John Carney,Tim Walz
554,903,John Carney,Pete Ricketts
554,220,John Carney,Doug Burgum
554,812,John Carney,Mike DeWine
554,642,John Carney,Kristi Noem
554,1091,John Carney,Tony Evers
554,614,John Carney,Kay Ivey
554,91,John Carney,Asa Hutchinson
554,979,John Carney,Ron DeSantis
554,142,John Carney,Brian Kemp
554,60,John Carney,Andy Beshear
554,536,John Carney,John Bel Edwards
554,650,John Carney,Larry Hogan
554,1061,John Carney,Tate Reeves
554,1008,John Carney,Roy Cooper
554,624,John Carney,Kevin Stitt
554,404,John Carney,Henry McMaster
554,124,John Carney,Bill Lee
554,365,John Carney,Greg Abbott
554,946,John Carney,Ralph Northam
554,534,John Carney,Jim Justice
554,779,John Carney,Mike Dunleavy
554,242,John Carney,Doug Ducey
554,331,John Carney,Gavin Newsom
554,502,John Carney,Jared Polis
554,208,John Carney,David Ige
554,140,John Carney,Brad Little
554,388,John Carney,Greg Gianforte
554,1060,John Carney,Steve Sisolak
554,787,John Carney,Michelle Lujan Grisham
554,612,John Carney,Kate Brown
554,1030,John Carney,Spencer Cox
554,506,John Carney,Jay Inslee
554,736,John Carney,Mark Gordon (chính trị gia)
554,540,John Carney,Jerome Adams
554,213,John Carney,Deborah Birx
554,86,John Carney,Anthony Fauci
554,139,John Carney,Brett Giroir
554,888,John Carney,Peter Navarro
554,773,John Carney,Mike Pence
554,976,John Carney,Robert R. Redfield
557,215,John Lipsky,Dominique Strauss-Kahn
557,1228,John Lipsky,Đại học Stanford
557,89,John Lipsky,Augusto Pinochet
558,1230,John Kenneth Galbraith,Đại học Harvard
558,587,John Kenneth Galbraith,Joseph Stiglitz
558,292,John Kenneth Galbraith,Franklin D. Roosevelt
558,688,John Kenneth Galbraith,Lyndon B. Johnson
559,377,John McEwen,Harold Holt
559,543,John McEwen,John Gorton
559,235,John McEwen,Edmund Barton
559,44,John McEwen,Alfred Deakin
559,318,John McEwen,George Reid (chính khách Úc)
559,52,John McEwen,Andrew Fisher
559,1032,John McEwen,Stanley Bruce
559,236,John McEwen,Earle Page
559,960,John McEwen,Robert Menzies
559,282,John McEwen,Frank Forde
559,1184,John McEwen,William McMahon
559,348,John McEwen,Gough Whitlam
559,714,John McEwen,Malcolm Fraser
559,120,John McEwen,Bob Hawke
559,547,John McEwen,John Howard
559,620,John McEwen,Kevin Rudd
559,597,John McEwen,Julia Gillard
559,1084,John McEwen,Tony Abbott
559,717,John McEwen,Malcolm Turnbull
559,1003,John McEwen,Scott Morrison
559,63,John McEwen,Anthony Albanese
560,330,John Roberts,George W. Bush
560,1230,John Roberts,Đại học Harvard
560,1036,John Roberts,Ronald Reagan
560,319,John Roberts,George H. W. Bush
560,533,John Roberts,John Boehner
560,548,John Roberts,Jimmy Carter
561,292,John Nance Garner,Franklin D. Roosevelt
561,409,John Nance Garner,Henry A. Wallace
562,538,John Quincy Adams,John C. Calhoun
562,482,John Quincy Adams,James Monroe
562,483,John Quincy Adams,James Madison
562,937,John Quincy Adams,Richard Rush
562,539,John Quincy Adams,John Adams
562,1083,John Quincy Adams,Thomas Jefferson
562,1230,John Quincy Adams,Đại học Harvard
563,156,John O. Brennan,Barack Obama
563,330,John O. Brennan,George W. Bush
563,210,John O. Brennan,David Petraeus
563,119,John O. Brennan,Bill Clinton
563,317,John O. Brennan,George Tenet
563,927,John O. Brennan,Rand Paul
563,350,John O. Brennan,Glenn Greenwald
564,298,John R. Bolton,Donald Trump
564,330,John R. Bolton,George W. Bush
564,319,John R. Bolton,George H. W. Bush
564,1036,John R. Bolton,Ronald Reagan
564,1232,John R. Bolton,Đại học Yale
564,785,John R. Bolton,Mitt Romney
564,1052,John R. Bolton,Ted Kennedy
565,94,Joe Biden,Beau Biden
565,628,Joe Biden,Kamala Harris
565,298,Joe Biden,Donald Trump
565,156,Joe Biden,Barack Obama
565,211,Joe Biden,Dick Cheney
565,773,Joe Biden,Mike Pence
565,528,Joe Biden,Jill Biden
565,425,Joe Biden,Hunter Biden
565,591,Joe Biden,John McCain
565,1010,Joe Biden,Sarah Palin
565,785,Joe Biden,Mitt Romney
565,875,Joe Biden,Paul Ryan
565,968,Joe Biden,Richard Nixon
565,422,Joe Biden,Hillary Clinton
565,499,Joe Biden,Jay Carney
565,782,Joe Biden,Mitch McConnell
565,886,Joe Biden,Pete Buttigieg
565,115,Joe Biden,Bernie Sanders
565,549,Joe Biden,John F. Kennedy
565,319,Joe Biden,George H. W. Bush
565,292,Joe Biden,Franklin D. Roosevelt
565,518,Joe Biden,Jens Stoltenberg
565,1036,Joe Biden,Ronald Reagan
565,80,Joe Biden,Ashraf Ghani
565,137,Joe Biden,Boris Johnson
565,74,Joe Biden,António Guterres
565,119,Joe Biden,Bill Clinton
565,63,Joe Biden,Anthony Albanese
565,465,Joe Biden,Jacinda Ardern
565,613,Joe Biden,Kevin McCarthy
565,1167,Joe Biden,Tập Cận Bình
565,533,Joe Biden,John Boehner
565,188,Joe Biden,Colin Powell
565,1099,Joe Biden,Tim Kaine
565,238,Joe Biden,Ed Rendell
565,414,Joe Biden,Howard Dean
565,538,Joe Biden,John C. Calhoun
565,938,Joe Biden,Richard Mentor Johnson
565,314,Joe Biden,George M. Dallas
565,286,Joe Biden,Franklin Pierce
565,1187,Joe Biden,William R. King
565,469,Joe Biden,James Buchanan
565,535,Joe Biden,John C. Breckinridge
565,1034,Joe Biden,Stephen A. Douglas
565,1066,Joe Biden,Thomas A. Hendricks
565,9,Joe Biden,Adlai Stevenson I
565,1201,Joe Biden,Woodrow Wilson
565,1072,Joe Biden,Thomas R. Marshall
565,561,Joe Biden,John Nance Garner
565,409,Joe Biden,Henry A. Wallace
565,389,Joe Biden,Harry S. Truman
565,24,Joe Biden,Alben W. Barkley
565,688,Joe Biden,Lyndon B. Johnson
565,419,Joe Biden,Hubert Humphrey
565,315,Joe Biden,George McGovern
565,548,Joe Biden,Jimmy Carter
565,1169,Joe Biden,Walter Mondale
565,1089,Joe Biden,Tim Walz
565,539,Joe Biden,John Adams
565,1083,Joe Biden,Thomas Jefferson
565,246,Joe Biden,Elbridge Gerry
565,192,Joe Biden,Daniel D. Tompkins
565,568,Joe Biden,John Tyler
565,1179,Joe Biden,William A. Wheeler
565,170,Joe Biden,Chester A. Arthur
565,302,Joe Biden,Garret Hobart
565,1080,Joe Biden,Theodore Roosevelt
565,160,Joe Biden,Charles W. Fairbanks
565,481,Joe Biden,James S. Sherman
565,143,Joe Biden,Calvin Coolidge
565,153,Joe Biden,Charles G. Dawes
565,340,Joe Biden,Gerald Ford
565,832,Joe Biden,Nelson Rockefeller
565,466,Joe Biden,JD Vance
565,483,Joe Biden,James Madison
565,482,Joe Biden,James Monroe
565,562,Joe Biden,John Quincy Adams
565,1190,Joe Biden,William Henry Harrison
565,473,Joe Biden,James K. Polk
565,1127,Joe Biden,Ulysses S. Grant
565,993,Joe Biden,Rutherford B. Hayes
565,470,Joe Biden,James A. Garfield
565,108,Joe Biden,Benjamin Harrison
565,1206,Joe Biden,William McKinley
565,1189,Joe Biden,William Howard Taft
565,1170,Joe Biden,Warren G. Harding
565,405,Joe Biden,Herbert Hoover
565,228,Joe Biden,Dwight D. Eisenhower
565,330,Joe Biden,George W. Bush
567,500,John Turner,Jean Chrétien
567,902,John Turner,Pierre Trudeau
567,131,John Turner,Brian Mulroney
567,531,John Turner,John Abbott
567,1171,John Turner,Wilfrid Laurier
567,1181,John Turner,William Lyon Mackenzie King
567,542,John Turner,John Diefenbaker
567,615,John Turner,Kim Campbell
567,879,John Turner,Paul Martin
568,1190,John Tyler,William Henry Harrison
568,473,John Tyler,James K. Polk
568,938,John Tyler,Richard Mentor Johnson
568,314,John Tyler,George M. Dallas
568,1187,John Tyler,William R. King
568,539,John Tyler,John Adams
568,1083,John Tyler,Thomas Jefferson
568,483,John Tyler,James Madison
568,482,John Tyler,James Monroe
568,562,John Tyler,John Quincy Adams
568,286,John Tyler,Franklin Pierce
568,469,John Tyler,James Buchanan
568,1127,John Tyler,Ulysses S. Grant
568,993,John Tyler,Rutherford B. Hayes
568,470,John Tyler,James A. Garfield
568,170,John Tyler,Chester A. Arthur
568,108,John Tyler,Benjamin Harrison
568,1206,John Tyler,William McKinley
568,1080,John Tyler,Theodore Roosevelt
568,1189,John Tyler,William Howard Taft
568,1201,John Tyler,Woodrow Wilson
568,1170,John Tyler,Warren G. Harding
568,143,John Tyler,Calvin Coolidge
568,405,John Tyler,Herbert Hoover
568,292,John Tyler,Franklin D. Roosevelt
568,389,John Tyler,Harry S. Truman
568,228,John Tyler,Dwight D. Eisenhower
568,549,John Tyler,John F. Kennedy
568,688,John Tyler,Lyndon B. Johnson
568,968,John Tyler,Richard Nixon
568,340,John Tyler,Gerald Ford
568,548,John Tyler,Jimmy Carter
568,1036,John Tyler,Ronald Reagan
568,319,John Tyler,George H. W. Bush
568,119,John Tyler,Bill Clinton
568,330,John Tyler,George W. Bush
568,156,John Tyler,Barack Obama
568,298,John Tyler,Donald Trump
568,565,John Tyler,Joe Biden
568,246,John Tyler,Elbridge Gerry
568,192,John Tyler,Daniel D. Tompkins
568,538,John Tyler,John C. Calhoun
568,535,John Tyler,John C. Breckinridge
568,1179,John Tyler,William A. Wheeler
568,1066,John Tyler,Thomas A. Hendricks
568,9,John Tyler,Adlai Stevenson I
568,302,John Tyler,Garret Hobart
568,160,John Tyler,Charles W. Fairbanks
568,481,John Tyler,James S. Sherman
568,1072,John Tyler,Thomas R. Marshall
568,153,John Tyler,Charles G. Dawes
568,561,John Tyler,John Nance Garner
568,409,John Tyler,Henry A. Wallace
568,24,John Tyler,Alben W. Barkley
568,419,John Tyler,Hubert Humphrey
568,832,John Tyler,Nelson Rockefeller
568,1169,John Tyler,Walter Mondale
568,211,John Tyler,Dick Cheney
568,773,John Tyler,Mike Pence
568,628,John Tyler,Kamala Harris
568,466,John Tyler,JD Vance
568,1099,John Tyler,Tim Kaine
568,946,John Tyler,Ralph Northam
569,1233,John Wilkins,Đại học Oxford
569,1234,John Wilkins,Đại học Cambridge
570,906,Joko Widodo,Prabowo Subianto
570,106,Joko Widodo,Basuki Tjahaja Purnama
570,710,Joko Widodo,Mahathir Mohamad
570,750,Joko Widodo,Megawati Sukarnoputri
570,63,Joko Widodo,Anthony Albanese
570,1167,Joko Widodo,Tập Cận Bình
570,713,Joko Widodo,Lại Thanh Đức
570,699,Joko Widodo,Lý Gia Siêu
570,1057,Joko Widodo,Takaichi Sanae
570,661,Joko Widodo,Lee Jae-myung
570,186,Joko Widodo,Claudia Sheinbaum
570,184,Joko Widodo,Christopher Luxon
570,475,Joko Widodo,James Marape
570,589,Joko Widodo,José Jerí
570,122,Joko Widodo,Bongbong Marcos
570,423,Joko Widodo,Hoàng Tuần Tài
570,84,Joko Widodo,Anutin Charnvirakul
570,298,Joko Widodo,Donald Trump
570,722,Joko Widodo,Lương Cường
570,504,Joko Widodo,Javier Milei
570,159,Joko Widodo,Charles Michel
570,267,Joko Widodo,Emmanuel Macron
570,284,Joko Widodo,Frank-Walter Steinmeier
570,223,Joko Widodo,Droupadi Murmu
570,1012,Joko Widodo,Sergio Mattarella
570,56,Joko Widodo,Andrés Manuel López Obrador
570,197,Joko Widodo,Cyril Ramaphosa
570,1216,Joko Widodo,Yoon Suk-yeol
570,928,Joko Widodo,Recep Tayyip Erdoğan
571,628,Jon Ossoff,Kamala Harris
572,289,Jonathan Dayton,Frederick Muhlenberg
572,473,Jonathan Dayton,James K. Polk
572,561,Jonathan Dayton,John Nance Garner
572,824,Jonathan Dayton,Newt Gingrich
572,817,Jonathan Dayton,Nancy Pelosi
572,533,Jonathan Dayton,John Boehner
572,875,Jonathan Dayton,Paul Ryan
572,613,Jonathan Dayton,Kevin McCarthy
572,771,Jonathan Dayton,Mike Johnson
573,339,Joseph Boakai,George Weah
573,243,Joseph Boakai,Ellen Johnson Sirleaf
574,252,Joseph Estrada,Emilio Aguinaldo
574,721,Joseph Estrada,Manuel L. Quezon
574,1006,Joseph Estrada,Sergio Osmeña
574,718,Joseph Estrada,Manuel Roxas
574,588,Joseph Estrada,José P. Laurel
574,244,Joseph Estrada,Elpidio Quirino
574,932,Joseph Estrada,Ramon Magsaysay
574,150,Joseph Estrada,Carlos Polistico García
574,214,Joseph Estrada,Diosdado Macapagal
574,271,Joseph Estrada,Ferdinand Marcos
574,198,Joseph Estrada,Corazon Aquino
574,277,Joseph Estrada,Fidel Ramos
574,349,Joseph Estrada,Gloria Macapagal Arroyo
574,104,Joseph Estrada,Benigno Aquino III
574,966,Joseph Estrada,Rodrigo Duterte
575,1056,Joseph Kabila,Thabo Mbeki
575,330,Joseph Kabila,George W. Bush
576,389,Joseph McCarthy,Harry S. Truman
577,1230,Joseph Schumpeter,Đại học Harvard
577,621,Joseph Schumpeter,Kenneth Arrow
577,977,Joseph Schumpeter,Ronald Coase
577,975,Joseph Schumpeter,Robert Solow
577,273,Joseph Schumpeter,Finn E. Kydland
577,292,Joseph Schumpeter,Franklin D. Roosevelt
578,968,John Volpe,Richard Nixon
578,340,John Volpe,Gerald Ford
578,548,John Volpe,Jimmy Carter
578,228,John Volpe,Dwight D. Eisenhower
578,549,John Volpe,John F. Kennedy
578,553,John Volpe,John Hancock
578,246,John Volpe,Elbridge Gerry
578,143,John Volpe,Calvin Coolidge
578,1195,John Volpe,William Weld
578,785,John Volpe,Mitt Romney
578,212,John Volpe,Deval Patrick
578,173,John Volpe,Charlie Baker
579,1063,José Echegaray,Theodor Mommsen
579,394,José Echegaray,Henri Bergson
579,1073,José Echegaray,Thomas Mann
579,682,José Echegaray,Luigi Pirandello
579,970,José Echegaray,Roger Martin du Gard
579,1047,José Echegaray,T. S. Eliot
579,1183,José Echegaray,William Faulkner
579,1223,José Echegaray,Winston Churchill
579,453,José Echegaray,Ivo Andrić
579,768,José Echegaray,Miguel Ángel Asturias
579,392,José Echegaray,Heinrich Böll
579,853,José Echegaray,Odysseas Elytis
579,247,José Echegaray,Elias Canetti
579,307,José Echegaray,Gabriel García Márquez
579,1182,José Echegaray,William Golding
579,146,José Echegaray,Camilo José Cela
579,147,José Echegaray,Cao Hành Kiện
579,610,José Echegaray,Kazuo Ishiguro
580,1150,Joshua Angrist,Viện Công nghệ Massachusetts
580,209,Joshua Angrist,David Card
580,883,Joshua Angrist,Paul Samuelson
580,1021,Joshua Angrist,Simon Kuznets
580,551,Joshua Angrist,John Hicks
580,621,Joshua Angrist,Kenneth Arrow
580,295,Joshua Angrist,Friedrich Hayek
580,794,Joshua Angrist,Milton Friedman
580,112,Joshua Angrist,Bertil Ohlin
580,494,Joshua Angrist,James Meade
580,1062,Joshua Angrist,Theodore Schultz
580,655,Joshua Angrist,Lawrence Klein
580,485,Joshua Angrist,James Tobin
580,320,Joshua Angrist,George Stigler
580,364,Joshua Angrist,Gérard Debreu
580,939,Joshua Angrist,Richard Stone
580,281,Joshua Angrist,Franco Modigliani
580,479,Joshua Angrist,James M. Buchanan
580,975,Joshua Angrist,Robert Solow
580,749,Joshua Angrist,Maurice Allais
580,1092,Joshua Angrist,Trygve Haavelmo
580,383,Joshua Angrist,Harry Markowitz
580,759,Joshua Angrist,Merton Miller
580,977,Joshua Angrist,Ronald Coase
580,326,Joshua Angrist,Gary Becker
580,957,Joshua Angrist,Robert Fogel
580,221,Joshua Angrist,Douglass North
580,956,Joshua Angrist,"Robert Lucas, Jr."
580,476,Joshua Angrist,James Mirrlees
580,1191,Joshua Angrist,William Vickrey
580,805,Joshua Angrist,Myron Scholes
580,54,Joshua Angrist,Amartya Sen
580,962,Joshua Angrist,Robert Mundell
580,472,Joshua Angrist,James Heckman
580,310,Joshua Angrist,George Akerlof
580,760,Joshua Angrist,Michael Spence
580,587,Joshua Angrist,Joseph Stiglitz
580,954,Joshua Angrist,Robert F. Engle
580,194,Joshua Angrist,Clive Granger
580,273,Joshua Angrist,Finn E. Kydland
580,882,Joshua Angrist,Peter A. Diamond
580,172,Joshua Angrist,Christopher A. Pissarides
580,1068,Joshua Angrist,Thomas J. Sargent
580,174,Joshua Angrist,Christopher A. Sims
580,507,Joshua Angrist,Jean Tirole
580,101,Joshua Angrist,Bengt Holmström
580,941,Joshua Angrist,Richard Thaler
580,262,Joshua Angrist,Esther Duflo
581,1173,Josef Mengele,Wilhelm Frick
581,585,Josef Mengele,Joseph Goebbels
581,981,Josef Mengele,Rudolf Hess
581,412,Josef Mengele,Heinrich Himmler
581,261,Josef Mengele,Ernst Kaltenbrunner
581,41,Josef Mengele,Alfred Rosenberg
581,31,Josef Mengele,Albert Speer
582,1107,Josh Shapiro,Tom Wolf
582,628,Josh Shapiro,Kamala Harris
582,1089,Josh Shapiro,Tim Walz
582,771,Josh Shapiro,Mike Johnson
582,554,Josh Shapiro,John Carney
582,913,Josh Shapiro,Phil Murphy
582,238,Josh Shapiro,Ed Rendell
583,1193,John Stuart Mill,William Wordsworth
583,794,John Stuart Mill,Milton Friedman
583,1233,John Stuart Mill,Đại học Oxford
583,1234,John Stuart Mill,Đại học Cambridge
583,1083,John Stuart Mill,Thomas Jefferson
583,341,John Stuart Mill,Giuseppe Mazzini
583,1171,John Stuart Mill,Wilfrid Laurier
583,292,John Stuart Mill,Franklin D. Roosevelt
583,1154,John Stuart Mill,Václav Havel
583,295,John Stuart Mill,Friedrich Hayek
583,621,John Stuart Mill,Kenneth Arrow
583,883,John Stuart Mill,Paul Samuelson
583,1021,John Stuart Mill,Simon Kuznets
583,577,John Stuart Mill,Joseph Schumpeter
583,54,John Stuart Mill,Amartya Sen
583,975,John Stuart Mill,Robert Solow
583,587,John Stuart Mill,Joseph Stiglitz
584,974,José Manuel Barroso,Romano Prodi
584,517,José Manuel Barroso,Jean-Claude Juncker
584,74,José Manuel Barroso,António Guterres
584,1130,José Manuel Barroso,Ursula von der Leyen
585,679,Joseph Goebbels,Lutz Graf Schwerin von Krosigk
585,412,Joseph Goebbels,Heinrich Himmler
585,261,Joseph Goebbels,Ernst Kaltenbrunner
585,1073,Joseph Goebbels,Thomas Mann
585,399,Joseph Goebbels,Helen Keller
585,1223,Joseph Goebbels,Winston Churchill
585,66,Joseph Goebbels,Antony Beevor
585,866,Joseph Goebbels,Otto von Bismarck
585,634,Joseph Goebbels,Konrad Adenauer
585,671,Joseph Goebbels,Ludwig Erhard
585,398,Joseph Goebbels,Helmut Schmidt
585,406,Joseph Goebbels,Helmut Kohl
585,68,Joseph Goebbels,Angela Merkel
585,862,Joseph Goebbels,Olaf Scholz
585,1173,Joseph Goebbels,Wilhelm Frick
585,981,Joseph Goebbels,Rudolf Hess
585,581,Joseph Goebbels,Josef Mengele
585,41,Joseph Goebbels,Alfred Rosenberg
585,31,Joseph Goebbels,Albert Speer
586,953,Joseph Muscat,Robert Abela
586,1065,Joseph Muscat,Theresa May
587,975,Joseph Stiglitz,Robert Solow
587,476,Joseph Stiglitz,James Mirrlees
587,54,Joseph Stiglitz,Amartya Sen
587,491,Joseph Stiglitz,Janet Yellen
587,883,Joseph Stiglitz,Paul Samuelson
587,794,Joseph Stiglitz,Milton Friedman
587,485,Joseph Stiglitz,James Tobin
587,621,Joseph Stiglitz,Kenneth Arrow
587,655,Joseph Stiglitz,Lawrence Klein
587,326,Joseph Stiglitz,Gary Becker
587,760,Joseph Stiglitz,Michael Spence
587,472,Joseph Stiglitz,James Heckman
587,653,Joseph Stiglitz,Lawrence Summers
587,209,Joseph Stiglitz,David Card
587,196,Joseph Stiglitz,Daron Acemoğlu
587,262,Joseph Stiglitz,Esther Duflo
587,1021,Joseph Stiglitz,Simon Kuznets
587,551,Joseph Stiglitz,John Hicks
587,295,Joseph Stiglitz,Friedrich Hayek
587,112,Joseph Stiglitz,Bertil Ohlin
587,494,Joseph Stiglitz,James Meade
587,1062,Joseph Stiglitz,Theodore Schultz
587,320,Joseph Stiglitz,George Stigler
587,364,Joseph Stiglitz,Gérard Debreu
587,939,Joseph Stiglitz,Richard Stone
587,281,Joseph Stiglitz,Franco Modigliani
587,479,Joseph Stiglitz,James M. Buchanan
587,749,Joseph Stiglitz,Maurice Allais
587,1092,Joseph Stiglitz,Trygve Haavelmo
587,383,Joseph Stiglitz,Harry Markowitz
587,759,Joseph Stiglitz,Merton Miller
587,977,Joseph Stiglitz,Ronald Coase
587,957,Joseph Stiglitz,Robert Fogel
587,221,Joseph Stiglitz,Douglass North
587,956,Joseph Stiglitz,"Robert Lucas, Jr."
587,1191,Joseph Stiglitz,William Vickrey
587,805,Joseph Stiglitz,Myron Scholes
587,962,Joseph Stiglitz,Robert Mundell
587,310,Joseph Stiglitz,George Akerlof
587,954,Joseph Stiglitz,Robert F. Engle
587,194,Joseph Stiglitz,Clive Granger
587,273,Joseph Stiglitz,Finn E. Kydland
587,882,Joseph Stiglitz,Peter A. Diamond
587,172,Joseph Stiglitz,Christopher A. Pissarides
587,1068,Joseph Stiglitz,Thomas J. Sargent
587,174,Joseph Stiglitz,Christopher A. Sims
587,507,Joseph Stiglitz,Jean Tirole
587,101,Joseph Stiglitz,Bengt Holmström
587,941,Joseph Stiglitz,Richard Thaler
587,580,Joseph Stiglitz,Joshua Angrist
588,721,José P. Laurel,Manuel L. Quezon
588,1006,José P. Laurel,Sergio Osmeña
588,214,José P. Laurel,Diosdado Macapagal
588,1232,José P. Laurel,Đại học Yale
588,252,José P. Laurel,Emilio Aguinaldo
588,718,José P. Laurel,Manuel Roxas
588,244,José P. Laurel,Elpidio Quirino
588,932,José P. Laurel,Ramon Magsaysay
588,150,José P. Laurel,Carlos Polistico García
588,271,José P. Laurel,Ferdinand Marcos
588,198,José P. Laurel,Corazon Aquino
588,277,José P. Laurel,Fidel Ramos
588,574,José P. Laurel,Joseph Estrada
588,349,José P. Laurel,Gloria Macapagal Arroyo
588,104,José P. Laurel,Benigno Aquino III
588,966,José P. Laurel,Rodrigo Duterte
589,22,José Jerí,Alan García
589,36,José Jerí,Alberto Fujimori
589,863,José Jerí,Ollanta Humala
589,63,José Jerí,Anthony Albanese
589,1167,José Jerí,Tập Cận Bình
589,713,José Jerí,Lại Thanh Đức
589,699,José Jerí,Lý Gia Siêu
589,906,José Jerí,Prabowo Subianto
589,1057,José Jerí,Takaichi Sanae
589,661,José Jerí,Lee Jae-myung
589,186,José Jerí,Claudia Sheinbaum
589,184,José Jerí,Christopher Luxon
589,475,José Jerí,James Marape
589,122,José Jerí,Bongbong Marcos
589,423,José Jerí,Hoàng Tuần Tài
589,84,José Jerí,Anutin Charnvirakul
589,298,José Jerí,Donald Trump
589,722,José Jerí,Lương Cường
589,1,José Jerí,Abdoulkader Kamil Mohamed
589,801,José Jerí,Mostafa Madbouly
589,3,José Jerí,Abiy Ahmed
589,197,José Jerí,Cyril Ramaphosa
589,269,José Jerí,Faure Gnassingbé
589,806,José Jerí,Muhammad Yunus
589,686,José Jerí,Lý Cường
589,816,José Jerí,Narendra Modi
589,748,José Jerí,Masoud Pezeshkian
589,790,José Jerí,Mohammed Shia' Al Sudani
589,133,José Jerí,Benjamin Netanyahu
589,784,José Jerí,Min Aung Hlaing
589,1014,José Jerí,Shehbaz Sharif
589,791,José Jerí,Mohammed bin Salman
589,922,José Jerí,Phạm Minh Chính
589,164,José Jerí,Christian Stocker
589,890,José Jerí,Petr Fiala
589,757,José Jerí,Mette Frederiksen
589,301,José Jerí,Friedrich Merz
589,648,José Jerí,Kyriakos Mitsotakis
589,859,José Jerí,Orbán Viktor
589,766,José Jerí,Micheál Martin
589,264,José Jerí,Evika Siliņa
589,953,José Jerí,Robert Abela
589,219,José Jerí,Donald Tusk
589,961,José Jerí,Robert Fico
589,887,José Jerí,Pedro Sánchez
589,1121,José Jerí,Ulf Kristersson
589,928,José Jerí,Recep Tayyip Erdoğan
589,618,José Jerí,Keir Starmer
589,379,José Jerí,Giáo hoàng Lêô XIV
589,504,José Jerí,Javier Milei
589,678,José Jerí,Luis Arce
591,330,John McCain,George W. Bush
591,156,John McCain,Barack Obama
591,968,John McCain,Richard Nixon
591,1036,John McCain,Ronald Reagan
591,319,John McCain,George H. W. Bush
591,119,John McCain,Bill Clinton
591,552,John McCain,John Kasich
591,216,John McCain,Donald Rumsfeld
591,315,John McCain,George McGovern
591,560,John McCain,John Roberts
591,1052,John McCain,Ted Kennedy
591,210,John McCain,David Petraeus
591,785,John McCain,Mitt Romney
591,978,John McCain,Rudy Giuliani
591,1010,John McCain,Sarah Palin
591,489,John McCain,Janet Reno
591,228,John McCain,Dwight D. Eisenhower
593,1122,Juho Kusti Paasikivi,Urho Kekkonen
593,885,Juho Kusti Paasikivi,Pehr Evind Svinhufvud
593,742,Juho Kusti Paasikivi,Martti Ahtisaari
593,1051,Juho Kusti Paasikivi,Tarja Halonen
593,999,Juho Kusti Paasikivi,Sauli Niinistö
593,918,Juho Kusti Paasikivi,Rafael Erich
593,69,Juho Kusti Paasikivi,Antti Tulenheimo
593,527,Juho Kusti Paasikivi,Johan Wilhelm Rangell
593,233,Juho Kusti Paasikivi,Edwin Linkomies
593,1054,Juho Kusti Paasikivi,Teuvo Aura
593,608,Juho Kusti Paasikivi,Keijo Liinamaa
593,382,Juho Kusti Paasikivi,Harri Holkeri
593,865,Juho Kusti Paasikivi,Paavo Lipponen
593,59,Juho Kusti Paasikivi,Anneli Jäätteenmäki
593,744,Juho Kusti Paasikivi,Matti Vanhanen
593,725,Juho Kusti Paasikivi,Mari Kiviniemi
593,594,Juho Kusti Paasikivi,Jyrki Katainen
593,35,Juho Kusti Paasikivi,Alexander Stubb
593,599,Juho Kusti Paasikivi,Juha Sipilä
593,1004,Juho Kusti Paasikivi,Sanna Marin
594,517,Jyrki Katainen,Jean-Claude Juncker
594,584,Jyrki Katainen,José Manuel Barroso
594,1133,Jyrki Katainen,Valdis Dombrovskis
594,1051,Jyrki Katainen,Tarja Halonen
594,999,Jyrki Katainen,Sauli Niinistö
594,725,Jyrki Katainen,Mari Kiviniemi
594,35,Jyrki Katainen,Alexander Stubb
594,744,Jyrki Katainen,Matti Vanhanen
594,918,Jyrki Katainen,Rafael Erich
594,69,Jyrki Katainen,Antti Tulenheimo
594,885,Jyrki Katainen,Pehr Evind Svinhufvud
594,527,Jyrki Katainen,Johan Wilhelm Rangell
594,233,Jyrki Katainen,Edwin Linkomies
594,593,Jyrki Katainen,Juho Kusti Paasikivi
594,1122,Jyrki Katainen,Urho Kekkonen
594,1054,Jyrki Katainen,Teuvo Aura
594,608,Jyrki Katainen,Keijo Liinamaa
594,382,Jyrki Katainen,Harri Holkeri
594,865,Jyrki Katainen,Paavo Lipponen
594,59,Jyrki Katainen,Anneli Jäätteenmäki
594,599,Jyrki Katainen,Juha Sipilä
594,1004,Jyrki Katainen,Sanna Marin
595,1213,Juan Manuel Santos,Álvaro Uribe
595,454,Juan Manuel Santos,Iván Duque Márquez
595,1230,Juan Manuel Santos,Đại học Harvard
595,68,Juan Manuel Santos,Angela Merkel
595,1080,Juan Manuel Santos,Theodore Roosevelt
595,1201,Juan Manuel Santos,Woodrow Wilson
595,153,Juan Manuel Santos,Charles G. Dawes
595,321,Juan Manuel Santos,George Marshall
595,895,Juan Manuel Santos,Philip Noel-Baker
595,191,Juan Manuel Santos,Dag Hammarskjöld
595,408,Juan Manuel Santos,Henry Kissinger
595,1011,Juan Manuel Santos,Satō Eisaku
595,76,Juan Manuel Santos,Anwar Al-Sadad
595,758,Juan Manuel Santos,Menachem Begin
595,1222,Juan Manuel Santos,Óscar Arias
595,803,Juan Manuel Santos,Mikhail Sergeyevich Gorbachyov
595,103,Juan Manuel Santos,Aung San Suu Kyi
595,837,Juan Manuel Santos,Nelson Mandela
595,1024,Juan Manuel Santos,Shimon Peres
595,631,Juan Manuel Santos,Kim Dae-jung
595,627,Juan Manuel Santos,Kofi Annan
595,548,Juan Manuel Santos,Jimmy Carter
595,786,Juan Manuel Santos,Mohamed ElBaradei
595,806,Juan Manuel Santos,Muhammad Yunus
595,742,Juan Manuel Santos,Martti Ahtisaari
595,156,Juan Manuel Santos,Barack Obama
595,243,Juan Manuel Santos,Ellen Johnson Sirleaf
595,716,Juan Manuel Santos,Malala Yousafzai
595,3,Juan Manuel Santos,Abiy Ahmed
595,738,Juan Manuel Santos,Maria Ressa
596,428,K. R. Narayanan,I. K. Gujral
596,82,K. R. Narayanan,Atal Bihari Vajpayee
596,1013,K. R. Narayanan,Shankar Dayal Sharma
596,6,K. R. Narayanan,A. P. J. Abdul Kalam
596,861,K. R. Narayanan,P. V. Narasimha Rao
596,497,K. R. Narayanan,Jawaharlal Nehru
596,448,K. R. Narayanan,Indira Gandhi
596,923,K. R. Narayanan,Rajiv Gandhi
596,925,K. R. Narayanan,Rajendra Prasad
596,998,K. R. Narayanan,Sarvepalli Radhakrishnan
596,1218,K. R. Narayanan,Zakir Husain (chính trị gia)
596,1129,K. R. Narayanan,V. V. Giri
596,789,K. R. Narayanan,Mohammad Hidayatullah
596,266,K. R. Narayanan,Fakhruddin Ali Ahmed
596,93,K. R. Narayanan,B. D. Jatti
596,818,K. R. Narayanan,Neelam Sanjiva Reddy
596,1209,K. R. Narayanan,Zail Singh
596,917,K. R. Narayanan,R. Venkataraman
596,908,K. R. Narayanan,Pratibha Patil
596,909,K. R. Narayanan,Pranab Mukherjee
596,926,K. R. Narayanan,Ram Nath Kovind
596,223,K. R. Narayanan,Droupadi Murmu
597,620,Julia Gillard,Kevin Rudd
597,235,Julia Gillard,Edmund Barton
597,44,Julia Gillard,Alfred Deakin
597,318,Julia Gillard,George Reid (chính khách Úc)
597,52,Julia Gillard,Andrew Fisher
597,1032,Julia Gillard,Stanley Bruce
597,236,Julia Gillard,Earle Page
597,960,Julia Gillard,Robert Menzies
597,282,Julia Gillard,Frank Forde
597,377,Julia Gillard,Harold Holt
597,559,Julia Gillard,John McEwen
597,543,Julia Gillard,John Gorton
597,1184,Julia Gillard,William McMahon
597,348,Julia Gillard,Gough Whitlam
597,714,Julia Gillard,Malcolm Fraser
597,120,Julia Gillard,Bob Hawke
597,547,Julia Gillard,John Howard
597,1084,Julia Gillard,Tony Abbott
597,717,Julia Gillard,Malcolm Turnbull
597,1003,Julia Gillard,Scott Morrison
597,63,Julia Gillard,Anthony Albanese
598,49,Kaja Kallas,Andrus Ansip
598,159,Kaja Kallas,Charles Michel
598,603,Kaja Kallas,Karl Nehammer
598,48,Kaja Kallas,Andrej Babiš
598,757,Kaja Kallas,Mette Frederiksen
598,1004,Kaja Kallas,Sanna Marin
598,267,Kaja Kallas,Emmanuel Macron
598,862,Kaja Kallas,Olaf Scholz
598,648,Kaja Kallas,Kyriakos Mitsotakis
598,766,Kaja Kallas,Micheál Martin
598,264,Kaja Kallas,Evika Siliņa
598,338,Kaja Kallas,Gitanas Nausėda
598,1199,Kaja Kallas,Xavier Bettel
598,953,Kaja Kallas,Robert Abela
598,741,Kaja Kallas,Mark Rutte
598,219,Kaja Kallas,Donald Tusk
598,72,Kaja Kallas,António Costa
598,626,Kaja Kallas,Klaus Iohannis
598,496,Kaja Kallas,Janez Janša
598,887,Kaja Kallas,Pedro Sánchez
598,708,Kaja Kallas,Magdalena Andersson
599,999,Juha Sipilä,Sauli Niinistö
599,35,Juha Sipilä,Alexander Stubb
599,918,Juha Sipilä,Rafael Erich
599,69,Juha Sipilä,Antti Tulenheimo
599,885,Juha Sipilä,Pehr Evind Svinhufvud
599,527,Juha Sipilä,Johan Wilhelm Rangell
599,233,Juha Sipilä,Edwin Linkomies
599,593,Juha Sipilä,Juho Kusti Paasikivi
599,1122,Juha Sipilä,Urho Kekkonen
599,1054,Juha Sipilä,Teuvo Aura
599,608,Juha Sipilä,Keijo Liinamaa
599,382,Juha Sipilä,Harri Holkeri
599,865,Juha Sipilä,Paavo Lipponen
599,59,Juha Sipilä,Anneli Jäätteenmäki
599,744,Juha Sipilä,Matti Vanhanen
599,725,Juha Sipilä,Mari Kiviniemi
599,594,Juha Sipilä,Jyrki Katainen
599,1004,Juha Sipilä,Sanna Marin
600,914,Karolos Papoulias,Prokopis Pavlopoulos
601,390,Kan Naoto,Hatoyama Yukio
601,156,Kan Naoto,Barack Obama
601,720,Kan Naoto,Manmohan Singh
601,841,Kan Naoto,Noda Yoshihiko
601,386,Kan Naoto,Hayashi Yoshimasa
601,638,Kan Naoto,Koizumi Junichirō
601,462,Kan Naoto,Itō Hirobumi
601,991,Kan Naoto,Saionji Kinmochi
601,375,Kan Naoto,Hara Takashi
601,611,Kan Naoto,Katō Tomosaburō
601,609,Kan Naoto,Katō Takaaki
601,1163,Kan Naoto,Wakatsuki Reijirō
601,1050,Kan Naoto,Tanaka Giichi
601,441,Kan Naoto,Inukai Tsuyoshi
601,992,Kan Naoto,Saitō Makoto
601,352,Kan Naoto,Gotō Fumio
601,410,Kan Naoto,Hiranuma Kiichirō
601,4,Kan Naoto,Abe Nobuyuki
601,447,Kan Naoto,Itō Masayoshi
601,796,Kan Naoto,Mori Yoshirō
601,19,Kan Naoto,Abe Shinzō
601,303,Kan Naoto,Fukuda Yasuo
601,90,Kan Naoto,Asō Tarō
601,1058,Kan Naoto,Suga Yoshihide
601,639,Kan Naoto,Kishida Fumio
601,459,Kan Naoto,Ishiba Shigeru
601,1057,Kan Naoto,Takaichi Sanae
602,773,Karen Pence,Mike Pence
602,528,Karen Pence,Jill Biden
602,225,Karen Pence,Doug Emhoff
603,38,Karl Nehammer,Alexander Van der Bellen
603,33,Karl Nehammer,Alexander Schallenberg
603,164,Karl Nehammer,Christian Stocker
603,1007,Karl Nehammer,Sebastian Kurz
603,1176,Karl Nehammer,Werner Faymann
603,168,Karl Nehammer,Christian Kern
603,387,Karl Nehammer,Hartwig Löger
603,130,Karl Nehammer,Brigitte Bierlein
603,159,Karl Nehammer,Charles Michel
603,48,Karl Nehammer,Andrej Babiš
603,757,Karl Nehammer,Mette Frederiksen
603,598,Karl Nehammer,Kaja Kallas
603,1004,Karl Nehammer,Sanna Marin
603,267,Karl Nehammer,Emmanuel Macron
603,862,Karl Nehammer,Olaf Scholz
603,648,Karl Nehammer,Kyriakos Mitsotakis
603,766,Karl Nehammer,Micheál Martin
603,264,Karl Nehammer,Evika Siliņa
603,338,Karl Nehammer,Gitanas Nausėda
603,1199,Karl Nehammer,Xavier Bettel
603,953,Karl Nehammer,Robert Abela
603,741,Karl Nehammer,Mark Rutte
603,219,Karl Nehammer,Donald Tusk
603,72,Karl Nehammer,António Costa
603,626,Karl Nehammer,Klaus Iohannis
603,496,Karl Nehammer,Janez Janša
603,887,Karl Nehammer,Pedro Sánchez
603,708,Karl Nehammer,Magdalena Andersson
605,943,Karl Böhm,Richard Wagner
605,25,Karl Böhm,Alban Berg
606,780,Kaifu Toshiki,Miyazawa Kiichi
606,306,Kaifu Toshiki,Fukuda Takeo
606,781,Kaifu Toshiki,Miki Takeo
606,319,Kaifu Toshiki,George H. W. Bush
606,462,Kaifu Toshiki,Itō Hirobumi
606,991,Kaifu Toshiki,Saionji Kinmochi
606,375,Kaifu Toshiki,Hara Takashi
606,611,Kaifu Toshiki,Katō Tomosaburō
606,609,Kaifu Toshiki,Katō Takaaki
606,1163,Kaifu Toshiki,Wakatsuki Reijirō
606,1050,Kaifu Toshiki,Tanaka Giichi
606,441,Kaifu Toshiki,Inukai Tsuyoshi
606,992,Kaifu Toshiki,Saitō Makoto
606,352,Kaifu Toshiki,Gotō Fumio
606,410,Kaifu Toshiki,Hiranuma Kiichirō
606,4,Kaifu Toshiki,Abe Nobuyuki
606,447,Kaifu Toshiki,Itō Masayoshi
606,796,Kaifu Toshiki,Mori Yoshirō
606,19,Kaifu Toshiki,Abe Shinzō
606,303,Kaifu Toshiki,Fukuda Yasuo
606,90,Kaifu Toshiki,Asō Tarō
606,390,Kaifu Toshiki,Hatoyama Yukio
606,601,Kaifu Toshiki,Kan Naoto
606,841,Kaifu Toshiki,Noda Yoshihiko
606,1058,Kaifu Toshiki,Suga Yoshihide
606,639,Kaifu Toshiki,Kishida Fumio
606,459,Kaifu Toshiki,Ishiba Shigeru
606,1057,Kaifu Toshiki,Takaichi Sanae
608,1122,Keijo Liinamaa,Urho Kekkonen
608,918,Keijo Liinamaa,Rafael Erich
608,69,Keijo Liinamaa,Antti Tulenheimo
608,885,Keijo Liinamaa,Pehr Evind Svinhufvud
608,527,Keijo Liinamaa,Johan Wilhelm Rangell
608,233,Keijo Liinamaa,Edwin Linkomies
608,593,Keijo Liinamaa,Juho Kusti Paasikivi
608,1054,Keijo Liinamaa,Teuvo Aura
608,382,Keijo Liinamaa,Harri Holkeri
608,865,Keijo Liinamaa,Paavo Lipponen
608,59,Keijo Liinamaa,Anneli Jäätteenmäki
608,744,Keijo Liinamaa,Matti Vanhanen
608,725,Keijo Liinamaa,Mari Kiviniemi
608,594,Keijo Liinamaa,Jyrki Katainen
608,35,Keijo Liinamaa,Alexander Stubb
608,599,Keijo Liinamaa,Juha Sipilä
608,1004,Keijo Liinamaa,Sanna Marin
609,1163,Katō Takaaki,Wakatsuki Reijirō
609,462,Katō Takaaki,Itō Hirobumi
609,991,Katō Takaaki,Saionji Kinmochi
609,375,Katō Takaaki,Hara Takashi
609,611,Katō Takaaki,Katō Tomosaburō
609,1050,Katō Takaaki,Tanaka Giichi
609,441,Katō Takaaki,Inukai Tsuyoshi
609,992,Katō Takaaki,Saitō Makoto
609,352,Katō Takaaki,Gotō Fumio
609,410,Katō Takaaki,Hiranuma Kiichirō
609,4,Katō Takaaki,Abe Nobuyuki
609,447,Katō Takaaki,Itō Masayoshi
609,796,Katō Takaaki,Mori Yoshirō
609,19,Katō Takaaki,Abe Shinzō
609,303,Katō Takaaki,Fukuda Yasuo
609,90,Katō Takaaki,Asō Tarō
609,390,Katō Takaaki,Hatoyama Yukio
609,601,Katō Takaaki,Kan Naoto
609,841,Katō Takaaki,Noda Yoshihiko
609,1058,Katō Takaaki,Suga Yoshihide
609,639,Katō Takaaki,Kishida Fumio
609,459,Katō Takaaki,Ishiba Shigeru
609,1057,Katō Takaaki,Takaichi Sanae
610,1063,Kazuo Ishiguro,Theodor Mommsen
610,579,Kazuo Ishiguro,José Echegaray
610,394,Kazuo Ishiguro,Henri Bergson
610,1073,Kazuo Ishiguro,Thomas Mann
610,682,Kazuo Ishiguro,Luigi Pirandello
610,970,Kazuo Ishiguro,Roger Martin du Gard
610,1047,Kazuo Ishiguro,T. S. Eliot
610,1183,Kazuo Ishiguro,William Faulkner
610,1223,Kazuo Ishiguro,Winston Churchill
610,453,Kazuo Ishiguro,Ivo Andrić
610,768,Kazuo Ishiguro,Miguel Ángel Asturias
610,392,Kazuo Ishiguro,Heinrich Böll
610,853,Kazuo Ishiguro,Odysseas Elytis
610,247,Kazuo Ishiguro,Elias Canetti
610,307,Kazuo Ishiguro,Gabriel García Márquez
610,1182,Kazuo Ishiguro,William Golding
610,146,Kazuo Ishiguro,Camilo José Cela
610,147,Kazuo Ishiguro,Cao Hành Kiện
611,375,Katō Tomosaburō,Hara Takashi
611,462,Katō Tomosaburō,Itō Hirobumi
611,991,Katō Tomosaburō,Saionji Kinmochi
611,609,Katō Tomosaburō,Katō Takaaki
611,1163,Katō Tomosaburō,Wakatsuki Reijirō
611,1050,Katō Tomosaburō,Tanaka Giichi
611,441,Katō Tomosaburō,Inukai Tsuyoshi
611,992,Katō Tomosaburō,Saitō Makoto
611,352,Katō Tomosaburō,Gotō Fumio
611,410,Katō Tomosaburō,Hiranuma Kiichirō
611,4,Katō Tomosaburō,Abe Nobuyuki
611,447,Katō Tomosaburō,Itō Masayoshi
611,796,Katō Tomosaburō,Mori Yoshirō
611,19,Katō Tomosaburō,Abe Shinzō
611,303,Katō Tomosaburō,Fukuda Yasuo
611,90,Katō Tomosaburō,Asō Tarō
611,390,Katō Tomosaburō,Hatoyama Yukio
611,601,Katō Tomosaburō,Kan Naoto
611,841,Katō Tomosaburō,Noda Yoshihiko
611,1058,Katō Tomosaburō,Suga Yoshihide
611,639,Katō Tomosaburō,Kishida Fumio
611,459,Katō Tomosaburō,Ishiba Shigeru
611,1057,Katō Tomosaburō,Takaichi Sanae
612,524,Kate Brown,Jim McGreevey
612,565,Kate Brown,Joe Biden
612,831,Kate Brown,Ned Lamont
612,505,Kate Brown,Janet Mills
612,173,Kate Brown,Charlie Baker
612,183,Kate Brown,Chris Sununu
612,913,Kate Brown,Phil Murphy
612,50,Kate Brown,Andrew Cuomo
612,1107,Kate Brown,Tom Wolf
612,202,Kate Brown,Daniel McKee
612,898,Kate Brown,Phil Scott
612,480,Kate Brown,J. B. Pritzker
612,258,Kate Brown,Eric Holcomb
612,636,Kate Brown,Kim Reynolds
612,673,Kate Brown,Laura Kelly
612,367,Kate Brown,Gretchen Whitmer
612,1089,Kate Brown,Tim Walz
612,903,Kate Brown,Pete Ricketts
612,220,Kate Brown,Doug Burgum
612,812,Kate Brown,Mike DeWine
612,642,Kate Brown,Kristi Noem
612,1091,Kate Brown,Tony Evers
612,614,Kate Brown,Kay Ivey
612,91,Kate Brown,Asa Hutchinson
612,554,Kate Brown,John Carney
612,979,Kate Brown,Ron DeSantis
612,142,Kate Brown,Brian Kemp
612,60,Kate Brown,Andy Beshear
612,536,Kate Brown,John Bel Edwards
612,650,Kate Brown,Larry Hogan
612,1061,Kate Brown,Tate Reeves
612,1008,Kate Brown,Roy Cooper
612,624,Kate Brown,Kevin Stitt
612,404,Kate Brown,Henry McMaster
612,124,Kate Brown,Bill Lee
612,365,Kate Brown,Greg Abbott
612,946,Kate Brown,Ralph Northam
612,534,Kate Brown,Jim Justice
612,779,Kate Brown,Mike Dunleavy
612,242,Kate Brown,Doug Ducey
612,331,Kate Brown,Gavin Newsom
612,502,Kate Brown,Jared Polis
612,208,Kate Brown,David Ige
612,140,Kate Brown,Brad Little
612,388,Kate Brown,Greg Gianforte
612,1060,Kate Brown,Steve Sisolak
612,787,Kate Brown,Michelle Lujan Grisham
612,1030,Kate Brown,Spencer Cox
612,506,Kate Brown,Jay Inslee
612,736,Kate Brown,Mark Gordon (chính trị gia)
612,540,Kate Brown,Jerome Adams
612,213,Kate Brown,Deborah Birx
612,86,Kate Brown,Anthony Fauci
612,139,Kate Brown,Brett Giroir
612,888,Kate Brown,Peter Navarro
612,773,Kate Brown,Mike Pence
612,976,Kate Brown,Robert R. Redfield
612,298,Kate Brown,Donald Trump
613,817,Kevin McCarthy,Nancy Pelosi
613,771,Kevin McCarthy,Mike Johnson
613,875,Kevin McCarthy,Paul Ryan
613,533,Kevin McCarthy,John Boehner
613,298,Kevin McCarthy,Donald Trump
613,565,Kevin McCarthy,Joe Biden
613,289,Kevin McCarthy,Frederick Muhlenberg
613,572,Kevin McCarthy,Jonathan Dayton
613,473,Kevin McCarthy,James K. Polk
613,561,Kevin McCarthy,John Nance Garner
613,824,Kevin McCarthy,Newt Gingrich
614,124,Kay Ivey,Bill Lee
614,773,Kay Ivey,Mike Pence
614,565,Kay Ivey,Joe Biden
614,831,Kay Ivey,Ned Lamont
614,505,Kay Ivey,Janet Mills
614,173,Kay Ivey,Charlie Baker
614,183,Kay Ivey,Chris Sununu
614,913,Kay Ivey,Phil Murphy
614,50,Kay Ivey,Andrew Cuomo
614,1107,Kay Ivey,Tom Wolf
614,202,Kay Ivey,Daniel McKee
614,898,Kay Ivey,Phil Scott
614,480,Kay Ivey,J. B. Pritzker
614,258,Kay Ivey,Eric Holcomb
614,636,Kay Ivey,Kim Reynolds
614,673,Kay Ivey,Laura Kelly
614,367,Kay Ivey,Gretchen Whitmer
614,1089,Kay Ivey,Tim Walz
614,903,Kay Ivey,Pete Ricketts
614,220,Kay Ivey,Doug Burgum
614,812,Kay Ivey,Mike DeWine
614,642,Kay Ivey,Kristi Noem
614,1091,Kay Ivey,Tony Evers
614,91,Kay Ivey,Asa Hutchinson
614,554,Kay Ivey,John Carney
614,979,Kay Ivey,Ron DeSantis
614,142,Kay Ivey,Brian Kemp
614,60,Kay Ivey,Andy Beshear
614,536,Kay Ivey,John Bel Edwards
614,650,Kay Ivey,Larry Hogan
614,1061,Kay Ivey,Tate Reeves
614,1008,Kay Ivey,Roy Cooper
614,624,Kay Ivey,Kevin Stitt
614,404,Kay Ivey,Henry McMaster
614,365,Kay Ivey,Greg Abbott
614,946,Kay Ivey,Ralph Northam
614,534,Kay Ivey,Jim Justice
614,779,Kay Ivey,Mike Dunleavy
614,242,Kay Ivey,Doug Ducey
614,331,Kay Ivey,Gavin Newsom
614,502,Kay Ivey,Jared Polis
614,208,Kay Ivey,David Ige
614,140,Kay Ivey,Brad Little
614,388,Kay Ivey,Greg Gianforte
614,1060,Kay Ivey,Steve Sisolak
614,787,Kay Ivey,Michelle Lujan Grisham
614,612,Kay Ivey,Kate Brown
614,1030,Kay Ivey,Spencer Cox
614,506,Kay Ivey,Jay Inslee
614,736,Kay Ivey,Mark Gordon (chính trị gia)
614,540,Kay Ivey,Jerome Adams
614,213,Kay Ivey,Deborah Birx
614,86,Kay Ivey,Anthony Fauci
614,139,Kay Ivey,Brett Giroir
614,888,Kay Ivey,Peter Navarro
614,976,Kay Ivey,Robert R. Redfield
614,298,Kay Ivey,Donald Trump
615,131,Kim Campbell,Brian Mulroney
615,500,Kim Campbell,Jean Chrétien
615,531,Kim Campbell,John Abbott
615,1171,Kim Campbell,Wilfrid Laurier
615,1181,Kim Campbell,William Lyon Mackenzie King
615,542,Kim Campbell,John Diefenbaker
615,902,Kim Campbell,Pierre Trudeau
615,567,Kim Campbell,John Turner
615,879,Kim Campbell,Paul Martin
616,987,Khamis Gaddafi,Saif al-Islam Gaddafi
616,810,Khamis Gaddafi,Mustafa Abdul Jalil
617,459,Katō Katsunobu,Ishiba Shigeru
617,639,Katō Katsunobu,Kishida Fumio
617,19,Katō Katsunobu,Abe Shinzō
617,1058,Katō Katsunobu,Suga Yoshihide
617,811,Katō Katsunobu,Mã Hiểu Vĩ
617,86,Katō Katsunobu,Anthony Fauci
617,702,Katō Katsunobu,Lý Khắc Cường
618,959,Keir Starmer,Rishi Sunak
618,137,Keir Starmer,Boris Johnson
618,685,Keir Starmer,Liz Truss
618,519,Keir Starmer,Jeremy Corbyn
618,1233,Keir Starmer,Đại học Oxford
618,972,Keir Starmer,Robert Walpole
618,312,Keir Starmer,George Grenville
618,1188,Keir Starmer,William Pitt Trẻ
618,397,Keir Starmer,"Henry Addington, Tử tước Sidmouth thứ 1"
618,1033,Keir Starmer,Spencer Perceval
618,308,Keir Starmer,George Canning
618,83,Keir Starmer,"Arthur Wellesley, Công tước thứ 1 xứ Wellington"
618,395,Keir Starmer,"Henry John Temple, Tử tước Palmerston thứ 3"
618,1035,Keir Starmer,Stanley Baldwin
618,933,Keir Starmer,Ramsay MacDonald
618,823,Keir Starmer,Neville Chamberlain
618,1223,Keir Starmer,Winston Churchill
618,187,Keir Starmer,Clement Attlee
618,62,Keir Starmer,Anthony Eden
618,380,Keir Starmer,Harold Macmillan
618,39,Keir Starmer,Alec Douglas-Home
618,381,Keir Starmer,Harold Wilson
618,477,Keir Starmer,James Callaghan
618,735,Keir Starmer,Margaret Thatcher
618,353,Keir Starmer,Gordon Brown
618,203,Keir Starmer,David Cameron
618,1065,Keir Starmer,Theresa May
619,1125,Khổng Tường Hy,Tưởng Giới Thạch
619,1128,Khổng Tường Hy,Tôn Trung Sơn
620,597,Kevin Rudd,Julia Gillard
620,1084,Kevin Rudd,Tony Abbott
620,547,Kevin Rudd,John Howard
620,330,Kevin Rudd,George W. Bush
620,235,Kevin Rudd,Edmund Barton
620,44,Kevin Rudd,Alfred Deakin
620,318,Kevin Rudd,George Reid (chính khách Úc)
620,52,Kevin Rudd,Andrew Fisher
620,1032,Kevin Rudd,Stanley Bruce
620,236,Kevin Rudd,Earle Page
620,960,Kevin Rudd,Robert Menzies
620,282,Kevin Rudd,Frank Forde
620,377,Kevin Rudd,Harold Holt
620,559,Kevin Rudd,John McEwen
620,543,Kevin Rudd,John Gorton
620,1184,Kevin Rudd,William McMahon
620,348,Kevin Rudd,Gough Whitlam
620,714,Kevin Rudd,Malcolm Fraser
620,120,Kevin Rudd,Bob Hawke
620,717,Kevin Rudd,Malcolm Turnbull
620,1003,Kevin Rudd,Scott Morrison
620,63,Kevin Rudd,Anthony Albanese
621,1228,Kenneth Arrow,Đại học Stanford
621,760,Kenneth Arrow,Michael Spence
621,551,Kenneth Arrow,John Hicks
621,364,Kenneth Arrow,Gérard Debreu
621,883,Kenneth Arrow,Paul Samuelson
621,1021,Kenneth Arrow,Simon Kuznets
621,295,Kenneth Arrow,Friedrich Hayek
621,794,Kenneth Arrow,Milton Friedman
621,112,Kenneth Arrow,Bertil Ohlin
621,494,Kenneth Arrow,James Meade
621,1062,Kenneth Arrow,Theodore Schultz
621,655,Kenneth Arrow,Lawrence Klein
621,485,Kenneth Arrow,James Tobin
621,320,Kenneth Arrow,George Stigler
621,939,Kenneth Arrow,Richard Stone
621,281,Kenneth Arrow,Franco Modigliani
621,479,Kenneth Arrow,James M. Buchanan
621,975,Kenneth Arrow,Robert Solow
621,749,Kenneth Arrow,Maurice Allais
621,1092,Kenneth Arrow,Trygve Haavelmo
621,383,Kenneth Arrow,Harry Markowitz
621,759,Kenneth Arrow,Merton Miller
621,977,Kenneth Arrow,Ronald Coase
621,326,Kenneth Arrow,Gary Becker
621,957,Kenneth Arrow,Robert Fogel
621,221,Kenneth Arrow,Douglass North
621,956,Kenneth Arrow,"Robert Lucas, Jr."
621,476,Kenneth Arrow,James Mirrlees
621,1191,Kenneth Arrow,William Vickrey
621,805,Kenneth Arrow,Myron Scholes
621,54,Kenneth Arrow,Amartya Sen
621,962,Kenneth Arrow,Robert Mundell
621,472,Kenneth Arrow,James Heckman
621,310,Kenneth Arrow,George Akerlof
621,587,Kenneth Arrow,Joseph Stiglitz
621,954,Kenneth Arrow,Robert F. Engle
621,194,Kenneth Arrow,Clive Granger
621,273,Kenneth Arrow,Finn E. Kydland
621,882,Kenneth Arrow,Peter A. Diamond
621,172,Kenneth Arrow,Christopher A. Pissarides
621,1068,Kenneth Arrow,Thomas J. Sargent
621,174,Kenneth Arrow,Christopher A. Sims
621,507,Kenneth Arrow,Jean Tirole
621,101,Kenneth Arrow,Bengt Holmström
621,941,Kenneth Arrow,Richard Thaler
621,262,Kenneth Arrow,Esther Duflo
621,580,Kenneth Arrow,Joshua Angrist
621,209,Kenneth Arrow,David Card
621,86,Kenneth Arrow,Anthony Fauci
621,1142,Kenneth Arrow,Vannevar Bush
621,653,Kenneth Arrow,Lawrence Summers
621,196,Kenneth Arrow,Daron Acemoğlu
622,813,Kim Myeong-soo,Moon Jae-in
623,631,Kim Young-sam,Kim Dae-jung
623,880,Kim Young-sam,Park Chung-hee
623,181,Kim Young-sam,Chun Doo-hwan
623,872,Kim Young-sam,Park Geun-hye
623,548,Kim Young-sam,Jimmy Carter
623,119,Kim Young-sam,Bill Clinton
624,140,Kevin Stitt,Brad Little
624,1053,Kevin Stitt,Ted Cruz
624,298,Kevin Stitt,Donald Trump
624,773,Kevin Stitt,Mike Pence
624,565,Kevin Stitt,Joe Biden
624,831,Kevin Stitt,Ned Lamont
624,505,Kevin Stitt,Janet Mills
624,173,Kevin Stitt,Charlie Baker
624,183,Kevin Stitt,Chris Sununu
624,913,Kevin Stitt,Phil Murphy
624,50,Kevin Stitt,Andrew Cuomo
624,1107,Kevin Stitt,Tom Wolf
624,202,Kevin Stitt,Daniel McKee
624,898,Kevin Stitt,Phil Scott
624,480,Kevin Stitt,J. B. Pritzker
624,258,Kevin Stitt,Eric Holcomb
624,636,Kevin Stitt,Kim Reynolds
624,673,Kevin Stitt,Laura Kelly
624,367,Kevin Stitt,Gretchen Whitmer
624,1089,Kevin Stitt,Tim Walz
624,903,Kevin Stitt,Pete Ricketts
624,220,Kevin Stitt,Doug Burgum
624,812,Kevin Stitt,Mike DeWine
624,642,Kevin Stitt,Kristi Noem
624,1091,Kevin Stitt,Tony Evers
624,614,Kevin Stitt,Kay Ivey
624,91,Kevin Stitt,Asa Hutchinson
624,554,Kevin Stitt,John Carney
624,979,Kevin Stitt,Ron DeSantis
624,142,Kevin Stitt,Brian Kemp
624,60,Kevin Stitt,Andy Beshear
624,536,Kevin Stitt,John Bel Edwards
624,650,Kevin Stitt,Larry Hogan
624,1061,Kevin Stitt,Tate Reeves
624,1008,Kevin Stitt,Roy Cooper
624,404,Kevin Stitt,Henry McMaster
624,124,Kevin Stitt,Bill Lee
624,365,Kevin Stitt,Greg Abbott
624,946,Kevin Stitt,Ralph Northam
624,534,Kevin Stitt,Jim Justice
624,779,Kevin Stitt,Mike Dunleavy
624,242,Kevin Stitt,Doug Ducey
624,331,Kevin Stitt,Gavin Newsom
624,502,Kevin Stitt,Jared Polis
624,208,Kevin Stitt,David Ige
624,388,Kevin Stitt,Greg Gianforte
624,1060,Kevin Stitt,Steve Sisolak
624,787,Kevin Stitt,Michelle Lujan Grisham
624,612,Kevin Stitt,Kate Brown
624,1030,Kevin Stitt,Spencer Cox
624,506,Kevin Stitt,Jay Inslee
624,736,Kevin Stitt,Mark Gordon (chính trị gia)
624,540,Kevin Stitt,Jerome Adams
624,213,Kevin Stitt,Deborah Birx
624,86,Kevin Stitt,Anthony Fauci
624,139,Kevin Stitt,Brett Giroir
624,888,Kevin Stitt,Peter Navarro
624,976,Kevin Stitt,Robert R. Redfield
625,19,Kishi Nobusuke,Abe Shinzō
625,462,Kishi Nobusuke,Itō Hirobumi
625,991,Kishi Nobusuke,Saionji Kinmochi
625,375,Kishi Nobusuke,Hara Takashi
625,611,Kishi Nobusuke,Katō Tomosaburō
625,609,Kishi Nobusuke,Katō Takaaki
625,1163,Kishi Nobusuke,Wakatsuki Reijirō
625,1050,Kishi Nobusuke,Tanaka Giichi
625,441,Kishi Nobusuke,Inukai Tsuyoshi
625,992,Kishi Nobusuke,Saitō Makoto
625,352,Kishi Nobusuke,Gotō Fumio
625,410,Kishi Nobusuke,Hiranuma Kiichirō
625,4,Kishi Nobusuke,Abe Nobuyuki
625,447,Kishi Nobusuke,Itō Masayoshi
625,796,Kishi Nobusuke,Mori Yoshirō
625,303,Kishi Nobusuke,Fukuda Yasuo
625,90,Kishi Nobusuke,Asō Tarō
625,390,Kishi Nobusuke,Hatoyama Yukio
625,601,Kishi Nobusuke,Kan Naoto
625,841,Kishi Nobusuke,Noda Yoshihiko
625,1058,Kishi Nobusuke,Suga Yoshihide
625,639,Kishi Nobusuke,Kishida Fumio
625,459,Kishi Nobusuke,Ishiba Shigeru
625,1057,Kishi Nobusuke,Takaichi Sanae
626,1134,Klaus Iohannis,Victor Ponta
626,1023,Klaus Iohannis,Sorin Grindeanu
626,1139,Klaus Iohannis,Viorica Dăncilă
626,1085,Klaus Iohannis,Traian Băsescu
626,159,Klaus Iohannis,Charles Michel
626,603,Klaus Iohannis,Karl Nehammer
626,48,Klaus Iohannis,Andrej Babiš
626,757,Klaus Iohannis,Mette Frederiksen
626,598,Klaus Iohannis,Kaja Kallas
626,1004,Klaus Iohannis,Sanna Marin
626,267,Klaus Iohannis,Emmanuel Macron
626,862,Klaus Iohannis,Olaf Scholz
626,648,Klaus Iohannis,Kyriakos Mitsotakis
626,766,Klaus Iohannis,Micheál Martin
626,264,Klaus Iohannis,Evika Siliņa
626,338,Klaus Iohannis,Gitanas Nausėda
626,1199,Klaus Iohannis,Xavier Bettel
626,953,Klaus Iohannis,Robert Abela
626,741,Klaus Iohannis,Mark Rutte
626,219,Klaus Iohannis,Donald Tusk
626,72,Klaus Iohannis,António Costa
626,496,Klaus Iohannis,Janez Janša
626,887,Klaus Iohannis,Pedro Sánchez
626,708,Klaus Iohannis,Magdalena Andersson
627,127,Kofi Annan,Boutros Boutros-Ghali
627,100,Kofi Annan,Ban Ki-moon
627,1150,Kofi Annan,Viện Công nghệ Massachusetts
627,564,Kofi Annan,John R. Bolton
627,389,Kofi Annan,Harry S. Truman
627,330,Kofi Annan,George W. Bush
627,191,Kofi Annan,Dag Hammarskjöld
627,654,Kofi Annan,Kurt Waldheim
627,74,Kofi Annan,António Guterres
627,1080,Kofi Annan,Theodore Roosevelt
627,1201,Kofi Annan,Woodrow Wilson
627,153,Kofi Annan,Charles G. Dawes
627,321,Kofi Annan,George Marshall
627,895,Kofi Annan,Philip Noel-Baker
627,408,Kofi Annan,Henry Kissinger
627,1011,Kofi Annan,Satō Eisaku
627,76,Kofi Annan,Anwar Al-Sadad
627,758,Kofi Annan,Menachem Begin
627,1222,Kofi Annan,Óscar Arias
627,803,Kofi Annan,Mikhail Sergeyevich Gorbachyov
627,103,Kofi Annan,Aung San Suu Kyi
627,837,Kofi Annan,Nelson Mandela
627,1024,Kofi Annan,Shimon Peres
627,631,Kofi Annan,Kim Dae-jung
627,548,Kofi Annan,Jimmy Carter
627,786,Kofi Annan,Mohamed ElBaradei
627,806,Kofi Annan,Muhammad Yunus
627,742,Kofi Annan,Martti Ahtisaari
627,156,Kofi Annan,Barack Obama
627,243,Kofi Annan,Ellen Johnson Sirleaf
627,716,Kofi Annan,Malala Yousafzai
627,595,Kofi Annan,Juan Manuel Santos
627,3,Kofi Annan,Abiy Ahmed
627,738,Kofi Annan,Maria Ressa
628,565,Kamala Harris,Joe Biden
628,773,Kamala Harris,Mike Pence
628,520,Kamala Harris,Jerry Brown
628,225,Kamala Harris,Doug Emhoff
628,298,Kamala Harris,Donald Trump
628,129,Kamala Harris,Brett Kavanaugh
628,1228,Kamala Harris,Đại học Stanford
628,817,Kamala Harris,Nancy Pelosi
628,734,Kamala Harris,Mark Leno
628,331,Kamala Harris,Gavin Newsom
628,1044,Kamala Harris,Steven Mnuchin
628,115,Kamala Harris,Bernie Sanders
628,250,Kamala Harris,Elizabeth Warren
628,405,Kamala Harris,Herbert Hoover
628,156,Kamala Harris,Barack Obama
628,571,Kamala Harris,Jon Ossoff
628,1089,Kamala Harris,Tim Walz
628,548,Kamala Harris,Jimmy Carter
628,119,Kamala Harris,Bill Clinton
628,422,Kamala Harris,Hillary Clinton
628,777,Kamala Harris,Michelle Obama
628,1099,Kamala Harris,Tim Kaine
628,539,Kamala Harris,John Adams
628,1083,Kamala Harris,Thomas Jefferson
628,246,Kamala Harris,Elbridge Gerry
628,192,Kamala Harris,Daniel D. Tompkins
628,538,Kamala Harris,John C. Calhoun
628,938,Kamala Harris,Richard Mentor Johnson
628,568,Kamala Harris,John Tyler
628,314,Kamala Harris,George M. Dallas
628,1187,Kamala Harris,William R. King
628,535,Kamala Harris,John C. Breckinridge
628,1179,Kamala Harris,William A. Wheeler
628,170,Kamala Harris,Chester A. Arthur
628,1066,Kamala Harris,Thomas A. Hendricks
628,9,Kamala Harris,Adlai Stevenson I
628,302,Kamala Harris,Garret Hobart
628,1080,Kamala Harris,Theodore Roosevelt
628,160,Kamala Harris,Charles W. Fairbanks
628,481,Kamala Harris,James S. Sherman
628,1072,Kamala Harris,Thomas R. Marshall
628,143,Kamala Harris,Calvin Coolidge
628,153,Kamala Harris,Charles G. Dawes
628,561,Kamala Harris,John Nance Garner
628,409,Kamala Harris,Henry A. Wallace
628,389,Kamala Harris,Harry S. Truman
628,24,Kamala Harris,Alben W. Barkley
628,968,Kamala Harris,Richard Nixon
628,688,Kamala Harris,Lyndon B. Johnson
628,419,Kamala Harris,Hubert Humphrey
628,340,Kamala Harris,Gerald Ford
628,832,Kamala Harris,Nelson Rockefeller
628,1169,Kamala Harris,Walter Mondale
628,319,Kamala Harris,George H. W. Bush
628,211,Kamala Harris,Dick Cheney
628,466,Kamala Harris,JD Vance
628,238,Kamala Harris,Ed Rendell
628,414,Kamala Harris,Howard Dean
628,286,Kamala Harris,Franklin Pierce
628,469,Kamala Harris,James Buchanan
628,1034,Kamala Harris,Stephen A. Douglas
628,1201,Kamala Harris,Woodrow Wilson
628,292,Kamala Harris,Franklin D. Roosevelt
628,549,Kamala Harris,John F. Kennedy
628,315,Kamala Harris,George McGovern
629,1057,Koizumi Shinjirō,Takaichi Sanae
629,815,Koizumi Shinjirō,Nakatani Gen
629,459,Koizumi Shinjirō,Ishiba Shigeru
629,19,Koizumi Shinjirō,Abe Shinzō
629,1058,Koizumi Shinjirō,Suga Yoshihide
629,638,Koizumi Shinjirō,Koizumi Junichirō
630,702,Kim Tráng Long,Lý Khắc Cường
630,1086,Kim Tráng Long,Tiêu Á Khánh
630,433,Kim Tráng Long,Hàn Chính (chính khách)
630,457,Kim Tráng Long,Hồ Cẩm Đào
630,1167,Kim Tráng Long,Tập Cận Bình
630,686,Kim Tráng Long,Lý Cường
630,1231,Kim Tráng Long,Đinh Tiết Tường
630,431,Kim Tráng Long,Hà Lập Phong
630,1140,Kim Tráng Long,Trương Quốc Thanh
630,709,Kim Tráng Long,Lưu Quốc Trung
630,1174,Kim Tráng Long,Vương Tiểu Hồng
630,834,Kim Tráng Long,Ngô Chính Long
630,1104,Kim Tráng Long,Thầm Di Cầm
630,421,Kim Tráng Long,Hoài Tiến Bằng
630,1103,Kim Tráng Long,Trần Nhất Tân
630,439,Kim Tráng Long,Hạ Vinh
630,1156,Kim Tráng Long,Vương Hiểu Bình
630,1165,Kim Tráng Long,Vương Quảng Hoa
630,426,Kim Tráng Long,Hoàng Nhuận Thu
630,828,Kim Tráng Long,Nghê Hồng
630,689,Kim Tráng Long,Lý Quốc Anh
630,1166,Kim Tráng Long,Vương Văn Đào
630,1172,Kim Tráng Long,Vương Tường Hỉ
630,144,Kim Tráng Long,Bùi Kim Giai
630,1119,Kim Tráng Long,Trịnh Sách Khiết
630,899,Kim Tráng Long,Phan Nhạc (chính khách)
630,811,Kim Tráng Long,Mã Hiểu Vĩ
630,893,Kim Tráng Long,Phan Công Thắng
630,445,Kim Tráng Long,Hầu Khải
630,1095,Kim Tráng Long,Triệu Khắc Chí
630,1108,Kim Tráng Long,Trần Văn Thanh (chính khách Trung Quốc)
630,684,Kim Tráng Long,Lý Cán Kiệt
630,696,Kim Tráng Long,Lạc Thụ Cương
631,623,Kim Dae-jung,Kim Young-sam
631,837,Kim Dae-jung,Nelson Mandela
631,880,Kim Dae-jung,Park Chung-hee
631,700,Kim Dae-jung,Lý Thừa Vãn
631,181,Kim Dae-jung,Chun Doo-hwan
631,1036,Kim Dae-jung,Ronald Reagan
631,1230,Kim Dae-jung,Đại học Harvard
631,1234,Kim Dae-jung,Đại học Cambridge
631,119,Kim Dae-jung,Bill Clinton
631,1080,Kim Dae-jung,Theodore Roosevelt
631,1201,Kim Dae-jung,Woodrow Wilson
631,153,Kim Dae-jung,Charles G. Dawes
631,321,Kim Dae-jung,George Marshall
631,895,Kim Dae-jung,Philip Noel-Baker
631,191,Kim Dae-jung,Dag Hammarskjöld
631,408,Kim Dae-jung,Henry Kissinger
631,1011,Kim Dae-jung,Satō Eisaku
631,76,Kim Dae-jung,Anwar Al-Sadad
631,758,Kim Dae-jung,Menachem Begin
631,1222,Kim Dae-jung,Óscar Arias
631,803,Kim Dae-jung,Mikhail Sergeyevich Gorbachyov
631,103,Kim Dae-jung,Aung San Suu Kyi
631,1024,Kim Dae-jung,Shimon Peres
631,627,Kim Dae-jung,Kofi Annan
631,548,Kim Dae-jung,Jimmy Carter
631,786,Kim Dae-jung,Mohamed ElBaradei
631,806,Kim Dae-jung,Muhammad Yunus
631,742,Kim Dae-jung,Martti Ahtisaari
631,156,Kim Dae-jung,Barack Obama
631,243,Kim Dae-jung,Ellen Johnson Sirleaf
631,716,Kim Dae-jung,Malala Yousafzai
631,595,Kim Dae-jung,Juan Manuel Santos
631,3,Kim Dae-jung,Abiy Ahmed
631,738,Kim Dae-jung,Maria Ressa
632,1188,Klemens von Metternich,William Pitt Trẻ
632,1233,Klemens von Metternich,Đại học Oxford
632,308,Klemens von Metternich,George Canning
632,866,Klemens von Metternich,Otto von Bismarck
633,169,Kristalina Georgieva,Christine Lagarde
633,517,Kristalina Georgieva,Jean-Claude Juncker
633,1150,Kristalina Georgieva,Viện Công nghệ Massachusetts
633,1232,Kristalina Georgieva,Đại học Yale
633,1230,Kristalina Georgieva,Đại học Harvard
634,1064,Konrad Adenauer,Theodor Heuss
634,671,Konrad Adenauer,Ludwig Erhard
634,406,Konrad Adenauer,Helmut Kohl
634,866,Konrad Adenauer,Otto von Bismarck
634,758,Konrad Adenauer,Menachem Begin
634,171,Konrad Adenauer,Charles de Gaulle
634,549,Konrad Adenauer,John F. Kennedy
634,585,Konrad Adenauer,Joseph Goebbels
634,679,Konrad Adenauer,Lutz Graf Schwerin von Krosigk
634,398,Konrad Adenauer,Helmut Schmidt
634,68,Konrad Adenauer,Angela Merkel
634,862,Konrad Adenauer,Olaf Scholz
636,298,Kim Reynolds,Donald Trump
636,156,Kim Reynolds,Barack Obama
636,565,Kim Reynolds,Joe Biden
636,831,Kim Reynolds,Ned Lamont
636,505,Kim Reynolds,Janet Mills
636,173,Kim Reynolds,Charlie Baker
636,183,Kim Reynolds,Chris Sununu
636,913,Kim Reynolds,Phil Murphy
636,50,Kim Reynolds,Andrew Cuomo
636,1107,Kim Reynolds,Tom Wolf
636,202,Kim Reynolds,Daniel McKee
636,898,Kim Reynolds,Phil Scott
636,480,Kim Reynolds,J. B. Pritzker
636,258,Kim Reynolds,Eric Holcomb
636,673,Kim Reynolds,Laura Kelly
636,367,Kim Reynolds,Gretchen Whitmer
636,1089,Kim Reynolds,Tim Walz
636,903,Kim Reynolds,Pete Ricketts
636,220,Kim Reynolds,Doug Burgum
636,812,Kim Reynolds,Mike DeWine
636,642,Kim Reynolds,Kristi Noem
636,1091,Kim Reynolds,Tony Evers
636,614,Kim Reynolds,Kay Ivey
636,91,Kim Reynolds,Asa Hutchinson
636,554,Kim Reynolds,John Carney
636,979,Kim Reynolds,Ron DeSantis
636,142,Kim Reynolds,Brian Kemp
636,60,Kim Reynolds,Andy Beshear
636,536,Kim Reynolds,John Bel Edwards
636,650,Kim Reynolds,Larry Hogan
636,1061,Kim Reynolds,Tate Reeves
636,1008,Kim Reynolds,Roy Cooper
636,624,Kim Reynolds,Kevin Stitt
636,404,Kim Reynolds,Henry McMaster
636,124,Kim Reynolds,Bill Lee
636,365,Kim Reynolds,Greg Abbott
636,946,Kim Reynolds,Ralph Northam
636,534,Kim Reynolds,Jim Justice
636,779,Kim Reynolds,Mike Dunleavy
636,242,Kim Reynolds,Doug Ducey
636,331,Kim Reynolds,Gavin Newsom
636,502,Kim Reynolds,Jared Polis
636,208,Kim Reynolds,David Ige
636,140,Kim Reynolds,Brad Little
636,388,Kim Reynolds,Greg Gianforte
636,1060,Kim Reynolds,Steve Sisolak
636,787,Kim Reynolds,Michelle Lujan Grisham
636,612,Kim Reynolds,Kate Brown
636,1030,Kim Reynolds,Spencer Cox
636,506,Kim Reynolds,Jay Inslee
636,736,Kim Reynolds,Mark Gordon (chính trị gia)
636,540,Kim Reynolds,Jerome Adams
636,213,Kim Reynolds,Deborah Birx
636,86,Kim Reynolds,Anthony Fauci
636,139,Kim Reynolds,Brett Giroir
636,888,Kim Reynolds,Peter Navarro
636,773,Kim Reynolds,Mike Pence
636,976,Kim Reynolds,Robert R. Redfield
637,1009,Kukrit Pramoj,Seni Pramoj
637,910,Kukrit Pramoj,Prem Tinsulanonda
637,185,Kukrit Pramoj,Chuan Leekpai
637,1067,Kukrit Pramoj,Thaksin Shinawatra
637,1040,Kukrit Pramoj,Surayud Chulanont
637,995,Kukrit Pramoj,Samak Sundaravej
637,1016,Kukrit Pramoj,Somchai Wongsawat
637,162,Kukrit Pramoj,Chavarat Charnvirakul
637,12,Kukrit Pramoj,Abhisit Vejjajiva
637,1220,Kukrit Pramoj,Yingluck Shinawatra
637,838,Kukrit Pramoj,Niwatthamrong Boonsongpaisan
637,916,Kukrit Pramoj,Prayut Chan-o-cha
637,907,Kukrit Pramoj,Prawit Wongsuwan
637,1031,Kukrit Pramoj,Srettha Thavisin
637,900,Kukrit Pramoj,Phumtham Wechayachai
637,873,Kukrit Pramoj,Paetongtarn Shinawatra
637,84,Kukrit Pramoj,Anutin Charnvirakul
638,306,Koizumi Junichirō,Fukuda Takeo
638,1055,Koizumi Junichirō,Takeshita Noboru
638,330,Koizumi Junichirō,George W. Bush
638,710,Koizumi Junichirō,Mahathir Mohamad
638,627,Koizumi Junichirō,Kofi Annan
638,19,Koizumi Junichirō,Abe Shinzō
638,90,Koizumi Junichirō,Asō Tarō
638,796,Koizumi Junichirō,Mori Yoshirō
639,1058,Kishida Fumio,Suga Yoshihide
639,459,Kishida Fumio,Ishiba Shigeru
639,19,Kishida Fumio,Abe Shinzō
639,303,Kishida Fumio,Fukuda Yasuo
639,780,Kishida Fumio,Miyazawa Kiichi
639,816,Kishida Fumio,Narendra Modi
639,156,Kishida Fumio,Barack Obama
639,90,Kishida Fumio,Asō Tarō
639,386,Kishida Fumio,Hayashi Yoshimasa
639,1117,Kishida Fumio,Ueda Kazuo
639,617,Kishida Fumio,Katō Katsunobu
639,1057,Kishida Fumio,Takaichi Sanae
639,824,Kishida Fumio,Newt Gingrich
639,830,Kishida Fumio,Nguyễn Phú Trọng
639,565,Kishida Fumio,Joe Biden
639,267,Kishida Fumio,Emmanuel Macron
639,959,Kishida Fumio,Rishi Sunak
639,1216,Kishida Fumio,Yoon Suk-yeol
639,947,Kishida Fumio,Rex Tillerson
639,462,Kishida Fumio,Itō Hirobumi
639,991,Kishida Fumio,Saionji Kinmochi
639,375,Kishida Fumio,Hara Takashi
639,611,Kishida Fumio,Katō Tomosaburō
639,609,Kishida Fumio,Katō Takaaki
639,1163,Kishida Fumio,Wakatsuki Reijirō
639,1050,Kishida Fumio,Tanaka Giichi
639,441,Kishida Fumio,Inukai Tsuyoshi
639,992,Kishida Fumio,Saitō Makoto
639,352,Kishida Fumio,Gotō Fumio
639,410,Kishida Fumio,Hiranuma Kiichirō
639,4,Kishida Fumio,Abe Nobuyuki
639,447,Kishida Fumio,Itō Masayoshi
639,796,Kishida Fumio,Mori Yoshirō
639,390,Kishida Fumio,Hatoyama Yukio
639,601,Kishida Fumio,Kan Naoto
639,841,Kishida Fumio,Noda Yoshihiko
640,100,Kim Jong-un,Ban Ki-moon
640,813,Kim Jong-un,Moon Jae-in
640,298,Kim Jong-un,Donald Trump
640,1167,Kim Jong-un,Tập Cận Bình
640,776,Kim Jong-un,Mike Pompeo
640,695,Kim Jong-un,Lý Hiển Long
640,137,Kim Jong-un,Boris Johnson
641,796,Kōno Yōhei,Mori Yoshirō
641,1049,Kōno Yōhei,Tanigaki Sadakazu
642,533,Kristi Noem,John Boehner
642,875,Kristi Noem,Paul Ryan
642,298,Kristi Noem,Donald Trump
642,903,Kristi Noem,Pete Ricketts
642,565,Kristi Noem,Joe Biden
642,773,Kristi Noem,Mike Pence
642,688,Kristi Noem,Lyndon B. Johnson
642,50,Kristi Noem,Andrew Cuomo
642,86,Kristi Noem,Anthony Fauci
642,831,Kristi Noem,Ned Lamont
642,505,Kristi Noem,Janet Mills
642,173,Kristi Noem,Charlie Baker
642,183,Kristi Noem,Chris Sununu
642,913,Kristi Noem,Phil Murphy
642,1107,Kristi Noem,Tom Wolf
642,202,Kristi Noem,Daniel McKee
642,898,Kristi Noem,Phil Scott
642,480,Kristi Noem,J. B. Pritzker
642,258,Kristi Noem,Eric Holcomb
642,636,Kristi Noem,Kim Reynolds
642,673,Kristi Noem,Laura Kelly
642,367,Kristi Noem,Gretchen Whitmer
642,1089,Kristi Noem,Tim Walz
642,220,Kristi Noem,Doug Burgum
642,812,Kristi Noem,Mike DeWine
642,1091,Kristi Noem,Tony Evers
642,614,Kristi Noem,Kay Ivey
642,91,Kristi Noem,Asa Hutchinson
642,554,Kristi Noem,John Carney
642,979,Kristi Noem,Ron DeSantis
642,142,Kristi Noem,Brian Kemp
642,60,Kristi Noem,Andy Beshear
642,536,Kristi Noem,John Bel Edwards
642,650,Kristi Noem,Larry Hogan
642,1061,Kristi Noem,Tate Reeves
642,1008,Kristi Noem,Roy Cooper
642,624,Kristi Noem,Kevin Stitt
642,404,Kristi Noem,Henry McMaster
642,124,Kristi Noem,Bill Lee
642,365,Kristi Noem,Greg Abbott
642,946,Kristi Noem,Ralph Northam
642,534,Kristi Noem,Jim Justice
642,779,Kristi Noem,Mike Dunleavy
642,242,Kristi Noem,Doug Ducey
642,331,Kristi Noem,Gavin Newsom
642,502,Kristi Noem,Jared Polis
642,208,Kristi Noem,David Ige
642,140,Kristi Noem,Brad Little
642,388,Kristi Noem,Greg Gianforte
642,1060,Kristi Noem,Steve Sisolak
642,787,Kristi Noem,Michelle Lujan Grisham
642,612,Kristi Noem,Kate Brown
642,1030,Kristi Noem,Spencer Cox
642,506,Kristi Noem,Jay Inslee
642,736,Kristi Noem,Mark Gordon (chính trị gia)
642,540,Kristi Noem,Jerome Adams
642,213,Kristi Noem,Deborah Birx
642,139,Kristi Noem,Brett Giroir
642,888,Kristi Noem,Peter Navarro
642,976,Kristi Noem,Robert R. Redfield
644,688,Lady Bird Johnson,Lyndon B. Johnson
645,1026,Lamberto Dini,Silvio Berlusconi
645,974,Lamberto Dini,Romano Prodi
645,336,Lamberto Dini,Giuliano Amato
645,114,Lamberto Dini,Bettino Ricasoli
645,1124,Lamberto Dini,Urbano Rattazzi
645,274,Lamberto Dini,Francesco Crispi
645,335,Lamberto Dini,Giovanni Giolitti
645,676,Lamberto Dini,Luigi Luzzatti
645,64,Lamberto Dini,Antonio Salandra
645,29,Lamberto Dini,Alcide De Gasperi
645,32,Lamberto Dini,Aldo Moro
645,337,Lamberto Dini,Giulio Andreotti
645,272,Lamberto Dini,Francesco Cossiga
645,77,Lamberto Dini,Arnaldo Forlani
645,334,Lamberto Dini,Giovanni Spadolini
645,113,Lamberto Dini,Bettino Craxi
645,733,Lamberto Dini,Mario Monti
645,255,Lamberto Dini,Enrico Letta
645,752,Lamberto Dini,Matteo Renzi
645,870,Lamberto Dini,Paolo Gentiloni
645,347,Lamberto Dini,Giuseppe Conte
645,739,Lamberto Dini,Mario Draghi
646,393,Lars Løkke Rasmussen,Helle Thorning-Schmidt
646,757,Lars Løkke Rasmussen,Mette Frederiksen
646,42,Lars Løkke Rasmussen,Anders Fogh Rasmussen
647,1222,Laura Chinchilla,Óscar Arias
648,914,Kyriakos Mitsotakis,Prokopis Pavlopoulos
648,40,Kyriakos Mitsotakis,Alexis Tsipras
648,600,Kyriakos Mitsotakis,Karolos Papoulias
648,67,Kyriakos Mitsotakis,Antonis Samaras
648,1230,Kyriakos Mitsotakis,Đại học Harvard
648,159,Kyriakos Mitsotakis,Charles Michel
648,603,Kyriakos Mitsotakis,Karl Nehammer
648,48,Kyriakos Mitsotakis,Andrej Babiš
648,757,Kyriakos Mitsotakis,Mette Frederiksen
648,598,Kyriakos Mitsotakis,Kaja Kallas
648,1004,Kyriakos Mitsotakis,Sanna Marin
648,267,Kyriakos Mitsotakis,Emmanuel Macron
648,862,Kyriakos Mitsotakis,Olaf Scholz
648,766,Kyriakos Mitsotakis,Micheál Martin
648,264,Kyriakos Mitsotakis,Evika Siliņa
648,338,Kyriakos Mitsotakis,Gitanas Nausėda
648,1199,Kyriakos Mitsotakis,Xavier Bettel
648,953,Kyriakos Mitsotakis,Robert Abela
648,741,Kyriakos Mitsotakis,Mark Rutte
648,219,Kyriakos Mitsotakis,Donald Tusk
648,72,Kyriakos Mitsotakis,António Costa
648,626,Kyriakos Mitsotakis,Klaus Iohannis
648,496,Kyriakos Mitsotakis,Janez Janša
648,887,Kyriakos Mitsotakis,Pedro Sánchez
648,708,Kyriakos Mitsotakis,Magdalena Andersson
649,1133,Laimdota Straujuma,Valdis Dombrovskis
649,264,Laimdota Straujuma,Evika Siliņa
650,737,Larry Hogan,Martin O'Malley
650,50,Larry Hogan,Andrew Cuomo
650,968,Larry Hogan,Richard Nixon
650,565,Larry Hogan,Joe Biden
650,831,Larry Hogan,Ned Lamont
650,505,Larry Hogan,Janet Mills
650,173,Larry Hogan,Charlie Baker
650,183,Larry Hogan,Chris Sununu
650,913,Larry Hogan,Phil Murphy
650,1107,Larry Hogan,Tom Wolf
650,202,Larry Hogan,Daniel McKee
650,898,Larry Hogan,Phil Scott
650,480,Larry Hogan,J. B. Pritzker
650,258,Larry Hogan,Eric Holcomb
650,636,Larry Hogan,Kim Reynolds
650,673,Larry Hogan,Laura Kelly
650,367,Larry Hogan,Gretchen Whitmer
650,1089,Larry Hogan,Tim Walz
650,903,Larry Hogan,Pete Ricketts
650,220,Larry Hogan,Doug Burgum
650,812,Larry Hogan,Mike DeWine
650,642,Larry Hogan,Kristi Noem
650,1091,Larry Hogan,Tony Evers
650,614,Larry Hogan,Kay Ivey
650,91,Larry Hogan,Asa Hutchinson
650,554,Larry Hogan,John Carney
650,979,Larry Hogan,Ron DeSantis
650,142,Larry Hogan,Brian Kemp
650,60,Larry Hogan,Andy Beshear
650,536,Larry Hogan,John Bel Edwards
650,1061,Larry Hogan,Tate Reeves
650,1008,Larry Hogan,Roy Cooper
650,624,Larry Hogan,Kevin Stitt
650,404,Larry Hogan,Henry McMaster
650,124,Larry Hogan,Bill Lee
650,365,Larry Hogan,Greg Abbott
650,946,Larry Hogan,Ralph Northam
650,534,Larry Hogan,Jim Justice
650,779,Larry Hogan,Mike Dunleavy
650,242,Larry Hogan,Doug Ducey
650,331,Larry Hogan,Gavin Newsom
650,502,Larry Hogan,Jared Polis
650,208,Larry Hogan,David Ige
650,140,Larry Hogan,Brad Little
650,388,Larry Hogan,Greg Gianforte
650,1060,Larry Hogan,Steve Sisolak
650,787,Larry Hogan,Michelle Lujan Grisham
650,612,Larry Hogan,Kate Brown
650,1030,Larry Hogan,Spencer Cox
650,506,Larry Hogan,Jay Inslee
650,736,Larry Hogan,Mark Gordon (chính trị gia)
650,540,Larry Hogan,Jerome Adams
650,213,Larry Hogan,Deborah Birx
650,86,Larry Hogan,Anthony Fauci
650,139,Larry Hogan,Brett Giroir
650,888,Larry Hogan,Peter Navarro
650,773,Larry Hogan,Mike Pence
650,976,Larry Hogan,Robert R. Redfield
650,298,Larry Hogan,Donald Trump
651,1167,Lam Phật An,Tập Cận Bình
651,1235,Lam Phật An,Đặng Tiểu Bình
651,239,Lam Phật An,Doãn Lực
651,1106,Lam Phật An,Trần Mẫn Nhĩ
651,826,Lam Phật An,Nghê Nhạc Phong
651,834,Lam Phật An,Ngô Chính Long
651,1119,Lam Phật An,Trịnh Sách Khiết
651,429,Lam Phật An,Hác Bằng
651,1140,Lam Phật An,Trương Quốc Thanh
651,1226,Lam Phật An,Đường Lương Trí
651,689,Lam Phật An,Lý Quốc Anh
651,1166,Lam Phật An,Vương Văn Đào
651,684,Lam Phật An,Lý Cán Kiệt
651,709,Lam Phật An,Lưu Quốc Trung
652,291,Laurent Fabius,François Hollande
652,516,Laurent Fabius,Jean-Marc Ayrault
652,726,Laurent Fabius,Manuel Valls
652,20,Laurent Fabius,Alain Juppé
652,299,Laurent Fabius,François Mitterrand
652,474,Laurent Fabius,Jacques Chirac
652,461,Laurent Fabius,Jacques Chaban-Delmas
652,215,Laurent Fabius,Dominique Strauss-Kahn
652,167,Laurent Fabius,Charles-Maurice de Talleyrand-Périgord
652,287,Laurent Fabius,François Arago
652,75,Laurent Fabius,Armand Fallières
652,1217,Laurent Fabius,Émile Loubet
652,501,Laurent Fabius,Jean Casimir-Perier
652,322,Laurent Fabius,Georges Clemenceau
652,931,Laurent Fabius,Raymond Poincaré
652,305,Laurent Fabius,Gaston Doumergue
652,37,Laurent Fabius,Alexandre Millerand
652,171,Laurent Fabius,Charles de Gaulle
652,1138,Laurent Fabius,Vincent Auriol
652,915,Laurent Fabius,Pierre Mendès France
652,762,Laurent Fabius,Michel Debré
652,329,Laurent Fabius,Georges Pompidou
652,764,Laurent Fabius,Michel Rocard
652,217,Laurent Fabius,Dominique de Villepin
652,294,Laurent Fabius,François Fillon
652,111,Laurent Fabius,Bernard Cazeneuve
652,1224,Laurent Fabius,Édouard Philippe
652,311,Laurent Fabius,Gabriel Attal
652,756,Laurent Fabius,Michel Barnier
653,1230,Lawrence Summers,Đại học Harvard
653,119,Lawrence Summers,Bill Clinton
653,156,Lawrence Summers,Barack Obama
653,883,Lawrence Summers,Paul Samuelson
653,621,Lawrence Summers,Kenneth Arrow
653,1036,Lawrence Summers,Ronald Reagan
653,794,Lawrence Summers,Milton Friedman
653,485,Lawrence Summers,James Tobin
653,655,Lawrence Summers,Lawrence Klein
653,975,Lawrence Summers,Robert Solow
653,326,Lawrence Summers,Gary Becker
653,587,Lawrence Summers,Joseph Stiglitz
653,760,Lawrence Summers,Michael Spence
653,472,Lawrence Summers,James Heckman
653,209,Lawrence Summers,David Card
653,196,Lawrence Summers,Daron Acemoğlu
653,262,Lawrence Summers,Esther Duflo
654,191,Kurt Waldheim,Dag Hammarskjöld
654,127,Kurt Waldheim,Boutros Boutros-Ghali
654,627,Kurt Waldheim,Kofi Annan
654,100,Kurt Waldheim,Ban Ki-moon
654,74,Kurt Waldheim,António Guterres
655,1233,Lawrence Klein,Đại học Oxford
655,883,Lawrence Klein,Paul Samuelson
655,1150,Lawrence Klein,Viện Công nghệ Massachusetts
655,1021,Lawrence Klein,Simon Kuznets
655,551,Lawrence Klein,John Hicks
655,621,Lawrence Klein,Kenneth Arrow
655,295,Lawrence Klein,Friedrich Hayek
655,794,Lawrence Klein,Milton Friedman
655,112,Lawrence Klein,Bertil Ohlin
655,494,Lawrence Klein,James Meade
655,1062,Lawrence Klein,Theodore Schultz
655,485,Lawrence Klein,James Tobin
655,320,Lawrence Klein,George Stigler
655,364,Lawrence Klein,Gérard Debreu
655,939,Lawrence Klein,Richard Stone
655,281,Lawrence Klein,Franco Modigliani
655,479,Lawrence Klein,James M. Buchanan
655,975,Lawrence Klein,Robert Solow
655,749,Lawrence Klein,Maurice Allais
655,1092,Lawrence Klein,Trygve Haavelmo
655,383,Lawrence Klein,Harry Markowitz
655,759,Lawrence Klein,Merton Miller
655,977,Lawrence Klein,Ronald Coase
655,326,Lawrence Klein,Gary Becker
655,957,Lawrence Klein,Robert Fogel
655,221,Lawrence Klein,Douglass North
655,956,Lawrence Klein,"Robert Lucas, Jr."
655,476,Lawrence Klein,James Mirrlees
655,1191,Lawrence Klein,William Vickrey
655,805,Lawrence Klein,Myron Scholes
655,54,Lawrence Klein,Amartya Sen
655,962,Lawrence Klein,Robert Mundell
655,472,Lawrence Klein,James Heckman
655,310,Lawrence Klein,George Akerlof
655,760,Lawrence Klein,Michael Spence
655,587,Lawrence Klein,Joseph Stiglitz
655,954,Lawrence Klein,Robert F. Engle
655,194,Lawrence Klein,Clive Granger
655,273,Lawrence Klein,Finn E. Kydland
655,882,Lawrence Klein,Peter A. Diamond
655,172,Lawrence Klein,Christopher A. Pissarides
655,1068,Lawrence Klein,Thomas J. Sargent
655,174,Lawrence Klein,Christopher A. Sims
655,507,Lawrence Klein,Jean Tirole
655,101,Lawrence Klein,Bengt Holmström
655,941,Lawrence Klein,Richard Thaler
655,262,Lawrence Klein,Esther Duflo
655,580,Lawrence Klein,Joshua Angrist
655,209,Lawrence Klein,David Card
655,653,Lawrence Klein,Lawrence Summers
655,196,Lawrence Klein,Daron Acemoğlu
656,510,Lech Kaczyński,Jarosław Kaczyński
656,219,Lech Kaczyński,Donald Tusk
656,27,Lech Kaczyński,Aleksander Kwaśniewski
656,132,Lech Kaczyński,Bronisław Komorowski
656,525,Lech Kaczyński,Jerzy Buzek
656,227,Lech Kaczyński,Dmitry Anatolyevich Medvedev
656,1153,Lech Kaczyński,Vladimir Vladimirovich Putin
657,1216,Lee Sang-min (chính khách),Yoon Suk-yeol
657,378,Lee Sang-min (chính khách),Han Duck-soo
658,631,Lee Hae-chan,Kim Dae-jung
658,880,Lee Hae-chan,Park Chung-hee
658,166,Lee Hae-chan,Choi Kyu-hah
658,424,Lee Hae-chan,Hwang Kyo-ahn
658,378,Lee Hae-chan,Han Duck-soo
659,156,Leon Panetta,Barack Obama
659,179,Leon Panetta,Chuck Hagel
659,210,Leon Panetta,David Petraeus
659,119,Leon Panetta,Bill Clinton
660,731,Leonard Bernstein,Marin Alsop
660,1230,Leonard Bernstein,Đại học Harvard
661,1216,Lee Jae-myung,Yoon Suk-yeol
661,674,Lee Jae-myung,Lee Myung-bak
661,700,Lee Jae-myung,Lý Thừa Vãn
661,1208,Lee Jae-myung,Yun Bo-seon
661,880,Lee Jae-myung,Park Chung-hee
661,166,Lee Jae-myung,Choi Kyu-hah
661,623,Lee Jae-myung,Kim Young-sam
661,631,Lee Jae-myung,Kim Dae-jung
661,872,Lee Jae-myung,Park Geun-hye
661,813,Lee Jae-myung,Moon Jae-in
663,298,Linda McMahon,Donald Trump
665,1233,Lewis Carroll,Đại học Oxford
665,456,Lewis Carroll,J. M. Barrie
666,993,Lucy Webb Hayes,Rutherford B. Hayes
666,1206,Lucy Webb Hayes,William McKinley
666,644,Lucy Webb Hayes,Lady Bird Johnson
666,422,Lucy Webb Hayes,Hillary Clinton
666,668,Lucy Webb Hayes,Laura Bush
666,777,Lucy Webb Hayes,Michelle Obama
666,528,Lucy Webb Hayes,Jill Biden
667,319,Leonid Makarovych Kravchuk,George H. W. Bush
667,803,Leonid Makarovych Kravchuk,Mikhail Sergeyevich Gorbachyov
667,662,Leonid Makarovych Kravchuk,Leonid Danylovych Kuchma
667,1141,Leonid Makarovych Kravchuk,Viktor Fedorovych Yanukovych
667,1219,Leonid Makarovych Kravchuk,Yulia Volodymyrivna Tymoshenko
667,1136,Leonid Makarovych Kravchuk,Viktor Andriyovych Yushchenko
667,896,Leonid Makarovych Kravchuk,Petro Oleksiyovych Poroshenko
667,855,Leonid Makarovych Kravchuk,Oleksandr Valentynovych Turchynov
667,1148,Leonid Makarovych Kravchuk,Volodymyr Oleksandrovych Zelenskyy
667,1147,Leonid Makarovych Kravchuk,Volodymyr Groysman
668,330,Laura Bush,George W. Bush
668,422,Laura Bush,Hillary Clinton
668,777,Laura Bush,Michelle Obama
668,549,Laura Bush,John F. Kennedy
668,1232,Laura Bush,Đại học Yale
668,644,Laura Bush,Lady Bird Johnson
668,200,Laura Bush,Condoleezza Rice
668,666,Laura Bush,Lucy Webb Hayes
668,528,Laura Bush,Jill Biden
669,565,Lloyd Austin,Joe Biden
669,912,Lloyd Austin,Pete Hegseth
669,156,Lloyd Austin,Barack Obama
671,634,Ludwig Erhard,Konrad Adenauer
671,645,Ludwig Erhard,Lamberto Dini
671,283,Ludwig Erhard,Franz Oppenheimer
671,866,Ludwig Erhard,Otto von Bismarck
671,585,Ludwig Erhard,Joseph Goebbels
671,679,Ludwig Erhard,Lutz Graf Schwerin von Krosigk
671,398,Ludwig Erhard,Helmut Schmidt
671,406,Ludwig Erhard,Helmut Kohl
671,68,Ludwig Erhard,Angela Merkel
671,862,Ludwig Erhard,Olaf Scholz
672,29,Luigi Einaudi,Alcide De Gasperi
672,251,Luigi Einaudi,Enrico De Nicola
673,988,Laura Kelly,Sam Brownback
673,91,Laura Kelly,Asa Hutchinson
673,565,Laura Kelly,Joe Biden
673,831,Laura Kelly,Ned Lamont
673,505,Laura Kelly,Janet Mills
673,173,Laura Kelly,Charlie Baker
673,183,Laura Kelly,Chris Sununu
673,913,Laura Kelly,Phil Murphy
673,50,Laura Kelly,Andrew Cuomo
673,1107,Laura Kelly,Tom Wolf
673,202,Laura Kelly,Daniel McKee
673,898,Laura Kelly,Phil Scott
673,480,Laura Kelly,J. B. Pritzker
673,258,Laura Kelly,Eric Holcomb
673,636,Laura Kelly,Kim Reynolds
673,367,Laura Kelly,Gretchen Whitmer
673,1089,Laura Kelly,Tim Walz
673,903,Laura Kelly,Pete Ricketts
673,220,Laura Kelly,Doug Burgum
673,812,Laura Kelly,Mike DeWine
673,642,Laura Kelly,Kristi Noem
673,1091,Laura Kelly,Tony Evers
673,614,Laura Kelly,Kay Ivey
673,554,Laura Kelly,John Carney
673,979,Laura Kelly,Ron DeSantis
673,142,Laura Kelly,Brian Kemp
673,60,Laura Kelly,Andy Beshear
673,536,Laura Kelly,John Bel Edwards
673,650,Laura Kelly,Larry Hogan
673,1061,Laura Kelly,Tate Reeves
673,1008,Laura Kelly,Roy Cooper
673,624,Laura Kelly,Kevin Stitt
673,404,Laura Kelly,Henry McMaster
673,124,Laura Kelly,Bill Lee
673,365,Laura Kelly,Greg Abbott
673,946,Laura Kelly,Ralph Northam
673,534,Laura Kelly,Jim Justice
673,779,Laura Kelly,Mike Dunleavy
673,242,Laura Kelly,Doug Ducey
673,331,Laura Kelly,Gavin Newsom
673,502,Laura Kelly,Jared Polis
673,208,Laura Kelly,David Ige
673,140,Laura Kelly,Brad Little
673,388,Laura Kelly,Greg Gianforte
673,1060,Laura Kelly,Steve Sisolak
673,787,Laura Kelly,Michelle Lujan Grisham
673,612,Laura Kelly,Kate Brown
673,1030,Laura Kelly,Spencer Cox
673,506,Laura Kelly,Jay Inslee
673,736,Laura Kelly,Mark Gordon (chính trị gia)
673,540,Laura Kelly,Jerome Adams
673,213,Laura Kelly,Deborah Birx
673,86,Laura Kelly,Anthony Fauci
673,139,Laura Kelly,Brett Giroir
673,888,Laura Kelly,Peter Navarro
673,773,Laura Kelly,Mike Pence
673,976,Laura Kelly,Robert R. Redfield
673,298,Laura Kelly,Donald Trump
674,872,Lee Myung-bak,Park Geun-hye
674,710,Lee Myung-bak,Mahathir Mohamad
674,330,Lee Myung-bak,George W. Bush
674,700,Lee Myung-bak,Lý Thừa Vãn
674,1208,Lee Myung-bak,Yun Bo-seon
674,880,Lee Myung-bak,Park Chung-hee
674,166,Lee Myung-bak,Choi Kyu-hah
674,623,Lee Myung-bak,Kim Young-sam
674,631,Lee Myung-bak,Kim Dae-jung
674,813,Lee Myung-bak,Moon Jae-in
674,1216,Lee Myung-bak,Yoon Suk-yeol
674,661,Lee Myung-bak,Lee Jae-myung
675,1160,Lev Davidovich Trotsky,Vladimir Ilyich Lenin
675,843,Lev Davidovich Trotsky,Nikolai Ivanovich Bukharin
675,1105,Lev Davidovich Trotsky,Trần Độc Tú
675,803,Lev Davidovich Trotsky,Mikhail Sergeyevich Gorbachyov
675,761,Lev Davidovich Trotsky,Mao Trạch Đông
675,964,Lev Davidovich Trotsky,Robert Service (sử gia)
675,1223,Lev Davidovich Trotsky,Winston Churchill
675,1025,Lev Davidovich Trotsky,Sergey Viktorovich Lavrov
675,187,Lev Davidovich Trotsky,Clement Attlee
675,288,Lev Davidovich Trotsky,Fidel Castro
675,434,Lev Davidovich Trotsky,Hugo Chávez
675,921,Lev Davidovich Trotsky,Noam Chomsky
675,113,Lev Davidovich Trotsky,Bettino Craxi
675,1235,Lev Davidovich Trotsky,Đặng Tiểu Bình
675,178,Lev Davidovich Trotsky,Che Guevara
675,488,Lev Davidovich Trotsky,Hồ Chí Minh
675,854,Lev Davidovich Trotsky,Nikita Sergeyevich Khrushchyov
675,837,Lev Davidovich Trotsky,Nelson Mandela
675,299,Lev Davidovich Trotsky,François Mitterrand
675,864,Lev Davidovich Trotsky,Olof Palme
675,1037,Lev Davidovich Trotsky,Sukarno
676,335,Luigi Luzzatti,Giovanni Giolitti
676,114,Luigi Luzzatti,Bettino Ricasoli
676,1124,Luigi Luzzatti,Urbano Rattazzi
676,274,Luigi Luzzatti,Francesco Crispi
676,64,Luigi Luzzatti,Antonio Salandra
676,29,Luigi Luzzatti,Alcide De Gasperi
676,32,Luigi Luzzatti,Aldo Moro
676,337,Luigi Luzzatti,Giulio Andreotti
676,272,Luigi Luzzatti,Francesco Cossiga
676,77,Luigi Luzzatti,Arnaldo Forlani
676,334,Luigi Luzzatti,Giovanni Spadolini
676,113,Luigi Luzzatti,Bettino Craxi
676,336,Luigi Luzzatti,Giuliano Amato
676,1026,Luigi Luzzatti,Silvio Berlusconi
676,645,Luigi Luzzatti,Lamberto Dini
676,974,Luigi Luzzatti,Romano Prodi
676,733,Luigi Luzzatti,Mario Monti
676,255,Luigi Luzzatti,Enrico Letta
676,752,Luigi Luzzatti,Matteo Renzi
676,870,Luigi Luzzatti,Paolo Gentiloni
676,347,Luigi Luzzatti,Giuseppe Conte
676,739,Luigi Luzzatti,Mario Draghi
677,1153,Lyudmila Aleksandrovna Putina,Vladimir Vladimirovich Putin
677,135,Lyudmila Aleksandrovna Putina,Boris Nikolayevich Yeltsin
677,227,Lyudmila Aleksandrovna Putina,Dmitry Anatolyevich Medvedev
678,1230,Luis Arce,Đại học Harvard
679,585,Lutz Graf Schwerin von Krosigk,Joseph Goebbels
679,634,Lutz Graf Schwerin von Krosigk,Konrad Adenauer
679,1173,Lutz Graf Schwerin von Krosigk,Wilhelm Frick
679,866,Lutz Graf Schwerin von Krosigk,Otto von Bismarck
679,671,Lutz Graf Schwerin von Krosigk,Ludwig Erhard
679,398,Lutz Graf Schwerin von Krosigk,Helmut Schmidt
679,406,Lutz Graf Schwerin von Krosigk,Helmut Kohl
679,68,Lutz Graf Schwerin von Krosigk,Angela Merkel
679,862,Lutz Graf Schwerin von Krosigk,Olaf Scholz
680,363,Luis Echeverría,Guadalupe Victoria
680,276,Luis Echeverría,Francisco I. Madero
680,767,Luis Echeverría,Miguel de la Madrid
680,256,Luis Echeverría,Ernesto Zedillo
680,1135,Luis Echeverría,Vicente Fox
680,275,Luis Echeverría,Felipe Calderón
680,257,Luis Echeverría,Enrique Peña Nieto
680,56,Luis Echeverría,Andrés Manuel López Obrador
681,827,Lê Văn Kim,Nguyễn Khánh
681,1114,Lê Văn Kim,Trần Văn Đôn
681,229,Lê Văn Kim,Dương Văn Minh
681,856,Lê Văn Kim,Nguyễn Văn Thiệu
681,842,Lê Văn Kim,Ngô Đình Diệm
681,1118,Lê Văn Kim,Tôn Thất Đính
682,1063,Luigi Pirandello,Theodor Mommsen
682,579,Luigi Pirandello,José Echegaray
682,394,Luigi Pirandello,Henri Bergson
682,1073,Luigi Pirandello,Thomas Mann
682,970,Luigi Pirandello,Roger Martin du Gard
682,1047,Luigi Pirandello,T. S. Eliot
682,1183,Luigi Pirandello,William Faulkner
682,1223,Luigi Pirandello,Winston Churchill
682,453,Luigi Pirandello,Ivo Andrić
682,768,Luigi Pirandello,Miguel Ángel Asturias
682,392,Luigi Pirandello,Heinrich Böll
682,853,Luigi Pirandello,Odysseas Elytis
682,247,Luigi Pirandello,Elias Canetti
682,307,Luigi Pirandello,Gabriel García Márquez
682,1182,Luigi Pirandello,William Golding
682,146,Luigi Pirandello,Camilo José Cela
682,147,Luigi Pirandello,Cao Hành Kiện
682,610,Luigi Pirandello,Kazuo Ishiguro
683,686,Lâu Cần Kiệm,Lý Cường
683,834,Lâu Cần Kiệm,Ngô Chính Long
683,1167,Lâu Cần Kiệm,Tập Cận Bình
683,1082,Lâu Cần Kiệm,Thái Kỳ
683,697,Lâu Cần Kiệm,Lý Hồng Trung
683,1106,Lâu Cần Kiệm,Trần Mẫn Nhĩ
683,826,Lâu Cần Kiệm,Nghê Nhạc Phong
683,1119,Lâu Cần Kiệm,Trịnh Sách Khiết
683,1146,Lâu Cần Kiệm,Vu Vĩ Quốc
683,239,Lâu Cần Kiệm,Doãn Lực
683,698,Lâu Cần Kiệm,Lưu Kỳ (sinh năm 1957)
683,684,Lâu Cần Kiệm,Lý Cán Kiệt
683,1227,Lâu Cần Kiệm,Đỗ Gia Hào
683,692,Lâu Cần Kiệm,Lý Hi
683,1104,Lâu Cần Kiệm,Thầm Di Cầm
683,709,Lâu Cần Kiệm,Lưu Quốc Trung
683,1140,Lâu Cần Kiệm,Trương Quốc Thanh
683,98,Lâu Cần Kiệm,Bayanqolu
683,712,Lâu Cần Kiệm,Lộc Tâm Xã
683,1081,Lâu Cần Kiệm,Thạch Thái Phong
683,1094,Lâu Cần Kiệm,Triệu Lạc Tế
683,690,Lâu Cần Kiệm,Lý Nguyên Triều
684,1167,Lý Cán Kiệt,Tập Cận Bình
684,702,Lý Cán Kiệt,Lý Khắc Cường
684,426,Lý Cán Kiệt,Hoàng Nhuận Thu
684,686,Lý Cán Kiệt,Lý Cường
684,1094,Lý Cán Kiệt,Triệu Lạc Tế
684,1168,Lý Cán Kiệt,Vương Hỗ Ninh
684,1082,Lý Cán Kiệt,Thái Kỳ
684,1231,Lý Cán Kiệt,Đinh Tiết Tường
684,692,Lý Cán Kiệt,Lý Hi
684,239,Lý Cán Kiệt,Doãn Lực
684,1081,Lý Cán Kiệt,Thạch Thái Phong
684,709,Lý Cán Kiệt,Lưu Quốc Trung
684,691,Lý Cán Kiệt,Lý Thư Lỗi
684,697,Lý Cán Kiệt,Lý Hồng Trung
684,427,Lý Cán Kiệt,Hà Vệ Đông
684,431,Lý Cán Kiệt,Hà Lập Phong
684,1140,Lý Cán Kiệt,Trương Quốc Thanh
684,1108,Lý Cán Kiệt,Trần Văn Thanh (chính khách Trung Quốc)
684,1106,Lý Cán Kiệt,Trần Mẫn Nhĩ
684,701,Lý Cán Kiệt,Lưu Kim Quốc
684,1174,Lý Cán Kiệt,Vương Tiểu Hồng
684,1178,Lý Cán Kiệt,Vương Đông Minh
684,433,Lý Cán Kiệt,Hàn Chính (chính khách)
684,834,Lý Cán Kiệt,Ngô Chính Long
684,1104,Lý Cán Kiệt,Thầm Di Cầm
684,1077,Lý Cán Kiệt,Thẩm Dược Dược
684,1096,Lý Cán Kiệt,Trương Quân
684,826,Lý Cán Kiệt,Nghê Nhạc Phong
684,683,Lý Cán Kiệt,Lâu Cần Kiệm
684,1119,Lý Cán Kiệt,Trịnh Sách Khiết
684,1146,Lý Cán Kiệt,Vu Vĩ Quốc
684,698,Lý Cán Kiệt,Lưu Kỳ (sinh năm 1957)
684,1227,Lý Cán Kiệt,Đỗ Gia Hào
684,98,Lý Cán Kiệt,Bayanqolu
684,712,Lý Cán Kiệt,Lộc Tâm Xã
684,1226,Lý Cán Kiệt,Đường Lương Trí
684,689,Lý Cán Kiệt,Lý Quốc Anh
684,1166,Lý Cán Kiệt,Vương Văn Đào
684,651,Lý Cán Kiệt,Lam Phật An
684,231,Lý Cán Kiệt,Dương Đắc Chí
684,1095,Lý Cán Kiệt,Triệu Khắc Chí
684,421,Lý Cán Kiệt,Hoài Tiến Bằng
684,1086,Lý Cán Kiệt,Tiêu Á Khánh
684,630,Lý Cán Kiệt,Kim Tráng Long
684,1165,Lý Cán Kiệt,Vương Quảng Hoa
684,828,Lý Cán Kiệt,Nghê Hồng
684,696,Lý Cán Kiệt,Lạc Thụ Cương
684,1172,Lý Cán Kiệt,Vương Tường Hỉ
684,144,Lý Cán Kiệt,Bùi Kim Giai
684,811,Lý Cán Kiệt,Mã Hiểu Vĩ
684,445,Lý Cán Kiệt,Hầu Khải
685,137,Liz Truss,Boris Johnson
685,959,Liz Truss,Rishi Sunak
685,1065,Liz Truss,Theresa May
685,203,Liz Truss,David Cameron
685,735,Liz Truss,Margaret Thatcher
685,1233,Liz Truss,Đại học Oxford
685,1025,Liz Truss,Sergey Viktorovich Lavrov
685,1036,Liz Truss,Ronald Reagan
685,1223,Liz Truss,Winston Churchill
685,62,Liz Truss,Anthony Eden
685,380,Liz Truss,Harold Macmillan
685,39,Liz Truss,Alec Douglas-Home
685,381,Liz Truss,Harold Wilson
685,477,Liz Truss,James Callaghan
685,353,Liz Truss,Gordon Brown
686,702,Lý Cường,Lý Khắc Cường
686,1167,Lý Cường,Tập Cận Bình
686,433,Lý Cường,Hàn Chính (chính khách)
686,683,Lý Cường,Lâu Cần Kiệm
686,430,Lý Cường,Hạ Bảo Long
686,887,Lý Cường,Pedro Sánchez
686,386,Lý Cường,Hayashi Yoshimasa
686,284,Lý Cường,Frank-Walter Steinmeier
686,862,Lý Cường,Olaf Scholz
686,267,Lý Cường,Emmanuel Macron
686,159,Lý Cường,Charles Michel
686,1094,Lý Cường,Triệu Lạc Tế
686,1168,Lý Cường,Vương Hỗ Ninh
686,1082,Lý Cường,Thái Kỳ
686,1231,Lý Cường,Đinh Tiết Tường
686,692,Lý Cường,Lý Hi
686,239,Lý Cường,Doãn Lực
686,1081,Lý Cường,Thạch Thái Phong
686,709,Lý Cường,Lưu Quốc Trung
686,684,Lý Cường,Lý Cán Kiệt
686,691,Lý Cường,Lý Thư Lỗi
686,697,Lý Cường,Lý Hồng Trung
686,427,Lý Cường,Hà Vệ Đông
686,431,Lý Cường,Hà Lập Phong
686,1140,Lý Cường,Trương Quốc Thanh
686,1108,Lý Cường,Trần Văn Thanh (chính khách Trung Quốc)
686,1106,Lý Cường,Trần Mẫn Nhĩ
686,701,Lý Cường,Lưu Kim Quốc
686,1174,Lý Cường,Vương Tiểu Hồng
686,1178,Lý Cường,Vương Đông Minh
686,834,Lý Cường,Ngô Chính Long
686,1104,Lý Cường,Thầm Di Cầm
686,1077,Lý Cường,Thẩm Dược Dược
686,1096,Lý Cường,Trương Quân
686,715,Lý Cường,Lật Chiến Thư
686,1132,Lý Cường,Uông Dương
686,1162,Lý Cường,Vương Kỳ Sơn
686,1095,Lý Cường,Triệu Khắc Chí
686,421,Lý Cường,Hoài Tiến Bằng
686,630,Lý Cường,Kim Tráng Long
686,1103,Lý Cường,Trần Nhất Tân
686,439,Lý Cường,Hạ Vinh
686,1156,Lý Cường,Vương Hiểu Bình
686,1165,Lý Cường,Vương Quảng Hoa
686,426,Lý Cường,Hoàng Nhuận Thu
686,828,Lý Cường,Nghê Hồng
686,689,Lý Cường,Lý Quốc Anh
686,1166,Lý Cường,Vương Văn Đào
686,1172,Lý Cường,Vương Tường Hỉ
686,144,Lý Cường,Bùi Kim Giai
686,1119,Lý Cường,Trịnh Sách Khiết
686,899,Lý Cường,Phan Nhạc (chính khách)
686,811,Lý Cường,Mã Hiểu Vĩ
686,893,Lý Cường,Phan Công Thắng
686,445,Lý Cường,Hầu Khải
686,342,Lý Cường,Giang Trạch Dân
686,180,Lý Cường,Chu Dung Cơ
686,829,Lý Cường,Ngô Bang Quốc
686,416,Lý Cường,Hoàng Cúc
686,690,Lý Cường,Lý Nguyên Triều
686,1098,Lý Cường,Trương Đức Giang
686,1088,Lý Cường,Triệu Hồng Chúc
686,826,Lý Cường,Nghê Nhạc Phong
686,1146,Lý Cường,Vu Vĩ Quốc
686,698,Lý Cường,Lưu Kỳ (sinh năm 1957)
686,1227,Lý Cường,Đỗ Gia Hào
686,98,Lý Cường,Bayanqolu
686,712,Lý Cường,Lộc Tâm Xã
687,702,Lý Hiểu Hồng,Lý Khắc Cường
687,1167,Lý Hiểu Hồng,Tập Cận Bình
688,419,Lyndon B. Johnson,Hubert Humphrey
688,549,Lyndon B. Johnson,John F. Kennedy
688,968,Lyndon B. Johnson,Richard Nixon
688,644,Lyndon B. Johnson,Lady Bird Johnson
688,292,Lyndon B. Johnson,Franklin D. Roosevelt
688,561,Lyndon B. Johnson,John Nance Garner
688,228,Lyndon B. Johnson,Dwight D. Eisenhower
688,952,Lyndon B. Johnson,Robert F. Kennedy
688,539,Lyndon B. Johnson,John Adams
688,1083,Lyndon B. Johnson,Thomas Jefferson
688,483,Lyndon B. Johnson,James Madison
688,482,Lyndon B. Johnson,James Monroe
688,562,Lyndon B. Johnson,John Quincy Adams
688,1190,Lyndon B. Johnson,William Henry Harrison
688,568,Lyndon B. Johnson,John Tyler
688,473,Lyndon B. Johnson,James K. Polk
688,286,Lyndon B. Johnson,Franklin Pierce
688,469,Lyndon B. Johnson,James Buchanan
688,1127,Lyndon B. Johnson,Ulysses S. Grant
688,993,Lyndon B. Johnson,Rutherford B. Hayes
688,470,Lyndon B. Johnson,James A. Garfield
688,170,Lyndon B. Johnson,Chester A. Arthur
688,108,Lyndon B. Johnson,Benjamin Harrison
688,1206,Lyndon B. Johnson,William McKinley
688,1080,Lyndon B. Johnson,Theodore Roosevelt
688,1189,Lyndon B. Johnson,William Howard Taft
688,1201,Lyndon B. Johnson,Woodrow Wilson
688,1170,Lyndon B. Johnson,Warren G. Harding
688,143,Lyndon B. Johnson,Calvin Coolidge
688,405,Lyndon B. Johnson,Herbert Hoover
688,389,Lyndon B. Johnson,Harry S. Truman
688,340,Lyndon B. Johnson,Gerald Ford
688,548,Lyndon B. Johnson,Jimmy Carter
688,1036,Lyndon B. Johnson,Ronald Reagan
688,319,Lyndon B. Johnson,George H. W. Bush
688,119,Lyndon B. Johnson,Bill Clinton
688,330,Lyndon B. Johnson,George W. Bush
688,156,Lyndon B. Johnson,Barack Obama
688,298,Lyndon B. Johnson,Donald Trump
688,565,Lyndon B. Johnson,Joe Biden
688,246,Lyndon B. Johnson,Elbridge Gerry
688,192,Lyndon B. Johnson,Daniel D. Tompkins
688,538,Lyndon B. Johnson,John C. Calhoun
688,938,Lyndon B. Johnson,Richard Mentor Johnson
688,314,Lyndon B. Johnson,George M. Dallas
688,1187,Lyndon B. Johnson,William R. King
688,535,Lyndon B. Johnson,John C. Breckinridge
688,1179,Lyndon B. Johnson,William A. Wheeler
688,1066,Lyndon B. Johnson,Thomas A. Hendricks
688,9,Lyndon B. Johnson,Adlai Stevenson I
688,302,Lyndon B. Johnson,Garret Hobart
688,160,Lyndon B. Johnson,Charles W. Fairbanks
688,481,Lyndon B. Johnson,James S. Sherman
688,1072,Lyndon B. Johnson,Thomas R. Marshall
688,153,Lyndon B. Johnson,Charles G. Dawes
688,409,Lyndon B. Johnson,Henry A. Wallace
688,24,Lyndon B. Johnson,Alben W. Barkley
688,832,Lyndon B. Johnson,Nelson Rockefeller
688,1169,Lyndon B. Johnson,Walter Mondale
688,211,Lyndon B. Johnson,Dick Cheney
688,773,Lyndon B. Johnson,Mike Pence
688,628,Lyndon B. Johnson,Kamala Harris
688,466,Lyndon B. Johnson,JD Vance
689,702,Lý Quốc Anh,Lý Khắc Cường
689,1167,Lý Quốc Anh,Tập Cận Bình
689,686,Lý Quốc Anh,Lý Cường
689,1231,Lý Quốc Anh,Đinh Tiết Tường
689,431,Lý Quốc Anh,Hà Lập Phong
689,1140,Lý Quốc Anh,Trương Quốc Thanh
689,709,Lý Quốc Anh,Lưu Quốc Trung
689,1174,Lý Quốc Anh,Vương Tiểu Hồng
689,834,Lý Quốc Anh,Ngô Chính Long
689,1104,Lý Quốc Anh,Thầm Di Cầm
689,421,Lý Quốc Anh,Hoài Tiến Bằng
689,630,Lý Quốc Anh,Kim Tráng Long
689,1103,Lý Quốc Anh,Trần Nhất Tân
689,439,Lý Quốc Anh,Hạ Vinh
689,1156,Lý Quốc Anh,Vương Hiểu Bình
689,1165,Lý Quốc Anh,Vương Quảng Hoa
689,426,Lý Quốc Anh,Hoàng Nhuận Thu
689,828,Lý Quốc Anh,Nghê Hồng
689,1166,Lý Quốc Anh,Vương Văn Đào
689,1172,Lý Quốc Anh,Vương Tường Hỉ
689,144,Lý Quốc Anh,Bùi Kim Giai
689,1119,Lý Quốc Anh,Trịnh Sách Khiết
689,899,Lý Quốc Anh,Phan Nhạc (chính khách)
689,811,Lý Quốc Anh,Mã Hiểu Vĩ
689,893,Lý Quốc Anh,Phan Công Thắng
689,445,Lý Quốc Anh,Hầu Khải
689,433,Lý Quốc Anh,Hàn Chính (chính khách)
689,1095,Lý Quốc Anh,Triệu Khắc Chí
689,1086,Lý Quốc Anh,Tiêu Á Khánh
689,1108,Lý Quốc Anh,Trần Văn Thanh (chính khách Trung Quốc)
689,684,Lý Quốc Anh,Lý Cán Kiệt
689,696,Lý Quốc Anh,Lạc Thụ Cương
689,1226,Lý Quốc Anh,Đường Lương Trí
689,651,Lý Quốc Anh,Lam Phật An
689,239,Lý Quốc Anh,Doãn Lực
690,1167,Lý Nguyên Triều,Tập Cận Bình
690,1162,Lý Nguyên Triều,Vương Kỳ Sơn
690,457,Lý Nguyên Triều,Hồ Cẩm Đào
690,1094,Lý Nguyên Triều,Triệu Lạc Tế
690,1098,Lý Nguyên Triều,Trương Đức Giang
690,686,Lý Nguyên Triều,Lý Cường
690,683,Lý Nguyên Triều,Lâu Cần Kiệm
690,834,Lý Nguyên Triều,Ngô Chính Long
690,1081,Lý Nguyên Triều,Thạch Thái Phong
691,1167,Lý Thư Lỗi,Tập Cận Bình
691,702,Lý Thư Lỗi,Lý Khắc Cường
691,427,Lý Thư Lỗi,Hà Vệ Đông
691,686,Lý Thư Lỗi,Lý Cường
691,1094,Lý Thư Lỗi,Triệu Lạc Tế
691,1168,Lý Thư Lỗi,Vương Hỗ Ninh
691,1082,Lý Thư Lỗi,Thái Kỳ
691,1231,Lý Thư Lỗi,Đinh Tiết Tường
691,692,Lý Thư Lỗi,Lý Hi
691,239,Lý Thư Lỗi,Doãn Lực
691,1081,Lý Thư Lỗi,Thạch Thái Phong
691,709,Lý Thư Lỗi,Lưu Quốc Trung
691,684,Lý Thư Lỗi,Lý Cán Kiệt
691,697,Lý Thư Lỗi,Lý Hồng Trung
691,431,Lý Thư Lỗi,Hà Lập Phong
691,1140,Lý Thư Lỗi,Trương Quốc Thanh
691,1108,Lý Thư Lỗi,Trần Văn Thanh (chính khách Trung Quốc)
691,1106,Lý Thư Lỗi,Trần Mẫn Nhĩ
691,701,Lý Thư Lỗi,Lưu Kim Quốc
691,1174,Lý Thư Lỗi,Vương Tiểu Hồng
691,1178,Lý Thư Lỗi,Vương Đông Minh
691,433,Lý Thư Lỗi,Hàn Chính (chính khách)
691,834,Lý Thư Lỗi,Ngô Chính Long
691,1104,Lý Thư Lỗi,Thầm Di Cầm
691,1077,Lý Thư Lỗi,Thẩm Dược Dược
691,1096,Lý Thư Lỗi,Trương Quân
692,1167,Lý Hi,Tập Cận Bình
692,1094,Lý Hi,Triệu Lạc Tế
692,686,Lý Hi,Lý Cường
692,1168,Lý Hi,Vương Hỗ Ninh
692,1082,Lý Hi,Thái Kỳ
692,1231,Lý Hi,Đinh Tiết Tường
692,239,Lý Hi,Doãn Lực
692,1081,Lý Hi,Thạch Thái Phong
692,709,Lý Hi,Lưu Quốc Trung
692,684,Lý Hi,Lý Cán Kiệt
692,691,Lý Hi,Lý Thư Lỗi
692,697,Lý Hi,Lý Hồng Trung
692,427,Lý Hi,Hà Vệ Đông
692,431,Lý Hi,Hà Lập Phong
692,1140,Lý Hi,Trương Quốc Thanh
692,1108,Lý Hi,Trần Văn Thanh (chính khách Trung Quốc)
692,1106,Lý Hi,Trần Mẫn Nhĩ
692,701,Lý Hi,Lưu Kim Quốc
692,1174,Lý Hi,Vương Tiểu Hồng
692,1178,Lý Hi,Vương Đông Minh
692,433,Lý Hi,Hàn Chính (chính khách)
692,834,Lý Hi,Ngô Chính Long
692,1104,Lý Hi,Thầm Di Cầm
692,1077,Lý Hi,Thẩm Dược Dược
692,1096,Lý Hi,Trương Quân
692,702,Lý Hi,Lý Khắc Cường
692,715,Lý Hi,Lật Chiến Thư
692,1132,Lý Hi,Uông Dương
692,1162,Lý Hi,Vương Kỳ Sơn
692,1095,Lý Hi,Triệu Khắc Chí
692,430,Lý Hi,Hạ Bảo Long
692,826,Lý Hi,Nghê Nhạc Phong
692,683,Lý Hi,Lâu Cần Kiệm
692,1119,Lý Hi,Trịnh Sách Khiết
692,1146,Lý Hi,Vu Vĩ Quốc
692,698,Lý Hi,Lưu Kỳ (sinh năm 1957)
692,1227,Lý Hi,Đỗ Gia Hào
692,98,Lý Hi,Bayanqolu
692,712,Lý Hi,Lộc Tâm Xã
692,218,Lý Hi,Diệp Kiếm Anh
692,1098,Lý Hi,Trương Đức Giang
692,136,Lý Hi,Bạc Hy Lai
693,1120,Lý Đăng Huy,Tưởng Kinh Quốc
693,1111,Lý Đăng Huy,Trần Thủy Biển
694,1167,Lưu Kết Nhất,Tập Cận Bình
695,1002,Lý Hiển Long,Sellapan Ramanathan
695,1100,Lý Hiển Long,Trần Khánh Viêm
695,374,Lý Hiển Long,Halimah Yacob
695,1059,Lý Hiển Long,Tharman Shanmugaratnam
695,1093,Lý Hiển Long,Trương Chí Hiền
695,423,Lý Hiển Long,Hoàng Tuần Tài
695,836,Lý Hiển Long,Ngô Tác Đống
695,1230,Lý Hiển Long,Đại học Harvard
695,1234,Lý Hiển Long,Đại học Cambridge
695,547,Lý Hiển Long,John Howard
695,910,Lý Hiển Long,Prem Tinsulanonda
696,702,Lạc Thụ Cương,Lý Khắc Cường
696,433,Lạc Thụ Cương,Hàn Chính (chính khách)
696,1095,Lạc Thụ Cương,Triệu Khắc Chí
696,1174,Lạc Thụ Cương,Vương Tiểu Hồng
696,421,Lạc Thụ Cương,Hoài Tiến Bằng
696,1086,Lạc Thụ Cương,Tiêu Á Khánh
696,630,Lạc Thụ Cương,Kim Tráng Long
696,1108,Lạc Thụ Cương,Trần Văn Thanh (chính khách Trung Quốc)
696,1165,Lạc Thụ Cương,Vương Quảng Hoa
696,684,Lạc Thụ Cương,Lý Cán Kiệt
696,426,Lạc Thụ Cương,Hoàng Nhuận Thu
696,828,Lạc Thụ Cương,Nghê Hồng
696,689,Lạc Thụ Cương,Lý Quốc Anh
696,1166,Lạc Thụ Cương,Vương Văn Đào
696,1172,Lạc Thụ Cương,Vương Tường Hỉ
696,144,Lạc Thụ Cương,Bùi Kim Giai
696,431,Lạc Thụ Cương,Hà Lập Phong
696,811,Lạc Thụ Cương,Mã Hiểu Vĩ
696,445,Lạc Thụ Cương,Hầu Khải
697,1106,Lý Hồng Trung,Trần Mẫn Nhĩ
697,1167,Lý Hồng Trung,Tập Cận Bình
697,686,Lý Hồng Trung,Lý Cường
697,1094,Lý Hồng Trung,Triệu Lạc Tế
697,1168,Lý Hồng Trung,Vương Hỗ Ninh
697,1082,Lý Hồng Trung,Thái Kỳ
697,1231,Lý Hồng Trung,Đinh Tiết Tường
697,692,Lý Hồng Trung,Lý Hi
697,239,Lý Hồng Trung,Doãn Lực
697,1081,Lý Hồng Trung,Thạch Thái Phong
697,709,Lý Hồng Trung,Lưu Quốc Trung
697,684,Lý Hồng Trung,Lý Cán Kiệt
697,691,Lý Hồng Trung,Lý Thư Lỗi
697,427,Lý Hồng Trung,Hà Vệ Đông
697,431,Lý Hồng Trung,Hà Lập Phong
697,1140,Lý Hồng Trung,Trương Quốc Thanh
697,1108,Lý Hồng Trung,Trần Văn Thanh (chính khách Trung Quốc)
697,701,Lý Hồng Trung,Lưu Kim Quốc
697,1174,Lý Hồng Trung,Vương Tiểu Hồng
697,1178,Lý Hồng Trung,Vương Đông Minh
697,433,Lý Hồng Trung,Hàn Chính (chính khách)
697,834,Lý Hồng Trung,Ngô Chính Long
697,1104,Lý Hồng Trung,Thầm Di Cầm
697,1077,Lý Hồng Trung,Thẩm Dược Dược
697,1096,Lý Hồng Trung,Trương Quân
697,702,Lý Hồng Trung,Lý Khắc Cường
697,715,Lý Hồng Trung,Lật Chiến Thư
697,1132,Lý Hồng Trung,Uông Dương
697,1162,Lý Hồng Trung,Vương Kỳ Sơn
697,1095,Lý Hồng Trung,Triệu Khắc Chí
697,430,Lý Hồng Trung,Hạ Bảo Long
697,826,Lý Hồng Trung,Nghê Nhạc Phong
697,683,Lý Hồng Trung,Lâu Cần Kiệm
697,1119,Lý Hồng Trung,Trịnh Sách Khiết
697,1146,Lý Hồng Trung,Vu Vĩ Quốc
697,698,Lý Hồng Trung,Lưu Kỳ (sinh năm 1957)
697,1227,Lý Hồng Trung,Đỗ Gia Hào
697,98,Lý Hồng Trung,Bayanqolu
697,712,Lý Hồng Trung,Lộc Tâm Xã
698,712,Lưu Kỳ (sinh năm 1957),Lộc Tâm Xã
698,1082,Lưu Kỳ (sinh năm 1957),Thái Kỳ
698,686,Lưu Kỳ (sinh năm 1957),Lý Cường
698,697,Lưu Kỳ (sinh năm 1957),Lý Hồng Trung
698,1106,Lưu Kỳ (sinh năm 1957),Trần Mẫn Nhĩ
698,826,Lưu Kỳ (sinh năm 1957),Nghê Nhạc Phong
698,683,Lưu Kỳ (sinh năm 1957),Lâu Cần Kiệm
698,834,Lưu Kỳ (sinh năm 1957),Ngô Chính Long
698,1119,Lưu Kỳ (sinh năm 1957),Trịnh Sách Khiết
698,1146,Lưu Kỳ (sinh năm 1957),Vu Vĩ Quốc
698,239,Lưu Kỳ (sinh năm 1957),Doãn Lực
698,684,Lưu Kỳ (sinh năm 1957),Lý Cán Kiệt
698,1227,Lưu Kỳ (sinh năm 1957),Đỗ Gia Hào
698,692,Lưu Kỳ (sinh năm 1957),Lý Hi
698,1104,Lưu Kỳ (sinh năm 1957),Thầm Di Cầm
698,709,Lưu Kỳ (sinh năm 1957),Lưu Quốc Trung
698,1140,Lưu Kỳ (sinh năm 1957),Trương Quốc Thanh
698,98,Lưu Kỳ (sinh năm 1957),Bayanqolu
698,1081,Lưu Kỳ (sinh năm 1957),Thạch Thái Phong
699,702,Lý Gia Siêu,Lý Khắc Cường
699,686,Lý Gia Siêu,Lý Cường
699,1167,Lý Gia Siêu,Tập Cận Bình
699,1215,Lý Gia Siêu,Ân Dũng
699,651,Lý Gia Siêu,Lam Phật An
700,1208,Lý Thừa Vãn,Yun Bo-seon
700,1230,Lý Thừa Vãn,Đại học Harvard
700,1080,Lý Thừa Vãn,Theodore Roosevelt
700,1201,Lý Thừa Vãn,Woodrow Wilson
700,292,Lý Thừa Vãn,Franklin D. Roosevelt
700,1125,Lý Thừa Vãn,Tưởng Giới Thạch
700,389,Lý Thừa Vãn,Harry S. Truman
700,880,Lý Thừa Vãn,Park Chung-hee
700,166,Lý Thừa Vãn,Choi Kyu-hah
700,623,Lý Thừa Vãn,Kim Young-sam
700,631,Lý Thừa Vãn,Kim Dae-jung
700,674,Lý Thừa Vãn,Lee Myung-bak
700,872,Lý Thừa Vãn,Park Geun-hye
700,813,Lý Thừa Vãn,Moon Jae-in
700,1216,Lý Thừa Vãn,Yoon Suk-yeol
700,661,Lý Thừa Vãn,Lee Jae-myung
701,1167,Lưu Kim Quốc,Tập Cận Bình
701,686,Lưu Kim Quốc,Lý Cường
701,1094,Lưu Kim Quốc,Triệu Lạc Tế
701,1168,Lưu Kim Quốc,Vương Hỗ Ninh
701,1082,Lưu Kim Quốc,Thái Kỳ
701,1231,Lưu Kim Quốc,Đinh Tiết Tường
701,692,Lưu Kim Quốc,Lý Hi
701,239,Lưu Kim Quốc,Doãn Lực
701,1081,Lưu Kim Quốc,Thạch Thái Phong
701,709,Lưu Kim Quốc,Lưu Quốc Trung
701,684,Lưu Kim Quốc,Lý Cán Kiệt
701,691,Lưu Kim Quốc,Lý Thư Lỗi
701,697,Lưu Kim Quốc,Lý Hồng Trung
701,427,Lưu Kim Quốc,Hà Vệ Đông
701,431,Lưu Kim Quốc,Hà Lập Phong
701,1140,Lưu Kim Quốc,Trương Quốc Thanh
701,1108,Lưu Kim Quốc,Trần Văn Thanh (chính khách Trung Quốc)
701,1106,Lưu Kim Quốc,Trần Mẫn Nhĩ
701,1174,Lưu Kim Quốc,Vương Tiểu Hồng
701,1178,Lưu Kim Quốc,Vương Đông Minh
701,433,Lưu Kim Quốc,Hàn Chính (chính khách)
701,834,Lưu Kim Quốc,Ngô Chính Long
701,1104,Lưu Kim Quốc,Thầm Di Cầm
701,1077,Lưu Kim Quốc,Thẩm Dược Dược
701,1096,Lưu Kim Quốc,Trương Quân
702,686,Lý Khắc Cường,Lý Cường
702,1132,Lý Khắc Cường,Uông Dương
702,416,Lý Khắc Cường,Hoàng Cúc
702,1167,Lý Khắc Cường,Tập Cận Bình
702,457,Lý Khắc Cường,Hồ Cẩm Đào
702,715,Lý Khắc Cường,Lật Chiến Thư
702,1168,Lý Khắc Cường,Vương Hỗ Ninh
702,1094,Lý Khắc Cường,Triệu Lạc Tế
702,433,Lý Khắc Cường,Hàn Chính (chính khách)
702,199,Lý Khắc Cường,Chu Ân Lai
702,180,Lý Khắc Cường,Chu Dung Cơ
702,1082,Lý Khắc Cường,Thái Kỳ
702,1231,Lý Khắc Cường,Đinh Tiết Tường
702,692,Lý Khắc Cường,Lý Hi
702,239,Lý Khắc Cường,Doãn Lực
702,427,Lý Khắc Cường,Hà Vệ Đông
702,1081,Lý Khắc Cường,Thạch Thái Phong
702,709,Lý Khắc Cường,Lưu Quốc Trung
702,684,Lý Khắc Cường,Lý Cán Kiệt
702,697,Lý Khắc Cường,Lý Hồng Trung
702,691,Lý Khắc Cường,Lý Thư Lỗi
702,431,Lý Khắc Cường,Hà Lập Phong
702,1140,Lý Khắc Cường,Trương Quốc Thanh
702,1106,Lý Khắc Cường,Trần Mẫn Nhĩ
702,701,Lý Khắc Cường,Lưu Kim Quốc
702,1174,Lý Khắc Cường,Vương Tiểu Hồng
702,1077,Lý Khắc Cường,Thẩm Dược Dược
702,1178,Lý Khắc Cường,Vương Đông Minh
702,1095,Lý Khắc Cường,Triệu Khắc Chí
702,430,Lý Khắc Cường,Hạ Bảo Long
702,1096,Lý Khắc Cường,Trương Quân
702,421,Lý Khắc Cường,Hoài Tiến Bằng
702,1086,Lý Khắc Cường,Tiêu Á Khánh
702,630,Lý Khắc Cường,Kim Tráng Long
702,1108,Lý Khắc Cường,Trần Văn Thanh (chính khách Trung Quốc)
702,1165,Lý Khắc Cường,Vương Quảng Hoa
702,426,Lý Khắc Cường,Hoàng Nhuận Thu
702,828,Lý Khắc Cường,Nghê Hồng
702,689,Lý Khắc Cường,Lý Quốc Anh
702,1166,Lý Khắc Cường,Vương Văn Đào
702,696,Lý Khắc Cường,Lạc Thụ Cương
702,1172,Lý Khắc Cường,Vương Tường Hỉ
702,144,Lý Khắc Cường,Bùi Kim Giai
702,811,Lý Khắc Cường,Mã Hiểu Vĩ
702,445,Lý Khắc Cường,Hầu Khải
702,136,Lý Khắc Cường,Bạc Hy Lai
702,432,Lý Khắc Cường,Hạ Quân Khoa
703,1167,Lục Trị Nguyên,Tập Cận Bình
703,684,Lục Trị Nguyên,Lý Cán Kiệt
704,601,Maehara Seiji,Kan Naoto
704,390,Maehara Seiji,Hatoyama Yukio
705,303,Machimura Nobutaka,Fukuda Yasuo
705,19,Machimura Nobutaka,Abe Shinzō
705,90,Machimura Nobutaka,Asō Tarō
706,1234,Mahbub ul Haq,Đại học Cambridge
706,54,Mahbub ul Haq,Amartya Sen
706,1230,Mahbub ul Haq,Đại học Harvard
707,451,Mahmoud Abbas,Ismail Haniyeh
708,1027,Magdalena Andersson,Stefan Löfven
708,1121,Magdalena Andersson,Ulf Kristersson
708,159,Magdalena Andersson,Charles Michel
708,603,Magdalena Andersson,Karl Nehammer
708,48,Magdalena Andersson,Andrej Babiš
708,757,Magdalena Andersson,Mette Frederiksen
708,598,Magdalena Andersson,Kaja Kallas
708,1004,Magdalena Andersson,Sanna Marin
708,267,Magdalena Andersson,Emmanuel Macron
708,862,Magdalena Andersson,Olaf Scholz
708,648,Magdalena Andersson,Kyriakos Mitsotakis
708,766,Magdalena Andersson,Micheál Martin
708,264,Magdalena Andersson,Evika Siliņa
708,338,Magdalena Andersson,Gitanas Nausėda
708,1199,Magdalena Andersson,Xavier Bettel
708,953,Magdalena Andersson,Robert Abela
708,741,Magdalena Andersson,Mark Rutte
708,219,Magdalena Andersson,Donald Tusk
708,72,Magdalena Andersson,António Costa
708,626,Magdalena Andersson,Klaus Iohannis
708,496,Magdalena Andersson,Janez Janša
708,887,Magdalena Andersson,Pedro Sánchez
709,686,Lưu Quốc Trung,Lý Cường
709,1167,Lưu Quốc Trung,Tập Cận Bình
709,98,Lưu Quốc Trung,Bayanqolu
709,1094,Lưu Quốc Trung,Triệu Lạc Tế
709,1168,Lưu Quốc Trung,Vương Hỗ Ninh
709,1082,Lưu Quốc Trung,Thái Kỳ
709,1231,Lưu Quốc Trung,Đinh Tiết Tường
709,692,Lưu Quốc Trung,Lý Hi
709,239,Lưu Quốc Trung,Doãn Lực
709,1081,Lưu Quốc Trung,Thạch Thái Phong
709,684,Lưu Quốc Trung,Lý Cán Kiệt
709,691,Lưu Quốc Trung,Lý Thư Lỗi
709,697,Lưu Quốc Trung,Lý Hồng Trung
709,427,Lưu Quốc Trung,Hà Vệ Đông
709,431,Lưu Quốc Trung,Hà Lập Phong
709,1140,Lưu Quốc Trung,Trương Quốc Thanh
709,1108,Lưu Quốc Trung,Trần Văn Thanh (chính khách Trung Quốc)
709,1106,Lưu Quốc Trung,Trần Mẫn Nhĩ
709,701,Lưu Quốc Trung,Lưu Kim Quốc
709,1174,Lưu Quốc Trung,Vương Tiểu Hồng
709,1178,Lưu Quốc Trung,Vương Đông Minh
709,433,Lưu Quốc Trung,Hàn Chính (chính khách)
709,834,Lưu Quốc Trung,Ngô Chính Long
709,1104,Lưu Quốc Trung,Thầm Di Cầm
709,1077,Lưu Quốc Trung,Thẩm Dược Dược
709,1096,Lưu Quốc Trung,Trương Quân
709,421,Lưu Quốc Trung,Hoài Tiến Bằng
709,630,Lưu Quốc Trung,Kim Tráng Long
709,1103,Lưu Quốc Trung,Trần Nhất Tân
709,439,Lưu Quốc Trung,Hạ Vinh
709,1156,Lưu Quốc Trung,Vương Hiểu Bình
709,1165,Lưu Quốc Trung,Vương Quảng Hoa
709,426,Lưu Quốc Trung,Hoàng Nhuận Thu
709,828,Lưu Quốc Trung,Nghê Hồng
709,689,Lưu Quốc Trung,Lý Quốc Anh
709,1166,Lưu Quốc Trung,Vương Văn Đào
709,1172,Lưu Quốc Trung,Vương Tường Hỉ
709,144,Lưu Quốc Trung,Bùi Kim Giai
709,1119,Lưu Quốc Trung,Trịnh Sách Khiết
709,899,Lưu Quốc Trung,Phan Nhạc (chính khách)
709,811,Lưu Quốc Trung,Mã Hiểu Vĩ
709,893,Lưu Quốc Trung,Phan Công Thắng
709,445,Lưu Quốc Trung,Hầu Khải
709,826,Lưu Quốc Trung,Nghê Nhạc Phong
709,651,Lưu Quốc Trung,Lam Phật An
709,429,Lưu Quốc Trung,Hác Bằng
709,1215,Lưu Quốc Trung,Ân Dũng
709,699,Lưu Quốc Trung,Lý Gia Siêu
709,1226,Lưu Quốc Trung,Đường Lương Trí
709,683,Lưu Quốc Trung,Lâu Cần Kiệm
709,1098,Lưu Quốc Trung,Trương Đức Giang
710,1056,Mahathir Mohamad,Thabo Mbeki
710,1153,Mahathir Mohamad,Vladimir Vladimirovich Putin
710,735,Mahathir Mohamad,Margaret Thatcher
710,776,Mahathir Mohamad,Mike Pompeo
710,816,Mahathir Mohamad,Narendra Modi
710,966,Mahathir Mohamad,Rodrigo Duterte
710,570,Mahathir Mohamad,Joko Widodo
711,1197,Mamnoon Hussain,Yahya Khan
711,1225,Mamnoon Hussain,Zulfikar Ali Bhutto
711,804,Mamnoon Hussain,Muhammad Zia-ul-Haq
711,884,Mamnoon Hussain,Pervez Musharraf
711,799,Mamnoon Hussain,Muhammad Mian Soomro
712,698,Lộc Tâm Xã,Lưu Kỳ (sinh năm 1957)
712,1082,Lộc Tâm Xã,Thái Kỳ
712,686,Lộc Tâm Xã,Lý Cường
712,697,Lộc Tâm Xã,Lý Hồng Trung
712,1106,Lộc Tâm Xã,Trần Mẫn Nhĩ
712,826,Lộc Tâm Xã,Nghê Nhạc Phong
712,683,Lộc Tâm Xã,Lâu Cần Kiệm
712,834,Lộc Tâm Xã,Ngô Chính Long
712,1119,Lộc Tâm Xã,Trịnh Sách Khiết
712,1146,Lộc Tâm Xã,Vu Vĩ Quốc
712,239,Lộc Tâm Xã,Doãn Lực
712,684,Lộc Tâm Xã,Lý Cán Kiệt
712,1227,Lộc Tâm Xã,Đỗ Gia Hào
712,692,Lộc Tâm Xã,Lý Hi
712,1104,Lộc Tâm Xã,Thầm Di Cầm
712,709,Lộc Tâm Xã,Lưu Quốc Trung
712,1140,Lộc Tâm Xã,Trương Quốc Thanh
712,98,Lộc Tâm Xã,Bayanqolu
712,1081,Lộc Tâm Xã,Thạch Thái Phong
713,1078,Lại Thanh Đức,Thái Anh Văn
713,1230,Lại Thanh Đức,Đại học Harvard
713,1111,Lại Thanh Đức,Trần Thủy Biển
713,63,Lại Thanh Đức,Anthony Albanese
713,1167,Lại Thanh Đức,Tập Cận Bình
713,699,Lại Thanh Đức,Lý Gia Siêu
713,906,Lại Thanh Đức,Prabowo Subianto
713,1057,Lại Thanh Đức,Takaichi Sanae
713,661,Lại Thanh Đức,Lee Jae-myung
713,186,Lại Thanh Đức,Claudia Sheinbaum
713,184,Lại Thanh Đức,Christopher Luxon
713,475,Lại Thanh Đức,James Marape
713,589,Lại Thanh Đức,José Jerí
713,122,Lại Thanh Đức,Bongbong Marcos
713,423,Lại Thanh Đức,Hoàng Tuần Tài
713,84,Lại Thanh Đức,Anutin Charnvirakul
713,298,Lại Thanh Đức,Donald Trump
713,722,Lại Thanh Đức,Lương Cường
714,348,Malcolm Fraser,Gough Whitlam
714,120,Malcolm Fraser,Bob Hawke
714,1184,Malcolm Fraser,William McMahon
714,543,Malcolm Fraser,John Gorton
714,377,Malcolm Fraser,Harold Holt
714,559,Malcolm Fraser,John McEwen
714,235,Malcolm Fraser,Edmund Barton
714,44,Malcolm Fraser,Alfred Deakin
714,318,Malcolm Fraser,George Reid (chính khách Úc)
714,52,Malcolm Fraser,Andrew Fisher
714,1032,Malcolm Fraser,Stanley Bruce
714,236,Malcolm Fraser,Earle Page
714,960,Malcolm Fraser,Robert Menzies
714,282,Malcolm Fraser,Frank Forde
714,547,Malcolm Fraser,John Howard
714,620,Malcolm Fraser,Kevin Rudd
714,597,Malcolm Fraser,Julia Gillard
714,1084,Malcolm Fraser,Tony Abbott
714,717,Malcolm Fraser,Malcolm Turnbull
714,1003,Malcolm Fraser,Scott Morrison
714,63,Malcolm Fraser,Anthony Albanese
715,1098,Lật Chiến Thư,Trương Đức Giang
715,1094,Lật Chiến Thư,Triệu Lạc Tế
715,1231,Lật Chiến Thư,Đinh Tiết Tường
715,1095,Lật Chiến Thư,Triệu Khắc Chí
715,1167,Lật Chiến Thư,Tập Cận Bình
715,702,Lật Chiến Thư,Lý Khắc Cường
715,1132,Lật Chiến Thư,Uông Dương
715,1168,Lật Chiến Thư,Vương Hỗ Ninh
715,433,Lật Chiến Thư,Hàn Chính (chính khách)
715,686,Lật Chiến Thư,Lý Cường
715,1082,Lật Chiến Thư,Thái Kỳ
715,692,Lật Chiến Thư,Lý Hi
715,239,Lật Chiến Thư,Doãn Lực
715,427,Lật Chiến Thư,Hà Vệ Đông
715,1081,Lật Chiến Thư,Thạch Thái Phong
715,709,Lật Chiến Thư,Lưu Quốc Trung
715,684,Lật Chiến Thư,Lý Cán Kiệt
715,697,Lật Chiến Thư,Lý Hồng Trung
715,691,Lật Chiến Thư,Lý Thư Lỗi
715,431,Lật Chiến Thư,Hà Lập Phong
715,1140,Lật Chiến Thư,Trương Quốc Thanh
715,1106,Lật Chiến Thư,Trần Mẫn Nhĩ
715,701,Lật Chiến Thư,Lưu Kim Quốc
715,1174,Lật Chiến Thư,Vương Tiểu Hồng
715,1077,Lật Chiến Thư,Thẩm Dược Dược
715,1178,Lật Chiến Thư,Vương Đông Minh
715,430,Lật Chiến Thư,Hạ Bảo Long
715,1096,Lật Chiến Thư,Trương Quân
715,457,Lật Chiến Thư,Hồ Cẩm Đào
715,1104,Lật Chiến Thư,Thầm Di Cầm
715,1166,Lật Chiến Thư,Vương Văn Đào
716,1233,Malala Yousafzai,Đại học Oxford
716,353,Malala Yousafzai,Gordon Brown
716,100,Malala Yousafzai,Ban Ki-moon
717,1084,Malcolm Turnbull,Tony Abbott
717,1003,Malcolm Turnbull,Scott Morrison
717,63,Malcolm Turnbull,Anthony Albanese
717,620,Malcolm Turnbull,Kevin Rudd
717,547,Malcolm Turnbull,John Howard
717,235,Malcolm Turnbull,Edmund Barton
717,44,Malcolm Turnbull,Alfred Deakin
717,318,Malcolm Turnbull,George Reid (chính khách Úc)
717,52,Malcolm Turnbull,Andrew Fisher
717,1032,Malcolm Turnbull,Stanley Bruce
717,236,Malcolm Turnbull,Earle Page
717,960,Malcolm Turnbull,Robert Menzies
717,282,Malcolm Turnbull,Frank Forde
717,377,Malcolm Turnbull,Harold Holt
717,559,Malcolm Turnbull,John McEwen
717,543,Malcolm Turnbull,John Gorton
717,1184,Malcolm Turnbull,William McMahon
717,348,Malcolm Turnbull,Gough Whitlam
717,714,Malcolm Turnbull,Malcolm Fraser
717,120,Malcolm Turnbull,Bob Hawke
717,597,Malcolm Turnbull,Julia Gillard
718,1006,Manuel Roxas,Sergio Osmeña
718,244,Manuel Roxas,Elpidio Quirino
718,721,Manuel Roxas,Manuel L. Quezon
718,252,Manuel Roxas,Emilio Aguinaldo
718,588,Manuel Roxas,José P. Laurel
718,932,Manuel Roxas,Ramon Magsaysay
718,150,Manuel Roxas,Carlos Polistico García
718,214,Manuel Roxas,Diosdado Macapagal
718,271,Manuel Roxas,Ferdinand Marcos
718,198,Manuel Roxas,Corazon Aquino
718,277,Manuel Roxas,Fidel Ramos
718,574,Manuel Roxas,Joseph Estrada
718,349,Manuel Roxas,Gloria Macapagal Arroyo
718,104,Manuel Roxas,Benigno Aquino III
718,966,Manuel Roxas,Rodrigo Duterte
719,783,Mahmud Ahmadinezhad,Mohamed Morsi
719,249,Mahmud Ahmadinezhad,Ehud Olmert
719,100,Mahmud Ahmadinezhad,Ban Ki-moon
719,839,Mahmud Ahmadinezhad,Nicolas Sarkozy
719,1235,Mahmud Ahmadinezhad,Đặng Tiểu Bình
720,6,Manmohan Singh,A. P. J. Abdul Kalam
720,908,Manmohan Singh,Pratibha Patil
720,909,Manmohan Singh,Pranab Mukherjee
720,82,Manmohan Singh,Atal Bihari Vajpayee
720,816,Manmohan Singh,Narendra Modi
720,861,Manmohan Singh,P. V. Narasimha Rao
720,923,Manmohan Singh,Rajiv Gandhi
720,1234,Manmohan Singh,Đại học Cambridge
720,1233,Manmohan Singh,Đại học Oxford
720,497,Manmohan Singh,Jawaharlal Nehru
720,360,Manmohan Singh,Gulzarilal Nanda
720,448,Manmohan Singh,Indira Gandhi
720,792,Manmohan Singh,Morarji Desai
720,151,Manmohan Singh,Charan Singh
720,1131,Manmohan Singh,V. P. Singh
720,152,Manmohan Singh,Chandra Shekhar
720,428,Manmohan Singh,I. K. Gujral
721,1006,Manuel L. Quezon,Sergio Osmeña
721,252,Manuel L. Quezon,Emilio Aguinaldo
721,588,Manuel L. Quezon,José P. Laurel
721,718,Manuel L. Quezon,Manuel Roxas
721,244,Manuel L. Quezon,Elpidio Quirino
721,932,Manuel L. Quezon,Ramon Magsaysay
721,150,Manuel L. Quezon,Carlos Polistico García
721,214,Manuel L. Quezon,Diosdado Macapagal
721,271,Manuel L. Quezon,Ferdinand Marcos
721,198,Manuel L. Quezon,Corazon Aquino
721,277,Manuel L. Quezon,Fidel Ramos
721,574,Manuel L. Quezon,Joseph Estrada
721,349,Manuel L. Quezon,Gloria Macapagal Arroyo
721,104,Manuel L. Quezon,Benigno Aquino III
721,966,Manuel L. Quezon,Rodrigo Duterte
722,922,Lương Cường,Phạm Minh Chính
722,1155,Lương Cường,Võ Thị Ánh Xuân
722,830,Lương Cường,Nguyễn Phú Trọng
722,459,Lương Cường,Ishiba Shigeru
722,488,Lương Cường,Hồ Chí Minh
722,1110,Lương Cường,Trần Đức Lương
722,833,Lương Cường,Nguyễn Minh Triết
722,844,Lương Cường,Nguyễn Xuân Phúc
722,1151,Lương Cường,Võ Văn Thưởng
722,1159,Lương Cường,Võ Nguyên Giáp
722,842,Lương Cường,Ngô Đình Diệm
722,229,Lương Cường,Dương Văn Minh
722,827,Lương Cường,Nguyễn Khánh
722,856,Lương Cường,Nguyễn Văn Thiệu
723,72,Marcelo Rebelo de Sousa,António Costa
723,73,Marcelo Rebelo de Sousa,Aníbal Cavaco Silva
723,584,Marcelo Rebelo de Sousa,José Manuel Barroso
725,1051,Mari Kiviniemi,Tarja Halonen
725,594,Mari Kiviniemi,Jyrki Katainen
725,744,Mari Kiviniemi,Matti Vanhanen
725,918,Mari Kiviniemi,Rafael Erich
725,69,Mari Kiviniemi,Antti Tulenheimo
725,885,Mari Kiviniemi,Pehr Evind Svinhufvud
725,527,Mari Kiviniemi,Johan Wilhelm Rangell
725,233,Mari Kiviniemi,Edwin Linkomies
725,593,Mari Kiviniemi,Juho Kusti Paasikivi
725,1122,Mari Kiviniemi,Urho Kekkonen
725,1054,Mari Kiviniemi,Teuvo Aura
725,608,Mari Kiviniemi,Keijo Liinamaa
725,382,Mari Kiviniemi,Harri Holkeri
725,865,Mari Kiviniemi,Paavo Lipponen
725,59,Mari Kiviniemi,Anneli Jäätteenmäki
725,35,Mari Kiviniemi,Alexander Stubb
725,599,Mari Kiviniemi,Juha Sipilä
725,1004,Mari Kiviniemi,Sanna Marin
726,291,Manuel Valls,François Hollande
726,516,Manuel Valls,Jean-Marc Ayrault
726,111,Manuel Valls,Bernard Cazeneuve
726,167,Manuel Valls,Charles-Maurice de Talleyrand-Périgord
726,287,Manuel Valls,François Arago
726,75,Manuel Valls,Armand Fallières
726,1217,Manuel Valls,Émile Loubet
726,501,Manuel Valls,Jean Casimir-Perier
726,322,Manuel Valls,Georges Clemenceau
726,931,Manuel Valls,Raymond Poincaré
726,305,Manuel Valls,Gaston Doumergue
726,37,Manuel Valls,Alexandre Millerand
726,171,Manuel Valls,Charles de Gaulle
726,1138,Manuel Valls,Vincent Auriol
726,915,Manuel Valls,Pierre Mendès France
726,762,Manuel Valls,Michel Debré
726,329,Manuel Valls,Georges Pompidou
726,461,Manuel Valls,Jacques Chaban-Delmas
726,474,Manuel Valls,Jacques Chirac
726,652,Manuel Valls,Laurent Fabius
726,764,Manuel Valls,Michel Rocard
726,20,Manuel Valls,Alain Juppé
726,217,Manuel Valls,Dominique de Villepin
726,294,Manuel Valls,François Fillon
726,1224,Manuel Valls,Édouard Philippe
726,311,Manuel Valls,Gabriel Attal
726,756,Manuel Valls,Michel Barnier
728,837,Marike de Klerk,Nelson Mandela
729,298,Marco Rubio,Donald Trump
729,70,Marco Rubio,Antony Blinken
729,948,Marco Rubio,Rick Scott
729,1053,Marco Rubio,Ted Cruz
729,513,Marco Rubio,Jeb Bush
729,102,Marco Rubio,Bashar al-Assad
730,887,Mariano Rajoy,Pedro Sánchez
730,280,Mariano Rajoy,Francisco Franco
730,21,Mariano Rajoy,Adolfo Suárez
731,660,Marin Alsop,Leonard Bernstein
731,1232,Marin Alsop,Đại học Yale
733,333,Mario Monti,Giorgio Napolitano
733,1026,Mario Monti,Silvio Berlusconi
733,255,Mario Monti,Enrico Letta
733,974,Mario Monti,Romano Prodi
733,1232,Mario Monti,Đại học Yale
733,485,Mario Monti,James Tobin
733,114,Mario Monti,Bettino Ricasoli
733,1124,Mario Monti,Urbano Rattazzi
733,274,Mario Monti,Francesco Crispi
733,335,Mario Monti,Giovanni Giolitti
733,676,Mario Monti,Luigi Luzzatti
733,64,Mario Monti,Antonio Salandra
733,29,Mario Monti,Alcide De Gasperi
733,32,Mario Monti,Aldo Moro
733,337,Mario Monti,Giulio Andreotti
733,272,Mario Monti,Francesco Cossiga
733,77,Mario Monti,Arnaldo Forlani
733,334,Mario Monti,Giovanni Spadolini
733,113,Mario Monti,Bettino Craxi
733,336,Mario Monti,Giuliano Amato
733,645,Mario Monti,Lamberto Dini
733,752,Mario Monti,Matteo Renzi
733,870,Mario Monti,Paolo Gentiloni
733,347,Mario Monti,Giuseppe Conte
733,739,Mario Monti,Mario Draghi
735,477,Margaret Thatcher,James Callaghan
735,381,Margaret Thatcher,Harold Wilson
735,1233,Margaret Thatcher,Đại học Oxford
735,39,Margaret Thatcher,Alec Douglas-Home
735,1036,Margaret Thatcher,Ronald Reagan
735,131,Margaret Thatcher,Brian Mulroney
735,902,Margaret Thatcher,Pierre Trudeau
735,406,Margaret Thatcher,Helmut Kohl
735,299,Margaret Thatcher,François Mitterrand
735,803,Margaret Thatcher,Mikhail Sergeyevich Gorbachyov
735,1235,Margaret Thatcher,Đặng Tiểu Bình
735,319,Margaret Thatcher,George H. W. Bush
735,211,Margaret Thatcher,Dick Cheney
735,203,Margaret Thatcher,David Cameron
735,972,Margaret Thatcher,Robert Walpole
735,312,Margaret Thatcher,George Grenville
735,1188,Margaret Thatcher,William Pitt Trẻ
735,397,Margaret Thatcher,"Henry Addington, Tử tước Sidmouth thứ 1"
735,1033,Margaret Thatcher,Spencer Perceval
735,308,Margaret Thatcher,George Canning
735,83,Margaret Thatcher,"Arthur Wellesley, Công tước thứ 1 xứ Wellington"
735,395,Margaret Thatcher,"Henry John Temple, Tử tước Palmerston thứ 3"
735,1035,Margaret Thatcher,Stanley Baldwin
735,933,Margaret Thatcher,Ramsay MacDonald
735,823,Margaret Thatcher,Neville Chamberlain
735,1223,Margaret Thatcher,Winston Churchill
735,187,Margaret Thatcher,Clement Attlee
735,62,Margaret Thatcher,Anthony Eden
735,380,Margaret Thatcher,Harold Macmillan
735,353,Margaret Thatcher,Gordon Brown
735,1065,Margaret Thatcher,Theresa May
735,137,Margaret Thatcher,Boris Johnson
735,685,Margaret Thatcher,Liz Truss
735,959,Margaret Thatcher,Rishi Sunak
735,618,Margaret Thatcher,Keir Starmer
736,951,Mark Gordon (chính trị gia),Rick Perry
736,565,Mark Gordon (chính trị gia),Joe Biden
736,831,Mark Gordon (chính trị gia),Ned Lamont
736,505,Mark Gordon (chính trị gia),Janet Mills
736,173,Mark Gordon (chính trị gia),Charlie Baker
736,183,Mark Gordon (chính trị gia),Chris Sununu
736,913,Mark Gordon (chính trị gia),Phil Murphy
736,50,Mark Gordon (chính trị gia),Andrew Cuomo
736,1107,Mark Gordon (chính trị gia),Tom Wolf
736,202,Mark Gordon (chính trị gia),Daniel McKee
736,898,Mark Gordon (chính trị gia),Phil Scott
736,480,Mark Gordon (chính trị gia),J. B. Pritzker
736,258,Mark Gordon (chính trị gia),Eric Holcomb
736,636,Mark Gordon (chính trị gia),Kim Reynolds
736,673,Mark Gordon (chính trị gia),Laura Kelly
736,367,Mark Gordon (chính trị gia),Gretchen Whitmer
736,1089,Mark Gordon (chính trị gia),Tim Walz
736,903,Mark Gordon (chính trị gia),Pete Ricketts
736,220,Mark Gordon (chính trị gia),Doug Burgum
736,812,Mark Gordon (chính trị gia),Mike DeWine
736,642,Mark Gordon (chính trị gia),Kristi Noem
736,1091,Mark Gordon (chính trị gia),Tony Evers
736,614,Mark Gordon (chính trị gia),Kay Ivey
736,91,Mark Gordon (chính trị gia),Asa Hutchinson
736,554,Mark Gordon (chính trị gia),John Carney
736,979,Mark Gordon (chính trị gia),Ron DeSantis
736,142,Mark Gordon (chính trị gia),Brian Kemp
736,60,Mark Gordon (chính trị gia),Andy Beshear
736,536,Mark Gordon (chính trị gia),John Bel Edwards
736,650,Mark Gordon (chính trị gia),Larry Hogan
736,1061,Mark Gordon (chính trị gia),Tate Reeves
736,1008,Mark Gordon (chính trị gia),Roy Cooper
736,624,Mark Gordon (chính trị gia),Kevin Stitt
736,404,Mark Gordon (chính trị gia),Henry McMaster
736,124,Mark Gordon (chính trị gia),Bill Lee
736,365,Mark Gordon (chính trị gia),Greg Abbott
736,946,Mark Gordon (chính trị gia),Ralph Northam
736,534,Mark Gordon (chính trị gia),Jim Justice
736,779,Mark Gordon (chính trị gia),Mike Dunleavy
736,242,Mark Gordon (chính trị gia),Doug Ducey
736,331,Mark Gordon (chính trị gia),Gavin Newsom
736,502,Mark Gordon (chính trị gia),Jared Polis
736,208,Mark Gordon (chính trị gia),David Ige
736,140,Mark Gordon (chính trị gia),Brad Little
736,388,Mark Gordon (chính trị gia),Greg Gianforte
736,1060,Mark Gordon (chính trị gia),Steve Sisolak
736,787,Mark Gordon (chính trị gia),Michelle Lujan Grisham
736,612,Mark Gordon (chính trị gia),Kate Brown
736,1030,Mark Gordon (chính trị gia),Spencer Cox
736,506,Mark Gordon (chính trị gia),Jay Inslee
736,540,Mark Gordon (chính trị gia),Jerome Adams
736,213,Mark Gordon (chính trị gia),Deborah Birx
736,86,Mark Gordon (chính trị gia),Anthony Fauci
736,139,Mark Gordon (chính trị gia),Brett Giroir
736,888,Mark Gordon (chính trị gia),Peter Navarro
736,773,Mark Gordon (chính trị gia),Mike Pence
736,976,Mark Gordon (chính trị gia),Robert R. Redfield
736,298,Mark Gordon (chính trị gia),Donald Trump
737,650,Martin O'Malley,Larry Hogan
738,966,Maria Ressa,Rodrigo Duterte
738,1080,Maria Ressa,Theodore Roosevelt
738,1201,Maria Ressa,Woodrow Wilson
738,153,Maria Ressa,Charles G. Dawes
738,321,Maria Ressa,George Marshall
738,895,Maria Ressa,Philip Noel-Baker
738,191,Maria Ressa,Dag Hammarskjöld
738,408,Maria Ressa,Henry Kissinger
738,1011,Maria Ressa,Satō Eisaku
738,76,Maria Ressa,Anwar Al-Sadad
738,758,Maria Ressa,Menachem Begin
738,1222,Maria Ressa,Óscar Arias
738,803,Maria Ressa,Mikhail Sergeyevich Gorbachyov
738,103,Maria Ressa,Aung San Suu Kyi
738,837,Maria Ressa,Nelson Mandela
738,1024,Maria Ressa,Shimon Peres
738,631,Maria Ressa,Kim Dae-jung
738,627,Maria Ressa,Kofi Annan
738,548,Maria Ressa,Jimmy Carter
738,786,Maria Ressa,Mohamed ElBaradei
738,806,Maria Ressa,Muhammad Yunus
738,742,Maria Ressa,Martti Ahtisaari
738,156,Maria Ressa,Barack Obama
738,243,Maria Ressa,Ellen Johnson Sirleaf
738,716,Maria Ressa,Malala Yousafzai
738,595,Maria Ressa,Juan Manuel Santos
738,3,Maria Ressa,Abiy Ahmed
739,1012,Mario Draghi,Sergio Mattarella
739,347,Mario Draghi,Giuseppe Conte
739,169,Mario Draghi,Christine Lagarde
739,1150,Mario Draghi,Viện Công nghệ Massachusetts
739,281,Mario Draghi,Franco Modigliani
739,975,Mario Draghi,Robert Solow
739,1230,Mario Draghi,Đại học Harvard
739,114,Mario Draghi,Bettino Ricasoli
739,1124,Mario Draghi,Urbano Rattazzi
739,274,Mario Draghi,Francesco Crispi
739,335,Mario Draghi,Giovanni Giolitti
739,676,Mario Draghi,Luigi Luzzatti
739,64,Mario Draghi,Antonio Salandra
739,29,Mario Draghi,Alcide De Gasperi
739,32,Mario Draghi,Aldo Moro
739,337,Mario Draghi,Giulio Andreotti
739,272,Mario Draghi,Francesco Cossiga
739,77,Mario Draghi,Arnaldo Forlani
739,334,Mario Draghi,Giovanni Spadolini
739,113,Mario Draghi,Bettino Craxi
739,336,Mario Draghi,Giuliano Amato
739,1026,Mario Draghi,Silvio Berlusconi
739,645,Mario Draghi,Lamberto Dini
739,974,Mario Draghi,Romano Prodi
739,733,Mario Draghi,Mario Monti
739,255,Mario Draghi,Enrico Letta
739,752,Mario Draghi,Matteo Renzi
739,870,Mario Draghi,Paolo Gentiloni
739,267,Mario Draghi,Emmanuel Macron
739,862,Mario Draghi,Olaf Scholz
739,459,Mario Draghi,Ishiba Shigeru
739,618,Mario Draghi,Keir Starmer
739,298,Mario Draghi,Donald Trump
739,159,Mario Draghi,Charles Michel
739,603,Mario Draghi,Karl Nehammer
739,48,Mario Draghi,Andrej Babiš
739,757,Mario Draghi,Mette Frederiksen
739,598,Mario Draghi,Kaja Kallas
739,1004,Mario Draghi,Sanna Marin
739,648,Mario Draghi,Kyriakos Mitsotakis
739,766,Mario Draghi,Micheál Martin
739,264,Mario Draghi,Evika Siliņa
739,338,Mario Draghi,Gitanas Nausėda
739,1199,Mario Draghi,Xavier Bettel
739,953,Mario Draghi,Robert Abela
739,741,Mario Draghi,Mark Rutte
739,219,Mario Draghi,Donald Tusk
739,72,Mario Draghi,António Costa
739,626,Mario Draghi,Klaus Iohannis
739,496,Mario Draghi,Janez Janša
739,887,Mario Draghi,Pedro Sánchez
739,708,Mario Draghi,Magdalena Andersson
740,128,Mary McAleese,Brian Cowen
740,253,Mary McAleese,Enda Kenny
740,1233,Mary McAleese,Đại học Oxford
741,518,Mark Rutte,Jens Stoltenberg
741,493,Mark Rutte,Jan Peter Balkenende
741,309,Mark Rutte,Geert Wilders
741,159,Mark Rutte,Charles Michel
741,603,Mark Rutte,Karl Nehammer
741,48,Mark Rutte,Andrej Babiš
741,757,Mark Rutte,Mette Frederiksen
741,598,Mark Rutte,Kaja Kallas
741,1004,Mark Rutte,Sanna Marin
741,267,Mark Rutte,Emmanuel Macron
741,862,Mark Rutte,Olaf Scholz
741,648,Mark Rutte,Kyriakos Mitsotakis
741,766,Mark Rutte,Micheál Martin
741,264,Mark Rutte,Evika Siliņa
741,338,Mark Rutte,Gitanas Nausėda
741,1199,Mark Rutte,Xavier Bettel
741,953,Mark Rutte,Robert Abela
741,219,Mark Rutte,Donald Tusk
741,72,Mark Rutte,António Costa
741,626,Mark Rutte,Klaus Iohannis
741,496,Mark Rutte,Janez Janša
741,887,Mark Rutte,Pedro Sánchez
741,708,Mark Rutte,Magdalena Andersson
742,865,Martti Ahtisaari,Paavo Lipponen
742,1051,Martti Ahtisaari,Tarja Halonen
742,1080,Martti Ahtisaari,Theodore Roosevelt
742,1201,Martti Ahtisaari,Woodrow Wilson
742,153,Martti Ahtisaari,Charles G. Dawes
742,321,Martti Ahtisaari,George Marshall
742,895,Martti Ahtisaari,Philip Noel-Baker
742,191,Martti Ahtisaari,Dag Hammarskjöld
742,408,Martti Ahtisaari,Henry Kissinger
742,1011,Martti Ahtisaari,Satō Eisaku
742,76,Martti Ahtisaari,Anwar Al-Sadad
742,758,Martti Ahtisaari,Menachem Begin
742,1222,Martti Ahtisaari,Óscar Arias
742,803,Martti Ahtisaari,Mikhail Sergeyevich Gorbachyov
742,103,Martti Ahtisaari,Aung San Suu Kyi
742,837,Martti Ahtisaari,Nelson Mandela
742,1024,Martti Ahtisaari,Shimon Peres
742,631,Martti Ahtisaari,Kim Dae-jung
742,627,Martti Ahtisaari,Kofi Annan
742,548,Martti Ahtisaari,Jimmy Carter
742,786,Martti Ahtisaari,Mohamed ElBaradei
742,806,Martti Ahtisaari,Muhammad Yunus
742,156,Martti Ahtisaari,Barack Obama
742,243,Martti Ahtisaari,Ellen Johnson Sirleaf
742,716,Martti Ahtisaari,Malala Yousafzai
742,595,Martti Ahtisaari,Juan Manuel Santos
742,3,Martti Ahtisaari,Abiy Ahmed
742,738,Martti Ahtisaari,Maria Ressa
743,1230,Mark Zuckerberg,Đại học Harvard
743,892,Mark Zuckerberg,Peter Thiel
743,1018,Mark Zuckerberg,Sheryl Sandberg
743,978,Mark Zuckerberg,Rudy Giuliani
743,330,Mark Zuckerberg,George W. Bush
743,121,Mark Zuckerberg,Bill Gates
743,1153,Mark Zuckerberg,Vladimir Vladimirovich Putin
743,156,Mark Zuckerberg,Barack Obama
743,68,Mark Zuckerberg,Angela Merkel
743,298,Mark Zuckerberg,Donald Trump
743,738,Mark Zuckerberg,Maria Ressa
743,565,Mark Zuckerberg,Joe Biden
743,628,Mark Zuckerberg,Kamala Harris
743,268,Mark Zuckerberg,Elon Musk
743,1148,Mark Zuckerberg,Volodymyr Oleksandrovych Zelenskyy
743,1175,Mark Zuckerberg,Taylor Swift
744,1051,Matti Vanhanen,Tarja Halonen
744,594,Matti Vanhanen,Jyrki Katainen
744,59,Matti Vanhanen,Anneli Jäätteenmäki
744,725,Matti Vanhanen,Mari Kiviniemi
744,918,Matti Vanhanen,Rafael Erich
744,69,Matti Vanhanen,Antti Tulenheimo
744,885,Matti Vanhanen,Pehr Evind Svinhufvud
744,527,Matti Vanhanen,Johan Wilhelm Rangell
744,233,Matti Vanhanen,Edwin Linkomies
744,593,Matti Vanhanen,Juho Kusti Paasikivi
744,1122,Matti Vanhanen,Urho Kekkonen
744,1054,Matti Vanhanen,Teuvo Aura
744,608,Matti Vanhanen,Keijo Liinamaa
744,382,Matti Vanhanen,Harri Holkeri
744,865,Matti Vanhanen,Paavo Lipponen
744,35,Matti Vanhanen,Alexander Stubb
744,599,Matti Vanhanen,Juha Sipilä
744,1004,Matti Vanhanen,Sanna Marin
745,55,Mateusz Morawiecki,Andrzej Duda
745,95,Mateusz Morawiecki,Beata Szydło
745,219,Mateusz Morawiecki,Donald Tusk
745,1200,Mateusz Morawiecki,Włodzimierz Cimoszewicz
745,525,Mateusz Morawiecki,Jerzy Buzek
745,510,Mateusz Morawiecki,Jarosław Kaczyński
745,265,Mateusz Morawiecki,Ewa Kopacz
745,159,Mateusz Morawiecki,Charles Michel
745,603,Mateusz Morawiecki,Karl Nehammer
745,48,Mateusz Morawiecki,Andrej Babiš
745,757,Mateusz Morawiecki,Mette Frederiksen
745,598,Mateusz Morawiecki,Kaja Kallas
745,1004,Mateusz Morawiecki,Sanna Marin
745,267,Mateusz Morawiecki,Emmanuel Macron
745,862,Mateusz Morawiecki,Olaf Scholz
745,648,Mateusz Morawiecki,Kyriakos Mitsotakis
745,766,Mateusz Morawiecki,Micheál Martin
745,264,Mateusz Morawiecki,Evika Siliņa
745,338,Mateusz Morawiecki,Gitanas Nausėda
745,1199,Mateusz Morawiecki,Xavier Bettel
745,953,Mateusz Morawiecki,Robert Abela
745,741,Mateusz Morawiecki,Mark Rutte
745,72,Mateusz Morawiecki,António Costa
745,626,Mateusz Morawiecki,Klaus Iohannis
745,496,Mateusz Morawiecki,Janez Janša
745,887,Mateusz Morawiecki,Pedro Sánchez
745,708,Mateusz Morawiecki,Magdalena Andersson
746,924,Max Bruch,Ralph Vaughan Williams
747,265,Małgorzata Kidawa-Błońska,Ewa Kopacz
747,219,Małgorzata Kidawa-Błońska,Donald Tusk
747,745,Małgorzata Kidawa-Błońska,Mateusz Morawiecki
747,132,Małgorzata Kidawa-Błońska,Bronisław Komorowski
747,55,Małgorzata Kidawa-Błońska,Andrzej Duda
747,358,Małgorzata Kidawa-Błońska,Grzegorz Schetyna
748,816,Masoud Pezeshkian,Narendra Modi
749,364,Maurice Allais,Gérard Debreu
749,883,Maurice Allais,Paul Samuelson
749,1021,Maurice Allais,Simon Kuznets
749,551,Maurice Allais,John Hicks
749,621,Maurice Allais,Kenneth Arrow
749,295,Maurice Allais,Friedrich Hayek
749,794,Maurice Allais,Milton Friedman
749,112,Maurice Allais,Bertil Ohlin
749,494,Maurice Allais,James Meade
749,1062,Maurice Allais,Theodore Schultz
749,655,Maurice Allais,Lawrence Klein
749,485,Maurice Allais,James Tobin
749,320,Maurice Allais,George Stigler
749,939,Maurice Allais,Richard Stone
749,281,Maurice Allais,Franco Modigliani
749,479,Maurice Allais,James M. Buchanan
749,975,Maurice Allais,Robert Solow
749,1092,Maurice Allais,Trygve Haavelmo
749,383,Maurice Allais,Harry Markowitz
749,759,Maurice Allais,Merton Miller
749,977,Maurice Allais,Ronald Coase
749,326,Maurice Allais,Gary Becker
749,957,Maurice Allais,Robert Fogel
749,221,Maurice Allais,Douglass North
749,956,Maurice Allais,"Robert Lucas, Jr."
749,476,Maurice Allais,James Mirrlees
749,1191,Maurice Allais,William Vickrey
749,805,Maurice Allais,Myron Scholes
749,54,Maurice Allais,Amartya Sen
749,962,Maurice Allais,Robert Mundell
749,472,Maurice Allais,James Heckman
749,310,Maurice Allais,George Akerlof
749,760,Maurice Allais,Michael Spence
749,587,Maurice Allais,Joseph Stiglitz
749,954,Maurice Allais,Robert F. Engle
749,194,Maurice Allais,Clive Granger
749,273,Maurice Allais,Finn E. Kydland
749,882,Maurice Allais,Peter A. Diamond
749,172,Maurice Allais,Christopher A. Pissarides
749,1068,Maurice Allais,Thomas J. Sargent
749,174,Maurice Allais,Christopher A. Sims
749,507,Maurice Allais,Jean Tirole
749,101,Maurice Allais,Bengt Holmström
749,941,Maurice Allais,Richard Thaler
749,262,Maurice Allais,Esther Duflo
749,580,Maurice Allais,Joshua Angrist
749,209,Maurice Allais,David Card
750,2,Megawati Sukarnoputri,Abdurrahman Wahid
750,1037,Megawati Sukarnoputri,Sukarno
752,333,Matteo Renzi,Giorgio Napolitano
752,1012,Matteo Renzi,Sergio Mattarella
752,255,Matteo Renzi,Enrico Letta
752,870,Matteo Renzi,Paolo Gentiloni
752,114,Matteo Renzi,Bettino Ricasoli
752,1124,Matteo Renzi,Urbano Rattazzi
752,274,Matteo Renzi,Francesco Crispi
752,335,Matteo Renzi,Giovanni Giolitti
752,676,Matteo Renzi,Luigi Luzzatti
752,64,Matteo Renzi,Antonio Salandra
752,29,Matteo Renzi,Alcide De Gasperi
752,32,Matteo Renzi,Aldo Moro
752,337,Matteo Renzi,Giulio Andreotti
752,272,Matteo Renzi,Francesco Cossiga
752,77,Matteo Renzi,Arnaldo Forlani
752,334,Matteo Renzi,Giovanni Spadolini
752,113,Matteo Renzi,Bettino Craxi
752,336,Matteo Renzi,Giuliano Amato
752,1026,Matteo Renzi,Silvio Berlusconi
752,645,Matteo Renzi,Lamberto Dini
752,974,Matteo Renzi,Romano Prodi
752,733,Matteo Renzi,Mario Monti
752,347,Matteo Renzi,Giuseppe Conte
752,739,Matteo Renzi,Mario Draghi
753,800,Meles Zenawi,Mulatu Teshome
754,978,Michael Bloomberg,Rudy Giuliani
754,109,Michael Bloomberg,Bill de Blasio
754,1230,Michael Bloomberg,Đại học Harvard
756,267,Michel Barnier,Emmanuel Macron
756,311,Michel Barnier,Gabriel Attal
756,219,Michel Barnier,Donald Tusk
756,517,Michel Barnier,Jean-Claude Juncker
756,584,Michel Barnier,José Manuel Barroso
756,248,Michel Barnier,Elżbieta Bieńkowska
756,294,Michel Barnier,François Fillon
756,169,Michel Barnier,Christine Lagarde
756,217,Michel Barnier,Dominique de Villepin
756,974,Michel Barnier,Romano Prodi
756,20,Michel Barnier,Alain Juppé
757,646,Mette Frederiksen,Lars Løkke Rasmussen
757,393,Mette Frederiksen,Helle Thorning-Schmidt
757,159,Mette Frederiksen,Charles Michel
757,603,Mette Frederiksen,Karl Nehammer
757,48,Mette Frederiksen,Andrej Babiš
757,598,Mette Frederiksen,Kaja Kallas
757,1004,Mette Frederiksen,Sanna Marin
757,267,Mette Frederiksen,Emmanuel Macron
757,862,Mette Frederiksen,Olaf Scholz
757,648,Mette Frederiksen,Kyriakos Mitsotakis
757,766,Mette Frederiksen,Micheál Martin
757,264,Mette Frederiksen,Evika Siliņa
757,338,Mette Frederiksen,Gitanas Nausėda
757,1199,Mette Frederiksen,Xavier Bettel
757,953,Mette Frederiksen,Robert Abela
757,741,Mette Frederiksen,Mark Rutte
757,219,Mette Frederiksen,Donald Tusk
757,72,Mette Frederiksen,António Costa
757,626,Mette Frederiksen,Klaus Iohannis
757,496,Mette Frederiksen,Janez Janša
757,887,Mette Frederiksen,Pedro Sánchez
757,708,Mette Frederiksen,Magdalena Andersson
758,148,Menachem Begin,Chaim Herzog
758,81,Menachem Begin,Ariel Sharon
758,76,Menachem Begin,Anwar Al-Sadad
758,1080,Menachem Begin,Theodore Roosevelt
758,1201,Menachem Begin,Woodrow Wilson
758,153,Menachem Begin,Charles G. Dawes
758,321,Menachem Begin,George Marshall
758,895,Menachem Begin,Philip Noel-Baker
758,191,Menachem Begin,Dag Hammarskjöld
758,408,Menachem Begin,Henry Kissinger
758,1011,Menachem Begin,Satō Eisaku
758,1222,Menachem Begin,Óscar Arias
758,803,Menachem Begin,Mikhail Sergeyevich Gorbachyov
758,103,Menachem Begin,Aung San Suu Kyi
758,837,Menachem Begin,Nelson Mandela
758,1024,Menachem Begin,Shimon Peres
758,631,Menachem Begin,Kim Dae-jung
758,627,Menachem Begin,Kofi Annan
758,548,Menachem Begin,Jimmy Carter
758,786,Menachem Begin,Mohamed ElBaradei
758,806,Menachem Begin,Muhammad Yunus
758,742,Menachem Begin,Martti Ahtisaari
758,156,Menachem Begin,Barack Obama
758,243,Menachem Begin,Ellen Johnson Sirleaf
758,716,Menachem Begin,Malala Yousafzai
758,595,Menachem Begin,Juan Manuel Santos
758,3,Menachem Begin,Abiy Ahmed
758,738,Menachem Begin,Maria Ressa
758,797,Menachem Begin,Moshe Sharett
758,356,Menachem Begin,Golda Meir
758,133,Menachem Begin,Benjamin Netanyahu
758,240,Menachem Begin,Ehud Barak
758,249,Menachem Begin,Ehud Olmert
758,821,Menachem Begin,Naftali Bennett
759,1230,Merton Miller,Đại học Harvard
759,805,Merton Miller,Myron Scholes
759,383,Merton Miller,Harry Markowitz
759,883,Merton Miller,Paul Samuelson
759,1021,Merton Miller,Simon Kuznets
759,551,Merton Miller,John Hicks
759,621,Merton Miller,Kenneth Arrow
759,295,Merton Miller,Friedrich Hayek
759,794,Merton Miller,Milton Friedman
759,112,Merton Miller,Bertil Ohlin
759,494,Merton Miller,James Meade
759,1062,Merton Miller,Theodore Schultz
759,655,Merton Miller,Lawrence Klein
759,485,Merton Miller,James Tobin
759,320,Merton Miller,George Stigler
759,364,Merton Miller,Gérard Debreu
759,939,Merton Miller,Richard Stone
759,281,Merton Miller,Franco Modigliani
759,479,Merton Miller,James M. Buchanan
759,975,Merton Miller,Robert Solow
759,749,Merton Miller,Maurice Allais
759,1092,Merton Miller,Trygve Haavelmo
759,977,Merton Miller,Ronald Coase
759,326,Merton Miller,Gary Becker
759,957,Merton Miller,Robert Fogel
759,221,Merton Miller,Douglass North
759,956,Merton Miller,"Robert Lucas, Jr."
759,476,Merton Miller,James Mirrlees
759,1191,Merton Miller,William Vickrey
759,54,Merton Miller,Amartya Sen
759,962,Merton Miller,Robert Mundell
759,472,Merton Miller,James Heckman
759,310,Merton Miller,George Akerlof
759,760,Merton Miller,Michael Spence
759,587,Merton Miller,Joseph Stiglitz
759,954,Merton Miller,Robert F. Engle
759,194,Merton Miller,Clive Granger
759,273,Merton Miller,Finn E. Kydland
759,882,Merton Miller,Peter A. Diamond
759,172,Merton Miller,Christopher A. Pissarides
759,1068,Merton Miller,Thomas J. Sargent
759,174,Merton Miller,Christopher A. Sims
759,507,Merton Miller,Jean Tirole
759,101,Merton Miller,Bengt Holmström
759,941,Merton Miller,Richard Thaler
759,262,Merton Miller,Esther Duflo
759,580,Merton Miller,Joshua Angrist
759,209,Merton Miller,David Card
760,1230,Michael Spence,Đại học Harvard
760,1228,Michael Spence,Đại học Stanford
760,1233,Michael Spence,Đại học Oxford
760,621,Michael Spence,Kenneth Arrow
760,310,Michael Spence,George Akerlof
760,883,Michael Spence,Paul Samuelson
760,794,Michael Spence,Milton Friedman
760,485,Michael Spence,James Tobin
760,655,Michael Spence,Lawrence Klein
760,975,Michael Spence,Robert Solow
760,326,Michael Spence,Gary Becker
760,587,Michael Spence,Joseph Stiglitz
760,472,Michael Spence,James Heckman
760,653,Michael Spence,Lawrence Summers
760,209,Michael Spence,David Card
760,196,Michael Spence,Daron Acemoğlu
760,262,Michael Spence,Esther Duflo
760,1021,Michael Spence,Simon Kuznets
760,551,Michael Spence,John Hicks
760,295,Michael Spence,Friedrich Hayek
760,112,Michael Spence,Bertil Ohlin
760,494,Michael Spence,James Meade
760,1062,Michael Spence,Theodore Schultz
760,320,Michael Spence,George Stigler
760,364,Michael Spence,Gérard Debreu
760,939,Michael Spence,Richard Stone
760,281,Michael Spence,Franco Modigliani
760,479,Michael Spence,James M. Buchanan
760,749,Michael Spence,Maurice Allais
760,1092,Michael Spence,Trygve Haavelmo
760,383,Michael Spence,Harry Markowitz
760,759,Michael Spence,Merton Miller
760,977,Michael Spence,Ronald Coase
760,957,Michael Spence,Robert Fogel
760,221,Michael Spence,Douglass North
760,956,Michael Spence,"Robert Lucas, Jr."
760,476,Michael Spence,James Mirrlees
760,1191,Michael Spence,William Vickrey
760,805,Michael Spence,Myron Scholes
760,54,Michael Spence,Amartya Sen
760,962,Michael Spence,Robert Mundell
760,954,Michael Spence,Robert F. Engle
760,194,Michael Spence,Clive Granger
760,273,Michael Spence,Finn E. Kydland
760,882,Michael Spence,Peter A. Diamond
760,172,Michael Spence,Christopher A. Pissarides
760,1068,Michael Spence,Thomas J. Sargent
760,174,Michael Spence,Christopher A. Sims
760,507,Michael Spence,Jean Tirole
760,101,Michael Spence,Bengt Holmström
760,941,Michael Spence,Richard Thaler
760,580,Michael Spence,Joshua Angrist
761,199,Mao Trạch Đông,Chu Ân Lai
761,218,Mao Trạch Đông,Diệp Kiếm Anh
761,1105,Mao Trạch Đông,Trần Độc Tú
761,1125,Mao Trạch Đông,Tưởng Giới Thạch
761,1235,Mao Trạch Đông,Đặng Tiểu Bình
761,408,Mao Trạch Đông,Henry Kissinger
761,1160,Mao Trạch Đông,Vladimir Ilyich Lenin
761,695,Mao Trạch Đông,Lý Hiển Long
761,1167,Mao Trạch Đông,Tập Cận Bình
761,854,Mao Trạch Đông,Nikita Sergeyevich Khrushchyov
761,342,Mao Trạch Đông,Giang Trạch Dân
761,457,Mao Trạch Đông,Hồ Cẩm Đào
761,354,Mao Trạch Đông,Giả Khánh Lâm
761,187,Mao Trạch Đông,Clement Attlee
761,288,Mao Trạch Đông,Fidel Castro
761,434,Mao Trạch Đông,Hugo Chávez
761,921,Mao Trạch Đông,Noam Chomsky
761,113,Mao Trạch Đông,Bettino Craxi
761,178,Mao Trạch Đông,Che Guevara
761,803,Mao Trạch Đông,Mikhail Sergeyevich Gorbachyov
761,488,Mao Trạch Đông,Hồ Chí Minh
761,837,Mao Trạch Đông,Nelson Mandela
761,299,Mao Trạch Đông,François Mitterrand
761,864,Mao Trạch Đông,Olof Palme
761,1037,Mao Trạch Đông,Sukarno
761,675,Mao Trạch Đông,Lev Davidovich Trotsky
761,583,Mao Trạch Đông,John Stuart Mill
762,461,Michel Debré,Jacques Chaban-Delmas
762,329,Michel Debré,Georges Pompidou
762,1145,Michel Debré,Valéry Giscard d'Estaing
762,171,Michel Debré,Charles de Gaulle
763,156,Michael Froman,Barack Obama
763,119,Michael Froman,Bill Clinton
763,1230,Michael Froman,Đại học Harvard
763,1201,Michael Froman,Woodrow Wilson
764,299,Michel Rocard,François Mitterrand
764,474,Michel Rocard,Jacques Chirac
764,652,Michel Rocard,Laurent Fabius
764,167,Michel Rocard,Charles-Maurice de Talleyrand-Périgord
764,287,Michel Rocard,François Arago
764,75,Michel Rocard,Armand Fallières
764,1217,Michel Rocard,Émile Loubet
764,501,Michel Rocard,Jean Casimir-Perier
764,322,Michel Rocard,Georges Clemenceau
764,931,Michel Rocard,Raymond Poincaré
764,305,Michel Rocard,Gaston Doumergue
764,37,Michel Rocard,Alexandre Millerand
764,171,Michel Rocard,Charles de Gaulle
764,1138,Michel Rocard,Vincent Auriol
764,915,Michel Rocard,Pierre Mendès France
764,762,Michel Rocard,Michel Debré
764,329,Michel Rocard,Georges Pompidou
764,461,Michel Rocard,Jacques Chaban-Delmas
764,20,Michel Rocard,Alain Juppé
764,217,Michel Rocard,Dominique de Villepin
764,294,Michel Rocard,François Fillon
764,516,Michel Rocard,Jean-Marc Ayrault
764,726,Michel Rocard,Manuel Valls
764,111,Michel Rocard,Bernard Cazeneuve
764,1224,Michel Rocard,Édouard Philippe
764,311,Michel Rocard,Gabriel Attal
764,756,Michel Rocard,Michel Barnier
765,565,Miguel Cardona,Joe Biden
765,831,Miguel Cardona,Ned Lamont
766,159,Micheál Martin,Charles Michel
766,603,Micheál Martin,Karl Nehammer
766,48,Micheál Martin,Andrej Babiš
766,757,Micheál Martin,Mette Frederiksen
766,598,Micheál Martin,Kaja Kallas
766,1004,Micheál Martin,Sanna Marin
766,267,Micheál Martin,Emmanuel Macron
766,862,Micheál Martin,Olaf Scholz
766,648,Micheál Martin,Kyriakos Mitsotakis
766,264,Micheál Martin,Evika Siliņa
766,338,Micheál Martin,Gitanas Nausėda
766,1199,Micheál Martin,Xavier Bettel
766,953,Micheál Martin,Robert Abela
766,741,Micheál Martin,Mark Rutte
766,219,Micheál Martin,Donald Tusk
766,72,Micheál Martin,António Costa
766,626,Micheál Martin,Klaus Iohannis
766,496,Micheál Martin,Janez Janša
766,887,Micheál Martin,Pedro Sánchez
766,708,Micheál Martin,Magdalena Andersson
767,1230,Miguel de la Madrid,Đại học Harvard
767,363,Miguel de la Madrid,Guadalupe Victoria
767,276,Miguel de la Madrid,Francisco I. Madero
767,680,Miguel de la Madrid,Luis Echeverría
767,256,Miguel de la Madrid,Ernesto Zedillo
767,1135,Miguel de la Madrid,Vicente Fox
767,275,Miguel de la Madrid,Felipe Calderón
767,257,Miguel de la Madrid,Enrique Peña Nieto
767,56,Miguel de la Madrid,Andrés Manuel López Obrador
768,1063,Miguel Ángel Asturias,Theodor Mommsen
768,579,Miguel Ángel Asturias,José Echegaray
768,394,Miguel Ángel Asturias,Henri Bergson
768,1073,Miguel Ángel Asturias,Thomas Mann
768,682,Miguel Ángel Asturias,Luigi Pirandello
768,970,Miguel Ángel Asturias,Roger Martin du Gard
768,1047,Miguel Ángel Asturias,T. S. Eliot
768,1183,Miguel Ángel Asturias,William Faulkner
768,1223,Miguel Ángel Asturias,Winston Churchill
768,453,Miguel Ángel Asturias,Ivo Andrić
768,392,Miguel Ángel Asturias,Heinrich Böll
768,853,Miguel Ángel Asturias,Odysseas Elytis
768,247,Miguel Ángel Asturias,Elias Canetti
768,307,Miguel Ángel Asturias,Gabriel García Márquez
768,1182,Miguel Ángel Asturias,William Golding
768,146,Miguel Ángel Asturias,Camilo José Cela
768,147,Miguel Ángel Asturias,Cao Hành Kiện
768,610,Miguel Ángel Asturias,Kazuo Ishiguro
769,91,Mike Beebe,Asa Hutchinson
769,119,Mike Beebe,Bill Clinton
771,613,Mike Johnson,Kevin McCarthy
773,298,Mike Pence,Donald Trump
773,565,Mike Pence,Joe Biden
773,628,Mike Pence,Kamala Harris
773,258,Mike Pence,Eric Holcomb
773,533,Mike Pence,John Boehner
773,1053,Mike Pence,Ted Cruz
773,824,Mike Pence,Newt Gingrich
773,875,Mike Pence,Paul Ryan
773,539,Mike Pence,John Adams
773,1083,Mike Pence,Thomas Jefferson
773,246,Mike Pence,Elbridge Gerry
773,192,Mike Pence,Daniel D. Tompkins
773,538,Mike Pence,John C. Calhoun
773,938,Mike Pence,Richard Mentor Johnson
773,568,Mike Pence,John Tyler
773,314,Mike Pence,George M. Dallas
773,1187,Mike Pence,William R. King
773,535,Mike Pence,John C. Breckinridge
773,1179,Mike Pence,William A. Wheeler
773,170,Mike Pence,Chester A. Arthur
773,1066,Mike Pence,Thomas A. Hendricks
773,9,Mike Pence,Adlai Stevenson I
773,302,Mike Pence,Garret Hobart
773,1080,Mike Pence,Theodore Roosevelt
773,160,Mike Pence,Charles W. Fairbanks
773,481,Mike Pence,James S. Sherman
773,1072,Mike Pence,Thomas R. Marshall
773,143,Mike Pence,Calvin Coolidge
773,153,Mike Pence,Charles G. Dawes
773,561,Mike Pence,John Nance Garner
773,409,Mike Pence,Henry A. Wallace
773,389,Mike Pence,Harry S. Truman
773,24,Mike Pence,Alben W. Barkley
773,968,Mike Pence,Richard Nixon
773,688,Mike Pence,Lyndon B. Johnson
773,419,Mike Pence,Hubert Humphrey
773,340,Mike Pence,Gerald Ford
773,832,Mike Pence,Nelson Rockefeller
773,1169,Mike Pence,Walter Mondale
773,319,Mike Pence,George H. W. Bush
773,211,Mike Pence,Dick Cheney
773,466,Mike Pence,JD Vance
773,1190,Mike Pence,William Henry Harrison
774,854,Mikhail Andreyevich Suslov,Nikita Sergeyevich Khrushchyov
774,1160,Mikhail Andreyevich Suslov,Vladimir Ilyich Lenin
774,324,Mikhail Andreyevich Suslov,Georgy Maksimilianovich Malenkov
774,761,Mikhail Andreyevich Suslov,Mao Trạch Đông
775,891,Miloš Zeman,Petr Nečas
775,118,Miloš Zeman,Bohuslav Sobotka
775,48,Miloš Zeman,Andrej Babiš
775,890,Miloš Zeman,Petr Fiala
775,889,Miloš Zeman,Petr Pavel
775,1154,Miloš Zeman,Václav Havel
776,298,Mike Pompeo,Donald Trump
776,947,Mike Pompeo,Rex Tillerson
776,563,Mike Pompeo,John O. Brennan
776,1230,Mike Pompeo,Đại học Harvard
776,710,Mike Pompeo,Mahathir Mohamad
776,550,Mike Pompeo,John Jay
776,1083,Mike Pompeo,Thomas Jefferson
776,483,Mike Pompeo,James Madison
776,482,Mike Pompeo,James Monroe
776,562,Mike Pompeo,John Quincy Adams
776,538,Mike Pompeo,John C. Calhoun
776,469,Mike Pompeo,James Buchanan
776,1180,Mike Pompeo,William H. Seward
776,401,Mike Pompeo,Henry L. Stimson
776,206,Mike Pompeo,Dean Acheson
776,541,Mike Pompeo,John Foster Dulles
776,207,Mike Pompeo,Dean Rusk
776,1186,Mike Pompeo,William P. Rogers
776,408,Mike Pompeo,Henry Kissinger
776,188,Mike Pompeo,Colin Powell
776,200,Mike Pompeo,Condoleezza Rice
776,422,Mike Pompeo,Hillary Clinton
776,70,Mike Pompeo,Antony Blinken
777,156,Michelle Obama,Barack Obama
777,668,Michelle Obama,Laura Bush
777,1230,Michelle Obama,Đại học Harvard
777,666,Michelle Obama,Lucy Webb Hayes
777,644,Michelle Obama,Lady Bird Johnson
777,422,Michelle Obama,Hillary Clinton
777,528,Michelle Obama,Jill Biden
777,330,Michelle Obama,George W. Bush
777,298,Michelle Obama,Donald Trump
778,961,Miroslav Lajčák,Robert Fico
778,74,Miroslav Lajčák,António Guterres
779,1010,Mike Dunleavy,Sarah Palin
779,565,Mike Dunleavy,Joe Biden
779,831,Mike Dunleavy,Ned Lamont
779,505,Mike Dunleavy,Janet Mills
779,173,Mike Dunleavy,Charlie Baker
779,183,Mike Dunleavy,Chris Sununu
779,913,Mike Dunleavy,Phil Murphy
779,50,Mike Dunleavy,Andrew Cuomo
779,1107,Mike Dunleavy,Tom Wolf
779,202,Mike Dunleavy,Daniel McKee
779,898,Mike Dunleavy,Phil Scott
779,480,Mike Dunleavy,J. B. Pritzker
779,258,Mike Dunleavy,Eric Holcomb
779,636,Mike Dunleavy,Kim Reynolds
779,673,Mike Dunleavy,Laura Kelly
779,367,Mike Dunleavy,Gretchen Whitmer
779,1089,Mike Dunleavy,Tim Walz
779,903,Mike Dunleavy,Pete Ricketts
779,220,Mike Dunleavy,Doug Burgum
779,812,Mike Dunleavy,Mike DeWine
779,642,Mike Dunleavy,Kristi Noem
779,1091,Mike Dunleavy,Tony Evers
779,614,Mike Dunleavy,Kay Ivey
779,91,Mike Dunleavy,Asa Hutchinson
779,554,Mike Dunleavy,John Carney
779,979,Mike Dunleavy,Ron DeSantis
779,142,Mike Dunleavy,Brian Kemp
779,60,Mike Dunleavy,Andy Beshear
779,536,Mike Dunleavy,John Bel Edwards
779,650,Mike Dunleavy,Larry Hogan
779,1061,Mike Dunleavy,Tate Reeves
779,1008,Mike Dunleavy,Roy Cooper
779,624,Mike Dunleavy,Kevin Stitt
779,404,Mike Dunleavy,Henry McMaster
779,124,Mike Dunleavy,Bill Lee
779,365,Mike Dunleavy,Greg Abbott
779,946,Mike Dunleavy,Ralph Northam
779,534,Mike Dunleavy,Jim Justice
779,242,Mike Dunleavy,Doug Ducey
779,331,Mike Dunleavy,Gavin Newsom
779,502,Mike Dunleavy,Jared Polis
779,208,Mike Dunleavy,David Ige
779,140,Mike Dunleavy,Brad Little
779,388,Mike Dunleavy,Greg Gianforte
779,1060,Mike Dunleavy,Steve Sisolak
779,787,Mike Dunleavy,Michelle Lujan Grisham
779,612,Mike Dunleavy,Kate Brown
779,1030,Mike Dunleavy,Spencer Cox
779,506,Mike Dunleavy,Jay Inslee
779,736,Mike Dunleavy,Mark Gordon (chính trị gia)
779,540,Mike Dunleavy,Jerome Adams
779,213,Mike Dunleavy,Deborah Birx
779,86,Mike Dunleavy,Anthony Fauci
779,139,Mike Dunleavy,Brett Giroir
779,888,Mike Dunleavy,Peter Navarro
779,773,Mike Dunleavy,Mike Pence
779,976,Mike Dunleavy,Robert R. Redfield
779,298,Mike Dunleavy,Donald Trump
780,606,Miyazawa Kiichi,Kaifu Toshiki
780,119,Miyazawa Kiichi,Bill Clinton
780,462,Miyazawa Kiichi,Itō Hirobumi
780,991,Miyazawa Kiichi,Saionji Kinmochi
780,375,Miyazawa Kiichi,Hara Takashi
780,611,Miyazawa Kiichi,Katō Tomosaburō
780,609,Miyazawa Kiichi,Katō Takaaki
780,1163,Miyazawa Kiichi,Wakatsuki Reijirō
780,1050,Miyazawa Kiichi,Tanaka Giichi
780,441,Miyazawa Kiichi,Inukai Tsuyoshi
780,992,Miyazawa Kiichi,Saitō Makoto
780,352,Miyazawa Kiichi,Gotō Fumio
780,410,Miyazawa Kiichi,Hiranuma Kiichirō
780,4,Miyazawa Kiichi,Abe Nobuyuki
780,447,Miyazawa Kiichi,Itō Masayoshi
780,796,Miyazawa Kiichi,Mori Yoshirō
780,19,Miyazawa Kiichi,Abe Shinzō
780,303,Miyazawa Kiichi,Fukuda Yasuo
780,90,Miyazawa Kiichi,Asō Tarō
780,390,Miyazawa Kiichi,Hatoyama Yukio
780,601,Miyazawa Kiichi,Kan Naoto
780,841,Miyazawa Kiichi,Noda Yoshihiko
780,1058,Miyazawa Kiichi,Suga Yoshihide
780,639,Miyazawa Kiichi,Kishida Fumio
780,459,Miyazawa Kiichi,Ishiba Shigeru
780,1057,Miyazawa Kiichi,Takaichi Sanae
781,306,Miki Takeo,Fukuda Takeo
781,19,Miki Takeo,Abe Shinzō
781,1214,Miki Takeo,Yoshida Shigeru
781,462,Miki Takeo,Itō Hirobumi
781,991,Miki Takeo,Saionji Kinmochi
781,375,Miki Takeo,Hara Takashi
781,611,Miki Takeo,Katō Tomosaburō
781,609,Miki Takeo,Katō Takaaki
781,1163,Miki Takeo,Wakatsuki Reijirō
781,1050,Miki Takeo,Tanaka Giichi
781,441,Miki Takeo,Inukai Tsuyoshi
781,992,Miki Takeo,Saitō Makoto
781,352,Miki Takeo,Gotō Fumio
781,410,Miki Takeo,Hiranuma Kiichirō
781,4,Miki Takeo,Abe Nobuyuki
781,447,Miki Takeo,Itō Masayoshi
781,796,Miki Takeo,Mori Yoshirō
781,303,Miki Takeo,Fukuda Yasuo
781,90,Miki Takeo,Asō Tarō
781,390,Miki Takeo,Hatoyama Yukio
781,601,Miki Takeo,Kan Naoto
781,841,Miki Takeo,Noda Yoshihiko
781,1058,Miki Takeo,Suga Yoshihide
781,639,Miki Takeo,Kishida Fumio
781,459,Miki Takeo,Ishiba Shigeru
781,1057,Miki Takeo,Takaichi Sanae
782,391,Mitch McConnell,Harry Reid
782,927,Mitch McConnell,Rand Paul
782,71,Mitch McConnell,Antonin Scalia
783,11,Mohamed Morsi,Adly Mansour
783,417,Mohamed Morsi,Hosni Mubarak
783,76,Mohamed Morsi,Anwar Al-Sadad
783,7,Mohamed Morsi,Abdel Fattah el-Sisi
784,103,Min Aung Hlaing,Aung San Suu Kyi
784,418,Min Aung Hlaing,Htin Kyaw
785,212,Mitt Romney,Deval Patrick
785,1230,Mitt Romney,Đại học Harvard
785,1052,Mitt Romney,Ted Kennedy
785,553,Mitt Romney,John Hancock
785,246,Mitt Romney,Elbridge Gerry
785,143,Mitt Romney,Calvin Coolidge
785,578,Mitt Romney,John Volpe
785,1195,Mitt Romney,William Weld
785,173,Mitt Romney,Charlie Baker
785,591,Mitt Romney,John McCain
785,298,Mitt Romney,Donald Trump
786,11,Mohamed ElBaradei,Adly Mansour
786,1080,Mohamed ElBaradei,Theodore Roosevelt
786,1201,Mohamed ElBaradei,Woodrow Wilson
786,153,Mohamed ElBaradei,Charles G. Dawes
786,321,Mohamed ElBaradei,George Marshall
786,895,Mohamed ElBaradei,Philip Noel-Baker
786,191,Mohamed ElBaradei,Dag Hammarskjöld
786,408,Mohamed ElBaradei,Henry Kissinger
786,1011,Mohamed ElBaradei,Satō Eisaku
786,76,Mohamed ElBaradei,Anwar Al-Sadad
786,758,Mohamed ElBaradei,Menachem Begin
786,1222,Mohamed ElBaradei,Óscar Arias
786,803,Mohamed ElBaradei,Mikhail Sergeyevich Gorbachyov
786,103,Mohamed ElBaradei,Aung San Suu Kyi
786,837,Mohamed ElBaradei,Nelson Mandela
786,1024,Mohamed ElBaradei,Shimon Peres
786,631,Mohamed ElBaradei,Kim Dae-jung
786,627,Mohamed ElBaradei,Kofi Annan
786,548,Mohamed ElBaradei,Jimmy Carter
786,806,Mohamed ElBaradei,Muhammad Yunus
786,742,Mohamed ElBaradei,Martti Ahtisaari
786,156,Mohamed ElBaradei,Barack Obama
786,243,Mohamed ElBaradei,Ellen Johnson Sirleaf
786,716,Mohamed ElBaradei,Malala Yousafzai
786,595,Mohamed ElBaradei,Juan Manuel Santos
786,3,Mohamed ElBaradei,Abiy Ahmed
786,738,Mohamed ElBaradei,Maria Ressa
787,1008,Michelle Lujan Grisham,Roy Cooper
787,913,Michelle Lujan Grisham,Phil Murphy
787,533,Michelle Lujan Grisham,John Boehner
787,875,Michelle Lujan Grisham,Paul Ryan
787,304,Michelle Lujan Grisham,Gary Johnson
787,565,Michelle Lujan Grisham,Joe Biden
787,628,Michelle Lujan Grisham,Kamala Harris
787,831,Michelle Lujan Grisham,Ned Lamont
787,505,Michelle Lujan Grisham,Janet Mills
787,173,Michelle Lujan Grisham,Charlie Baker
787,183,Michelle Lujan Grisham,Chris Sununu
787,50,Michelle Lujan Grisham,Andrew Cuomo
787,1107,Michelle Lujan Grisham,Tom Wolf
787,202,Michelle Lujan Grisham,Daniel McKee
787,898,Michelle Lujan Grisham,Phil Scott
787,480,Michelle Lujan Grisham,J. B. Pritzker
787,258,Michelle Lujan Grisham,Eric Holcomb
787,636,Michelle Lujan Grisham,Kim Reynolds
787,673,Michelle Lujan Grisham,Laura Kelly
787,367,Michelle Lujan Grisham,Gretchen Whitmer
787,1089,Michelle Lujan Grisham,Tim Walz
787,903,Michelle Lujan Grisham,Pete Ricketts
787,220,Michelle Lujan Grisham,Doug Burgum
787,812,Michelle Lujan Grisham,Mike DeWine
787,642,Michelle Lujan Grisham,Kristi Noem
787,1091,Michelle Lujan Grisham,Tony Evers
787,614,Michelle Lujan Grisham,Kay Ivey
787,91,Michelle Lujan Grisham,Asa Hutchinson
787,554,Michelle Lujan Grisham,John Carney
787,979,Michelle Lujan Grisham,Ron DeSantis
787,142,Michelle Lujan Grisham,Brian Kemp
787,60,Michelle Lujan Grisham,Andy Beshear
787,536,Michelle Lujan Grisham,John Bel Edwards
787,650,Michelle Lujan Grisham,Larry Hogan
787,1061,Michelle Lujan Grisham,Tate Reeves
787,624,Michelle Lujan Grisham,Kevin Stitt
787,404,Michelle Lujan Grisham,Henry McMaster
787,124,Michelle Lujan Grisham,Bill Lee
787,365,Michelle Lujan Grisham,Greg Abbott
787,946,Michelle Lujan Grisham,Ralph Northam
787,534,Michelle Lujan Grisham,Jim Justice
787,779,Michelle Lujan Grisham,Mike Dunleavy
787,242,Michelle Lujan Grisham,Doug Ducey
787,331,Michelle Lujan Grisham,Gavin Newsom
787,502,Michelle Lujan Grisham,Jared Polis
787,208,Michelle Lujan Grisham,David Ige
787,140,Michelle Lujan Grisham,Brad Little
787,388,Michelle Lujan Grisham,Greg Gianforte
787,1060,Michelle Lujan Grisham,Steve Sisolak
787,612,Michelle Lujan Grisham,Kate Brown
787,1030,Michelle Lujan Grisham,Spencer Cox
787,506,Michelle Lujan Grisham,Jay Inslee
787,736,Michelle Lujan Grisham,Mark Gordon (chính trị gia)
787,540,Michelle Lujan Grisham,Jerome Adams
787,213,Michelle Lujan Grisham,Deborah Birx
787,86,Michelle Lujan Grisham,Anthony Fauci
787,139,Michelle Lujan Grisham,Brett Giroir
787,888,Michelle Lujan Grisham,Peter Navarro
787,773,Michelle Lujan Grisham,Mike Pence
787,976,Michelle Lujan Grisham,Robert R. Redfield
787,298,Michelle Lujan Grisham,Donald Trump
789,818,Mohammad Hidayatullah,Neelam Sanjiva Reddy
789,1209,Mohammad Hidayatullah,Zail Singh
789,93,Mohammad Hidayatullah,B. D. Jatti
789,917,Mohammad Hidayatullah,R. Venkataraman
789,448,Mohammad Hidayatullah,Indira Gandhi
789,1129,Mohammad Hidayatullah,V. V. Giri
789,1218,Mohammad Hidayatullah,Zakir Husain (chính trị gia)
789,925,Mohammad Hidayatullah,Rajendra Prasad
789,998,Mohammad Hidayatullah,Sarvepalli Radhakrishnan
789,266,Mohammad Hidayatullah,Fakhruddin Ali Ahmed
789,1013,Mohammad Hidayatullah,Shankar Dayal Sharma
789,596,Mohammad Hidayatullah,K. R. Narayanan
789,6,Mohammad Hidayatullah,A. P. J. Abdul Kalam
789,908,Mohammad Hidayatullah,Pratibha Patil
789,909,Mohammad Hidayatullah,Pranab Mukherjee
789,926,Mohammad Hidayatullah,Ram Nath Kovind
789,223,Mohammad Hidayatullah,Droupadi Murmu
790,846,Mohammed Shia' Al Sudani,Nouri al-Maliki
792,818,Morarji Desai,Neelam Sanjiva Reddy
792,448,Morarji Desai,Indira Gandhi
792,151,Morarji Desai,Charan Singh
792,497,Morarji Desai,Jawaharlal Nehru
792,360,Morarji Desai,Gulzarilal Nanda
792,923,Morarji Desai,Rajiv Gandhi
792,1131,Morarji Desai,V. P. Singh
792,152,Morarji Desai,Chandra Shekhar
792,861,Morarji Desai,P. V. Narasimha Rao
792,82,Morarji Desai,Atal Bihari Vajpayee
792,428,Morarji Desai,I. K. Gujral
792,720,Morarji Desai,Manmohan Singh
792,816,Morarji Desai,Narendra Modi
793,839,Mohamed bin Zayed Al Nahyan,Nicolas Sarkozy
793,422,Mohamed bin Zayed Al Nahyan,Hillary Clinton
793,267,Mohamed bin Zayed Al Nahyan,Emmanuel Macron
793,296,Mohamed bin Zayed Al Nahyan,Frederik X của Đan Mạch
793,379,Mohamed bin Zayed Al Nahyan,Giáo hoàng Lêô XIV
794,883,Milton Friedman,Paul Samuelson
794,558,Milton Friedman,John Kenneth Galbraith
794,1021,Milton Friedman,Simon Kuznets
794,295,Milton Friedman,Friedrich Hayek
794,320,Milton Friedman,George Stigler
794,735,Milton Friedman,Margaret Thatcher
794,326,Milton Friedman,Gary Becker
794,89,Milton Friedman,Augusto Pinochet
794,383,Milton Friedman,Harry Markowitz
794,1036,Milton Friedman,Ronald Reagan
794,551,Milton Friedman,John Hicks
794,621,Milton Friedman,Kenneth Arrow
794,112,Milton Friedman,Bertil Ohlin
794,494,Milton Friedman,James Meade
794,1062,Milton Friedman,Theodore Schultz
794,655,Milton Friedman,Lawrence Klein
794,485,Milton Friedman,James Tobin
794,364,Milton Friedman,Gérard Debreu
794,939,Milton Friedman,Richard Stone
794,281,Milton Friedman,Franco Modigliani
794,479,Milton Friedman,James M. Buchanan
794,975,Milton Friedman,Robert Solow
794,749,Milton Friedman,Maurice Allais
794,1092,Milton Friedman,Trygve Haavelmo
794,759,Milton Friedman,Merton Miller
794,977,Milton Friedman,Ronald Coase
794,957,Milton Friedman,Robert Fogel
794,221,Milton Friedman,Douglass North
794,956,Milton Friedman,"Robert Lucas, Jr."
794,476,Milton Friedman,James Mirrlees
794,1191,Milton Friedman,William Vickrey
794,805,Milton Friedman,Myron Scholes
794,54,Milton Friedman,Amartya Sen
794,962,Milton Friedman,Robert Mundell
794,472,Milton Friedman,James Heckman
794,310,Milton Friedman,George Akerlof
794,760,Milton Friedman,Michael Spence
794,587,Milton Friedman,Joseph Stiglitz
794,954,Milton Friedman,Robert F. Engle
794,194,Milton Friedman,Clive Granger
794,273,Milton Friedman,Finn E. Kydland
794,882,Milton Friedman,Peter A. Diamond
794,172,Milton Friedman,Christopher A. Pissarides
794,1068,Milton Friedman,Thomas J. Sargent
794,174,Milton Friedman,Christopher A. Sims
794,507,Milton Friedman,Jean Tirole
794,101,Milton Friedman,Bengt Holmström
794,941,Milton Friedman,Richard Thaler
794,262,Milton Friedman,Esther Duflo
794,580,Milton Friedman,Joshua Angrist
794,209,Milton Friedman,David Card
794,86,Milton Friedman,Anthony Fauci
794,1142,Milton Friedman,Vannevar Bush
794,653,Milton Friedman,Lawrence Summers
794,196,Milton Friedman,Daron Acemoğlu
795,987,Moussa Koussa,Saif al-Islam Gaddafi
795,616,Moussa Koussa,Khamis Gaddafi
795,810,Moussa Koussa,Mustafa Abdul Jalil
796,850,Mori Yoshirō,Obuchi Keizō
796,780,Mori Yoshirō,Miyazawa Kiichi
796,119,Mori Yoshirō,Bill Clinton
796,710,Mori Yoshirō,Mahathir Mohamad
796,330,Mori Yoshirō,George W. Bush
796,19,Mori Yoshirō,Abe Shinzō
796,462,Mori Yoshirō,Itō Hirobumi
796,991,Mori Yoshirō,Saionji Kinmochi
796,375,Mori Yoshirō,Hara Takashi
796,611,Mori Yoshirō,Katō Tomosaburō
796,609,Mori Yoshirō,Katō Takaaki
796,1163,Mori Yoshirō,Wakatsuki Reijirō
796,1050,Mori Yoshirō,Tanaka Giichi
796,441,Mori Yoshirō,Inukai Tsuyoshi
796,992,Mori Yoshirō,Saitō Makoto
796,352,Mori Yoshirō,Gotō Fumio
796,410,Mori Yoshirō,Hiranuma Kiichirō
796,4,Mori Yoshirō,Abe Nobuyuki
796,447,Mori Yoshirō,Itō Masayoshi
796,303,Mori Yoshirō,Fukuda Yasuo
796,90,Mori Yoshirō,Asō Tarō
796,390,Mori Yoshirō,Hatoyama Yukio
796,601,Mori Yoshirō,Kan Naoto
796,841,Mori Yoshirō,Noda Yoshihiko
796,1058,Mori Yoshirō,Suga Yoshihide
796,639,Mori Yoshirō,Kishida Fumio
796,459,Mori Yoshirō,Ishiba Shigeru
796,1057,Mori Yoshirō,Takaichi Sanae
797,356,Moshe Sharett,Golda Meir
797,758,Moshe Sharett,Menachem Begin
797,1024,Moshe Sharett,Shimon Peres
797,133,Moshe Sharett,Benjamin Netanyahu
797,240,Moshe Sharett,Ehud Barak
797,81,Moshe Sharett,Ariel Sharon
797,249,Moshe Sharett,Ehud Olmert
797,821,Moshe Sharett,Naftali Bennett
798,634,Mohammad Mosaddegh,Konrad Adenauer
798,541,Mohammad Mosaddegh,John Foster Dulles
798,854,Mohammad Mosaddegh,Nikita Sergeyevich Khrushchyov
798,171,Mohammad Mosaddegh,Charles de Gaulle
798,228,Mohammad Mosaddegh,Dwight D. Eisenhower
798,549,Mohammad Mosaddegh,John F. Kennedy
798,688,Mohammad Mosaddegh,Lyndon B. Johnson
798,968,Mohammad Mosaddegh,Richard Nixon
798,408,Mohammad Mosaddegh,Henry Kissinger
799,1202,Muhammad Mian Soomro,Yousaf Raza Gillani
799,884,Muhammad Mian Soomro,Pervez Musharraf
799,664,Muhammad Mian Soomro,Liaquat Ali Khan
799,1225,Muhammad Mian Soomro,Zulfikar Ali Bhutto
799,446,Muhammad Mian Soomro,Imran Khan
800,372,Mulatu Teshome,Hailemariam Desalegn
800,753,Mulatu Teshome,Meles Zenawi
801,417,Mostafa Madbouly,Hosni Mubarak
803,1036,Mikhail Sergeyevich Gorbachyov,Ronald Reagan
803,370,Mikhail Sergeyevich Gorbachyov,Hafez al-Assad
803,923,Mikhail Sergeyevich Gorbachyov,Rajiv Gandhi
803,406,Mikhail Sergeyevich Gorbachyov,Helmut Kohl
803,585,Mikhail Sergeyevich Gorbachyov,Joseph Goebbels
803,1235,Mikhail Sergeyevich Gorbachyov,Đặng Tiểu Bình
803,1153,Mikhail Sergeyevich Gorbachyov,Vladimir Vladimirovich Putin
803,103,Mikhail Sergeyevich Gorbachyov,Aung San Suu Kyi
803,188,Mikhail Sergeyevich Gorbachyov,Colin Powell
803,1160,Mikhail Sergeyevich Gorbachyov,Vladimir Ilyich Lenin
803,854,Mikhail Sergeyevich Gorbachyov,Nikita Sergeyevich Khrushchyov
803,1019,Mikhail Sergeyevich Gorbachyov,Slobodan Milošević
803,814,Mikhail Sergeyevich Gorbachyov,Ne Win
803,1154,Mikhail Sergeyevich Gorbachyov,Václav Havel
803,523,Mikhail Sergeyevich Gorbachyov,Joachim Gauck
803,986,Mikhail Sergeyevich Gorbachyov,Sali Berisha
803,135,Mikhail Sergeyevich Gorbachyov,Boris Nikolayevich Yeltsin
803,753,Mikhail Sergeyevich Gorbachyov,Meles Zenawi
803,292,Mikhail Sergeyevich Gorbachyov,Franklin D. Roosevelt
803,1125,Mikhail Sergeyevich Gorbachyov,Tưởng Giới Thạch
803,1223,Mikhail Sergeyevich Gorbachyov,Winston Churchill
803,321,Mikhail Sergeyevich Gorbachyov,George Marshall
803,228,Mikhail Sergeyevich Gorbachyov,Dwight D. Eisenhower
803,389,Mikhail Sergeyevich Gorbachyov,Harry S. Truman
803,798,Mikhail Sergeyevich Gorbachyov,Mohammad Mosaddegh
803,634,Mikhail Sergeyevich Gorbachyov,Konrad Adenauer
803,541,Mikhail Sergeyevich Gorbachyov,John Foster Dulles
803,171,Mikhail Sergeyevich Gorbachyov,Charles de Gaulle
803,549,Mikhail Sergeyevich Gorbachyov,John F. Kennedy
803,688,Mikhail Sergeyevich Gorbachyov,Lyndon B. Johnson
803,968,Mikhail Sergeyevich Gorbachyov,Richard Nixon
803,408,Mikhail Sergeyevich Gorbachyov,Henry Kissinger
803,548,Mikhail Sergeyevich Gorbachyov,Jimmy Carter
803,76,Mikhail Sergeyevich Gorbachyov,Anwar Al-Sadad
803,983,Mikhail Sergeyevich Gorbachyov,Ruhollah Khomeini
803,198,Mikhail Sergeyevich Gorbachyov,Corazon Aquino
803,319,Mikhail Sergeyevich Gorbachyov,George H. W. Bush
803,119,Mikhail Sergeyevich Gorbachyov,Bill Clinton
803,837,Mikhail Sergeyevich Gorbachyov,Nelson Mandela
803,824,Mikhail Sergeyevich Gorbachyov,Newt Gingrich
803,515,Mikhail Sergeyevich Gorbachyov,Jeff Bezos
803,330,Mikhail Sergeyevich Gorbachyov,George W. Bush
803,978,Mikhail Sergeyevich Gorbachyov,Rudy Giuliani
803,121,Mikhail Sergeyevich Gorbachyov,Bill Gates
803,156,Mikhail Sergeyevich Gorbachyov,Barack Obama
803,743,Mikhail Sergeyevich Gorbachyov,Mark Zuckerberg
803,68,Mikhail Sergeyevich Gorbachyov,Angela Merkel
803,298,Mikhail Sergeyevich Gorbachyov,Donald Trump
803,738,Mikhail Sergeyevich Gorbachyov,Maria Ressa
803,565,Mikhail Sergeyevich Gorbachyov,Joe Biden
803,628,Mikhail Sergeyevich Gorbachyov,Kamala Harris
803,268,Mikhail Sergeyevich Gorbachyov,Elon Musk
803,1148,Mikhail Sergeyevich Gorbachyov,Volodymyr Oleksandrovych Zelenskyy
803,1175,Mikhail Sergeyevich Gorbachyov,Taylor Swift
803,1080,Mikhail Sergeyevich Gorbachyov,Theodore Roosevelt
803,1201,Mikhail Sergeyevich Gorbachyov,Woodrow Wilson
803,153,Mikhail Sergeyevich Gorbachyov,Charles G. Dawes
803,895,Mikhail Sergeyevich Gorbachyov,Philip Noel-Baker
803,191,Mikhail Sergeyevich Gorbachyov,Dag Hammarskjöld
803,1011,Mikhail Sergeyevich Gorbachyov,Satō Eisaku
803,758,Mikhail Sergeyevich Gorbachyov,Menachem Begin
803,1222,Mikhail Sergeyevich Gorbachyov,Óscar Arias
803,1024,Mikhail Sergeyevich Gorbachyov,Shimon Peres
803,631,Mikhail Sergeyevich Gorbachyov,Kim Dae-jung
803,627,Mikhail Sergeyevich Gorbachyov,Kofi Annan
803,786,Mikhail Sergeyevich Gorbachyov,Mohamed ElBaradei
803,806,Mikhail Sergeyevich Gorbachyov,Muhammad Yunus
803,742,Mikhail Sergeyevich Gorbachyov,Martti Ahtisaari
803,243,Mikhail Sergeyevich Gorbachyov,Ellen Johnson Sirleaf
803,716,Mikhail Sergeyevich Gorbachyov,Malala Yousafzai
803,595,Mikhail Sergeyevich Gorbachyov,Juan Manuel Santos
803,3,Mikhail Sergeyevich Gorbachyov,Abiy Ahmed
804,1197,Muhammad Zia-ul-Haq,Yahya Khan
804,1225,Muhammad Zia-ul-Haq,Zulfikar Ali Bhutto
804,884,Muhammad Zia-ul-Haq,Pervez Musharraf
804,799,Muhammad Zia-ul-Haq,Muhammad Mian Soomro
804,711,Muhammad Zia-ul-Haq,Mamnoon Hussain
805,320,Myron Scholes,George Stigler
805,794,Myron Scholes,Milton Friedman
805,759,Myron Scholes,Merton Miller
805,1228,Myron Scholes,Đại học Stanford
805,883,Myron Scholes,Paul Samuelson
805,1021,Myron Scholes,Simon Kuznets
805,551,Myron Scholes,John Hicks
805,621,Myron Scholes,Kenneth Arrow
805,295,Myron Scholes,Friedrich Hayek
805,112,Myron Scholes,Bertil Ohlin
805,494,Myron Scholes,James Meade
805,1062,Myron Scholes,Theodore Schultz
805,655,Myron Scholes,Lawrence Klein
805,485,Myron Scholes,James Tobin
805,364,Myron Scholes,Gérard Debreu
805,939,Myron Scholes,Richard Stone
805,281,Myron Scholes,Franco Modigliani
805,479,Myron Scholes,James M. Buchanan
805,975,Myron Scholes,Robert Solow
805,749,Myron Scholes,Maurice Allais
805,1092,Myron Scholes,Trygve Haavelmo
805,383,Myron Scholes,Harry Markowitz
805,977,Myron Scholes,Ronald Coase
805,326,Myron Scholes,Gary Becker
805,957,Myron Scholes,Robert Fogel
805,221,Myron Scholes,Douglass North
805,956,Myron Scholes,"Robert Lucas, Jr."
805,476,Myron Scholes,James Mirrlees
805,1191,Myron Scholes,William Vickrey
805,54,Myron Scholes,Amartya Sen
805,962,Myron Scholes,Robert Mundell
805,472,Myron Scholes,James Heckman
805,310,Myron Scholes,George Akerlof
805,760,Myron Scholes,Michael Spence
805,587,Myron Scholes,Joseph Stiglitz
805,954,Myron Scholes,Robert F. Engle
805,194,Myron Scholes,Clive Granger
805,273,Myron Scholes,Finn E. Kydland
805,882,Myron Scholes,Peter A. Diamond
805,172,Myron Scholes,Christopher A. Pissarides
805,1068,Myron Scholes,Thomas J. Sargent
805,174,Myron Scholes,Christopher A. Sims
805,507,Myron Scholes,Jean Tirole
805,101,Myron Scholes,Bengt Holmström
805,941,Myron Scholes,Richard Thaler
805,262,Myron Scholes,Esther Duflo
805,580,Myron Scholes,Joshua Angrist
805,209,Myron Scholes,David Card
806,1015,Muhammad Yunus,Sheikh Hasina
806,422,Muhammad Yunus,Hillary Clinton
806,1080,Muhammad Yunus,Theodore Roosevelt
806,1201,Muhammad Yunus,Woodrow Wilson
806,153,Muhammad Yunus,Charles G. Dawes
806,321,Muhammad Yunus,George Marshall
806,895,Muhammad Yunus,Philip Noel-Baker
806,191,Muhammad Yunus,Dag Hammarskjöld
806,408,Muhammad Yunus,Henry Kissinger
806,1011,Muhammad Yunus,Satō Eisaku
806,76,Muhammad Yunus,Anwar Al-Sadad
806,758,Muhammad Yunus,Menachem Begin
806,1222,Muhammad Yunus,Óscar Arias
806,803,Muhammad Yunus,Mikhail Sergeyevich Gorbachyov
806,103,Muhammad Yunus,Aung San Suu Kyi
806,837,Muhammad Yunus,Nelson Mandela
806,1024,Muhammad Yunus,Shimon Peres
806,631,Muhammad Yunus,Kim Dae-jung
806,627,Muhammad Yunus,Kofi Annan
806,548,Muhammad Yunus,Jimmy Carter
806,786,Muhammad Yunus,Mohamed ElBaradei
806,742,Muhammad Yunus,Martti Ahtisaari
806,156,Muhammad Yunus,Barack Obama
806,243,Muhammad Yunus,Ellen Johnson Sirleaf
806,716,Muhammad Yunus,Malala Yousafzai
806,595,Muhammad Yunus,Juan Manuel Santos
806,3,Muhammad Yunus,Abiy Ahmed
806,738,Muhammad Yunus,Maria Ressa
807,345,Muhammadu Buhari,Goodluck Jonathan
807,1123,Muhammadu Buhari,Umaru Musa Yar'Adua
808,330,Muntadhar al-Zaidi,George W. Bush
808,846,Muntadhar al-Zaidi,Nouri al-Maliki
808,1234,Muntadhar al-Zaidi,Đại học Cambridge
810,987,Mustafa Abdul Jalil,Saif al-Islam Gaddafi
810,616,Mustafa Abdul Jalil,Khamis Gaddafi
811,702,Mã Hiểu Vĩ,Lý Khắc Cường
811,1167,Mã Hiểu Vĩ,Tập Cận Bình
811,686,Mã Hiểu Vĩ,Lý Cường
811,1231,Mã Hiểu Vĩ,Đinh Tiết Tường
811,431,Mã Hiểu Vĩ,Hà Lập Phong
811,1140,Mã Hiểu Vĩ,Trương Quốc Thanh
811,709,Mã Hiểu Vĩ,Lưu Quốc Trung
811,1174,Mã Hiểu Vĩ,Vương Tiểu Hồng
811,834,Mã Hiểu Vĩ,Ngô Chính Long
811,1104,Mã Hiểu Vĩ,Thầm Di Cầm
811,421,Mã Hiểu Vĩ,Hoài Tiến Bằng
811,630,Mã Hiểu Vĩ,Kim Tráng Long
811,1103,Mã Hiểu Vĩ,Trần Nhất Tân
811,439,Mã Hiểu Vĩ,Hạ Vinh
811,1156,Mã Hiểu Vĩ,Vương Hiểu Bình
811,1165,Mã Hiểu Vĩ,Vương Quảng Hoa
811,426,Mã Hiểu Vĩ,Hoàng Nhuận Thu
811,828,Mã Hiểu Vĩ,Nghê Hồng
811,689,Mã Hiểu Vĩ,Lý Quốc Anh
811,1166,Mã Hiểu Vĩ,Vương Văn Đào
811,1172,Mã Hiểu Vĩ,Vương Tường Hỉ
811,144,Mã Hiểu Vĩ,Bùi Kim Giai
811,1119,Mã Hiểu Vĩ,Trịnh Sách Khiết
811,899,Mã Hiểu Vĩ,Phan Nhạc (chính khách)
811,893,Mã Hiểu Vĩ,Phan Công Thắng
811,445,Mã Hiểu Vĩ,Hầu Khải
811,433,Mã Hiểu Vĩ,Hàn Chính (chính khách)
811,1095,Mã Hiểu Vĩ,Triệu Khắc Chí
811,1086,Mã Hiểu Vĩ,Tiêu Á Khánh
811,1108,Mã Hiểu Vĩ,Trần Văn Thanh (chính khách Trung Quốc)
811,684,Mã Hiểu Vĩ,Lý Cán Kiệt
811,696,Mã Hiểu Vĩ,Lạc Thụ Cương
812,552,Mike DeWine,John Kasich
812,591,Mike DeWine,John McCain
812,319,Mike DeWine,George H. W. Bush
812,544,Mike DeWine,John Glenn
812,785,Mike DeWine,Mitt Romney
812,298,Mike DeWine,Donald Trump
812,776,Mike DeWine,Mike Pompeo
812,1036,Mike DeWine,Ronald Reagan
812,993,Mike DeWine,Rutherford B. Hayes
812,1206,Mike DeWine,William McKinley
812,123,Mike DeWine,Bob Taft
812,1170,Mike DeWine,Warren G. Harding
812,565,Mike DeWine,Joe Biden
812,831,Mike DeWine,Ned Lamont
812,505,Mike DeWine,Janet Mills
812,173,Mike DeWine,Charlie Baker
812,183,Mike DeWine,Chris Sununu
812,913,Mike DeWine,Phil Murphy
812,50,Mike DeWine,Andrew Cuomo
812,1107,Mike DeWine,Tom Wolf
812,202,Mike DeWine,Daniel McKee
812,898,Mike DeWine,Phil Scott
812,480,Mike DeWine,J. B. Pritzker
812,258,Mike DeWine,Eric Holcomb
812,636,Mike DeWine,Kim Reynolds
812,673,Mike DeWine,Laura Kelly
812,367,Mike DeWine,Gretchen Whitmer
812,1089,Mike DeWine,Tim Walz
812,903,Mike DeWine,Pete Ricketts
812,220,Mike DeWine,Doug Burgum
812,642,Mike DeWine,Kristi Noem
812,1091,Mike DeWine,Tony Evers
812,614,Mike DeWine,Kay Ivey
812,91,Mike DeWine,Asa Hutchinson
812,554,Mike DeWine,John Carney
812,979,Mike DeWine,Ron DeSantis
812,142,Mike DeWine,Brian Kemp
812,60,Mike DeWine,Andy Beshear
812,536,Mike DeWine,John Bel Edwards
812,650,Mike DeWine,Larry Hogan
812,1061,Mike DeWine,Tate Reeves
812,1008,Mike DeWine,Roy Cooper
812,624,Mike DeWine,Kevin Stitt
812,404,Mike DeWine,Henry McMaster
812,124,Mike DeWine,Bill Lee
812,365,Mike DeWine,Greg Abbott
812,946,Mike DeWine,Ralph Northam
812,534,Mike DeWine,Jim Justice
812,779,Mike DeWine,Mike Dunleavy
812,242,Mike DeWine,Doug Ducey
812,331,Mike DeWine,Gavin Newsom
812,502,Mike DeWine,Jared Polis
812,208,Mike DeWine,David Ige
812,140,Mike DeWine,Brad Little
812,388,Mike DeWine,Greg Gianforte
812,1060,Mike DeWine,Steve Sisolak
812,787,Mike DeWine,Michelle Lujan Grisham
812,612,Mike DeWine,Kate Brown
812,1030,Mike DeWine,Spencer Cox
812,506,Mike DeWine,Jay Inslee
812,736,Mike DeWine,Mark Gordon (chính trị gia)
812,540,Mike DeWine,Jerome Adams
812,213,Mike DeWine,Deborah Birx
812,86,Mike DeWine,Anthony Fauci
812,139,Mike DeWine,Brett Giroir
812,888,Mike DeWine,Peter Navarro
812,773,Mike DeWine,Mike Pence
812,976,Mike DeWine,Robert R. Redfield
813,872,Moon Jae-in,Park Geun-hye
813,424,Moon Jae-in,Hwang Kyo-ahn
813,1216,Moon Jae-in,Yoon Suk-yeol
813,880,Moon Jae-in,Park Chung-hee
813,741,Moon Jae-in,Mark Rutte
813,565,Moon Jae-in,Joe Biden
813,887,Moon Jae-in,Pedro Sánchez
813,298,Moon Jae-in,Donald Trump
813,1167,Moon Jae-in,Tập Cận Bình
813,631,Moon Jae-in,Kim Dae-jung
813,710,Moon Jae-in,Mahathir Mohamad
813,700,Moon Jae-in,Lý Thừa Vãn
813,1208,Moon Jae-in,Yun Bo-seon
813,166,Moon Jae-in,Choi Kyu-hah
813,623,Moon Jae-in,Kim Young-sam
813,674,Moon Jae-in,Lee Myung-bak
813,661,Moon Jae-in,Lee Jae-myung
815,459,Nakatani Gen,Ishiba Shigeru
815,19,Nakatani Gen,Abe Shinzō
815,796,Nakatani Gen,Mori Yoshirō
815,638,Nakatani Gen,Koizumi Junichirō
815,156,Nakatani Gen,Barack Obama
815,386,Nakatani Gen,Hayashi Yoshimasa
815,639,Nakatani Gen,Kishida Fumio
815,629,Nakatani Gen,Koizumi Shinjirō
816,909,Narendra Modi,Pranab Mukherjee
816,926,Narendra Modi,Ram Nath Kovind
816,223,Narendra Modi,Droupadi Murmu
816,720,Narendra Modi,Manmohan Singh
816,710,Narendra Modi,Mahathir Mohamad
816,448,Narendra Modi,Indira Gandhi
816,497,Narendra Modi,Jawaharlal Nehru
816,360,Narendra Modi,Gulzarilal Nanda
816,792,Narendra Modi,Morarji Desai
816,151,Narendra Modi,Charan Singh
816,923,Narendra Modi,Rajiv Gandhi
816,1131,Narendra Modi,V. P. Singh
816,152,Narendra Modi,Chandra Shekhar
816,861,Narendra Modi,P. V. Narasimha Rao
816,82,Narendra Modi,Atal Bihari Vajpayee
816,428,Narendra Modi,I. K. Gujral
816,197,Narendra Modi,Cyril Ramaphosa
816,7,Narendra Modi,Abdel Fattah el-Sisi
816,3,Narendra Modi,Abiy Ahmed
816,748,Narendra Modi,Masoud Pezeshkian
816,793,Narendra Modi,Mohamed bin Zayed Al Nahyan
816,906,Narendra Modi,Prabowo Subianto
817,875,Nancy Pelosi,Paul Ryan
817,613,Nancy Pelosi,Kevin McCarthy
817,533,Nancy Pelosi,John Boehner
817,628,Nancy Pelosi,Kamala Harris
817,773,Nancy Pelosi,Mike Pence
817,289,Nancy Pelosi,Frederick Muhlenberg
817,572,Nancy Pelosi,Jonathan Dayton
817,473,Nancy Pelosi,James K. Polk
817,561,Nancy Pelosi,John Nance Garner
817,824,Nancy Pelosi,Newt Gingrich
817,771,Nancy Pelosi,Mike Johnson
817,238,Nancy Pelosi,Ed Rendell
817,414,Nancy Pelosi,Howard Dean
817,1099,Nancy Pelosi,Tim Kaine
817,538,Nancy Pelosi,John C. Calhoun
817,938,Nancy Pelosi,Richard Mentor Johnson
817,314,Nancy Pelosi,George M. Dallas
817,286,Nancy Pelosi,Franklin Pierce
817,1187,Nancy Pelosi,William R. King
817,469,Nancy Pelosi,James Buchanan
817,535,Nancy Pelosi,John C. Breckinridge
817,1034,Nancy Pelosi,Stephen A. Douglas
817,1066,Nancy Pelosi,Thomas A. Hendricks
817,9,Nancy Pelosi,Adlai Stevenson I
817,1201,Nancy Pelosi,Woodrow Wilson
817,1072,Nancy Pelosi,Thomas R. Marshall
817,292,Nancy Pelosi,Franklin D. Roosevelt
817,409,Nancy Pelosi,Henry A. Wallace
817,389,Nancy Pelosi,Harry S. Truman
817,24,Nancy Pelosi,Alben W. Barkley
817,549,Nancy Pelosi,John F. Kennedy
817,688,Nancy Pelosi,Lyndon B. Johnson
817,419,Nancy Pelosi,Hubert Humphrey
817,315,Nancy Pelosi,George McGovern
817,548,Nancy Pelosi,Jimmy Carter
817,1169,Nancy Pelosi,Walter Mondale
817,119,Nancy Pelosi,Bill Clinton
817,156,Nancy Pelosi,Barack Obama
817,565,Nancy Pelosi,Joe Biden
817,422,Nancy Pelosi,Hillary Clinton
817,1089,Nancy Pelosi,Tim Walz
818,792,Neelam Sanjiva Reddy,Morarji Desai
818,151,Neelam Sanjiva Reddy,Charan Singh
818,448,Neelam Sanjiva Reddy,Indira Gandhi
818,93,Neelam Sanjiva Reddy,B. D. Jatti
818,789,Neelam Sanjiva Reddy,Mohammad Hidayatullah
818,1209,Neelam Sanjiva Reddy,Zail Singh
818,288,Neelam Sanjiva Reddy,Fidel Castro
818,925,Neelam Sanjiva Reddy,Rajendra Prasad
818,998,Neelam Sanjiva Reddy,Sarvepalli Radhakrishnan
818,1218,Neelam Sanjiva Reddy,Zakir Husain (chính trị gia)
818,1129,Neelam Sanjiva Reddy,V. V. Giri
818,266,Neelam Sanjiva Reddy,Fakhruddin Ali Ahmed
818,917,Neelam Sanjiva Reddy,R. Venkataraman
818,1013,Neelam Sanjiva Reddy,Shankar Dayal Sharma
818,596,Neelam Sanjiva Reddy,K. R. Narayanan
818,6,Neelam Sanjiva Reddy,A. P. J. Abdul Kalam
818,908,Neelam Sanjiva Reddy,Pratibha Patil
818,909,Neelam Sanjiva Reddy,Pranab Mukherjee
818,926,Neelam Sanjiva Reddy,Ram Nath Kovind
818,223,Neelam Sanjiva Reddy,Droupadi Murmu
820,298,Neil Gorsuch,Donald Trump
820,71,Neil Gorsuch,Antonin Scalia
820,330,Neil Gorsuch,George W. Bush
820,1230,Neil Gorsuch,Đại học Harvard
820,1233,Neil Gorsuch,Đại học Oxford
821,935,Naftali Bennett,Reuven Rivlin
821,443,Naftali Bennett,Isaac Herzog
821,133,Naftali Bennett,Benjamin Netanyahu
821,797,Naftali Bennett,Moshe Sharett
821,356,Naftali Bennett,Golda Meir
821,758,Naftali Bennett,Menachem Begin
821,1024,Naftali Bennett,Shimon Peres
821,240,Naftali Bennett,Ehud Barak
821,81,Naftali Bennett,Ariel Sharon
821,249,Naftali Bennett,Ehud Olmert
822,537,Nana Akufo-Addo,John Dramani Mahama
822,529,Nana Akufo-Addo,John Atta Mills
823,1035,Neville Chamberlain,Stanley Baldwin
823,1223,Neville Chamberlain,Winston Churchill
823,933,Neville Chamberlain,Ramsay MacDonald
824,119,Newt Gingrich,Bill Clinton
824,211,Newt Gingrich,Dick Cheney
824,548,Newt Gingrich,Jimmy Carter
824,76,Newt Gingrich,Anwar Al-Sadad
824,1235,Newt Gingrich,Đặng Tiểu Bình
824,983,Newt Gingrich,Ruhollah Khomeini
824,1036,Newt Gingrich,Ronald Reagan
824,198,Newt Gingrich,Corazon Aquino
824,803,Newt Gingrich,Mikhail Sergeyevich Gorbachyov
824,319,Newt Gingrich,George H. W. Bush
824,837,Newt Gingrich,Nelson Mandela
824,515,Newt Gingrich,Jeff Bezos
824,330,Newt Gingrich,George W. Bush
825,856,Nguyễn Hữu Có,Nguyễn Văn Thiệu
825,229,Nguyễn Hữu Có,Dương Văn Minh
825,1118,Nguyễn Hữu Có,Tôn Thất Đính
825,842,Nguyễn Hữu Có,Ngô Đình Diệm
825,827,Nguyễn Hữu Có,Nguyễn Khánh
825,1114,Nguyễn Hữu Có,Trần Văn Đôn
825,681,Nguyễn Hữu Có,Lê Văn Kim
825,1159,Nguyễn Hữu Có,Võ Nguyên Giáp
826,1167,Nghê Nhạc Phong,Tập Cận Bình
826,702,Nghê Nhạc Phong,Lý Khắc Cường
826,239,Nghê Nhạc Phong,Doãn Lực
826,1106,Nghê Nhạc Phong,Trần Mẫn Nhĩ
826,651,Nghê Nhạc Phong,Lam Phật An
826,834,Nghê Nhạc Phong,Ngô Chính Long
826,1119,Nghê Nhạc Phong,Trịnh Sách Khiết
826,429,Nghê Nhạc Phong,Hác Bằng
826,1095,Nghê Nhạc Phong,Triệu Khắc Chí
827,229,Nguyễn Khánh,Dương Văn Minh
827,1118,Nguyễn Khánh,Tôn Thất Đính
827,842,Nguyễn Khánh,Ngô Đình Diệm
827,1149,Nguyễn Khánh,Vũ Văn Mẫu
828,702,Nghê Hồng,Lý Khắc Cường
828,1167,Nghê Hồng,Tập Cận Bình
828,1230,Nghê Hồng,Đại học Harvard
828,686,Nghê Hồng,Lý Cường
828,1231,Nghê Hồng,Đinh Tiết Tường
828,431,Nghê Hồng,Hà Lập Phong
828,1140,Nghê Hồng,Trương Quốc Thanh
828,709,Nghê Hồng,Lưu Quốc Trung
828,1174,Nghê Hồng,Vương Tiểu Hồng
828,834,Nghê Hồng,Ngô Chính Long
828,1104,Nghê Hồng,Thầm Di Cầm
828,421,Nghê Hồng,Hoài Tiến Bằng
828,630,Nghê Hồng,Kim Tráng Long
828,1103,Nghê Hồng,Trần Nhất Tân
828,439,Nghê Hồng,Hạ Vinh
828,1156,Nghê Hồng,Vương Hiểu Bình
828,1165,Nghê Hồng,Vương Quảng Hoa
828,426,Nghê Hồng,Hoàng Nhuận Thu
828,689,Nghê Hồng,Lý Quốc Anh
828,1166,Nghê Hồng,Vương Văn Đào
828,1172,Nghê Hồng,Vương Tường Hỉ
828,144,Nghê Hồng,Bùi Kim Giai
828,1119,Nghê Hồng,Trịnh Sách Khiết
828,899,Nghê Hồng,Phan Nhạc (chính khách)
828,811,Nghê Hồng,Mã Hiểu Vĩ
828,893,Nghê Hồng,Phan Công Thắng
828,445,Nghê Hồng,Hầu Khải
828,433,Nghê Hồng,Hàn Chính (chính khách)
828,1095,Nghê Hồng,Triệu Khắc Chí
828,1086,Nghê Hồng,Tiêu Á Khánh
828,1108,Nghê Hồng,Trần Văn Thanh (chính khách Trung Quốc)
828,684,Nghê Hồng,Lý Cán Kiệt
828,696,Nghê Hồng,Lạc Thụ Cương
829,1098,Ngô Bang Quốc,Trương Đức Giang
829,180,Ngô Bang Quốc,Chu Dung Cơ
829,416,Ngô Bang Quốc,Hoàng Cúc
829,1167,Ngô Bang Quốc,Tập Cận Bình
829,702,Ngô Bang Quốc,Lý Khắc Cường
829,715,Ngô Bang Quốc,Lật Chiến Thư
829,1132,Ngô Bang Quốc,Uông Dương
829,1168,Ngô Bang Quốc,Vương Hỗ Ninh
829,1094,Ngô Bang Quốc,Triệu Lạc Tế
829,433,Ngô Bang Quốc,Hàn Chính (chính khách)
829,342,Ngô Bang Quốc,Giang Trạch Dân
829,686,Ngô Bang Quốc,Lý Cường
830,844,Nguyễn Phú Trọng,Nguyễn Xuân Phúc
830,851,Nguyễn Phú Trọng,Nguyễn Tấn Dũng
830,1151,Nguyễn Phú Trọng,Võ Văn Thưởng
830,488,Nguyễn Phú Trọng,Hồ Chí Minh
830,565,Nguyễn Phú Trọng,Joe Biden
830,457,Nguyễn Phú Trọng,Hồ Cẩm Đào
830,1167,Nguyễn Phú Trọng,Tập Cận Bình
830,570,Nguyễn Phú Trọng,Joko Widodo
830,378,Nguyễn Phú Trọng,Han Duck-soo
830,1058,Nguyễn Phú Trọng,Suga Yoshihide
830,70,Nguyễn Phú Trọng,Antony Blinken
830,1110,Nguyễn Phú Trọng,Trần Đức Lương
830,833,Nguyễn Phú Trọng,Nguyễn Minh Triết
830,1155,Nguyễn Phú Trọng,Võ Thị Ánh Xuân
830,722,Nguyễn Phú Trọng,Lương Cường
830,922,Nguyễn Phú Trọng,Phạm Minh Chính
830,1159,Nguyễn Phú Trọng,Võ Nguyên Giáp
831,1230,Ned Lamont,Đại học Harvard
831,1232,Ned Lamont,Đại học Yale
831,330,Ned Lamont,George W. Bush
831,211,Ned Lamont,Dick Cheney
831,119,Ned Lamont,Bill Clinton
831,156,Ned Lamont,Barack Obama
831,858,Ned Lamont,Oliver Wolcott Jr.
831,565,Ned Lamont,Joe Biden
831,505,Ned Lamont,Janet Mills
831,173,Ned Lamont,Charlie Baker
831,183,Ned Lamont,Chris Sununu
831,913,Ned Lamont,Phil Murphy
831,50,Ned Lamont,Andrew Cuomo
831,1107,Ned Lamont,Tom Wolf
831,202,Ned Lamont,Daniel McKee
831,898,Ned Lamont,Phil Scott
831,480,Ned Lamont,J. B. Pritzker
831,258,Ned Lamont,Eric Holcomb
831,636,Ned Lamont,Kim Reynolds
831,673,Ned Lamont,Laura Kelly
831,367,Ned Lamont,Gretchen Whitmer
831,1089,Ned Lamont,Tim Walz
831,903,Ned Lamont,Pete Ricketts
831,220,Ned Lamont,Doug Burgum
831,812,Ned Lamont,Mike DeWine
831,642,Ned Lamont,Kristi Noem
831,1091,Ned Lamont,Tony Evers
831,614,Ned Lamont,Kay Ivey
831,91,Ned Lamont,Asa Hutchinson
831,554,Ned Lamont,John Carney
831,979,Ned Lamont,Ron DeSantis
831,142,Ned Lamont,Brian Kemp
831,60,Ned Lamont,Andy Beshear
831,536,Ned Lamont,John Bel Edwards
831,650,Ned Lamont,Larry Hogan
831,1061,Ned Lamont,Tate Reeves
831,1008,Ned Lamont,Roy Cooper
831,624,Ned Lamont,Kevin Stitt
831,404,Ned Lamont,Henry McMaster
831,124,Ned Lamont,Bill Lee
831,365,Ned Lamont,Greg Abbott
831,946,Ned Lamont,Ralph Northam
831,534,Ned Lamont,Jim Justice
831,779,Ned Lamont,Mike Dunleavy
831,242,Ned Lamont,Doug Ducey
831,331,Ned Lamont,Gavin Newsom
831,502,Ned Lamont,Jared Polis
831,208,Ned Lamont,David Ige
831,140,Ned Lamont,Brad Little
831,388,Ned Lamont,Greg Gianforte
831,1060,Ned Lamont,Steve Sisolak
831,787,Ned Lamont,Michelle Lujan Grisham
831,612,Ned Lamont,Kate Brown
831,1030,Ned Lamont,Spencer Cox
831,506,Ned Lamont,Jay Inslee
831,736,Ned Lamont,Mark Gordon (chính trị gia)
831,540,Ned Lamont,Jerome Adams
831,213,Ned Lamont,Deborah Birx
831,86,Ned Lamont,Anthony Fauci
831,139,Ned Lamont,Brett Giroir
831,888,Ned Lamont,Peter Navarro
831,773,Ned Lamont,Mike Pence
831,976,Ned Lamont,Robert R. Redfield
831,298,Ned Lamont,Donald Trump
832,340,Nelson Rockefeller,Gerald Ford
832,1169,Nelson Rockefeller,Walter Mondale
832,228,Nelson Rockefeller,Dwight D. Eisenhower
832,292,Nelson Rockefeller,Franklin D. Roosevelt
832,389,Nelson Rockefeller,Harry S. Truman
832,216,Nelson Rockefeller,Donald Rumsfeld
832,319,Nelson Rockefeller,George H. W. Bush
832,408,Nelson Rockefeller,Henry Kissinger
832,1036,Nelson Rockefeller,Ronald Reagan
832,548,Nelson Rockefeller,Jimmy Carter
832,539,Nelson Rockefeller,John Adams
832,1083,Nelson Rockefeller,Thomas Jefferson
832,246,Nelson Rockefeller,Elbridge Gerry
832,192,Nelson Rockefeller,Daniel D. Tompkins
832,538,Nelson Rockefeller,John C. Calhoun
832,938,Nelson Rockefeller,Richard Mentor Johnson
832,568,Nelson Rockefeller,John Tyler
832,314,Nelson Rockefeller,George M. Dallas
832,1187,Nelson Rockefeller,William R. King
832,535,Nelson Rockefeller,John C. Breckinridge
832,1179,Nelson Rockefeller,William A. Wheeler
832,170,Nelson Rockefeller,Chester A. Arthur
832,1066,Nelson Rockefeller,Thomas A. Hendricks
832,9,Nelson Rockefeller,Adlai Stevenson I
832,302,Nelson Rockefeller,Garret Hobart
832,1080,Nelson Rockefeller,Theodore Roosevelt
832,160,Nelson Rockefeller,Charles W. Fairbanks
832,481,Nelson Rockefeller,James S. Sherman
832,1072,Nelson Rockefeller,Thomas R. Marshall
832,143,Nelson Rockefeller,Calvin Coolidge
832,153,Nelson Rockefeller,Charles G. Dawes
832,561,Nelson Rockefeller,John Nance Garner
832,409,Nelson Rockefeller,Henry A. Wallace
832,24,Nelson Rockefeller,Alben W. Barkley
832,968,Nelson Rockefeller,Richard Nixon
832,688,Nelson Rockefeller,Lyndon B. Johnson
832,419,Nelson Rockefeller,Hubert Humphrey
832,211,Nelson Rockefeller,Dick Cheney
832,565,Nelson Rockefeller,Joe Biden
832,773,Nelson Rockefeller,Mike Pence
832,628,Nelson Rockefeller,Kamala Harris
832,466,Nelson Rockefeller,JD Vance
833,1110,Nguyễn Minh Triết,Trần Đức Lương
833,851,Nguyễn Minh Triết,Nguyễn Tấn Dũng
833,842,Nguyễn Minh Triết,Ngô Đình Diệm
833,830,Nguyễn Minh Triết,Nguyễn Phú Trọng
833,330,Nguyễn Minh Triết,George W. Bush
833,817,Nguyễn Minh Triết,Nancy Pelosi
833,227,Nguyễn Minh Triết,Dmitry Anatolyevich Medvedev
833,104,Nguyễn Minh Triết,Benigno Aquino III
833,674,Nguyễn Minh Triết,Lee Myung-bak
833,303,Nguyễn Minh Triết,Fukuda Yasuo
833,844,Nguyễn Minh Triết,Nguyễn Xuân Phúc
833,488,Nguyễn Minh Triết,Hồ Chí Minh
833,1155,Nguyễn Minh Triết,Võ Thị Ánh Xuân
833,1151,Nguyễn Minh Triết,Võ Văn Thưởng
833,722,Nguyễn Minh Triết,Lương Cường
834,683,Ngô Chính Long,Lâu Cần Kiệm
834,1081,Ngô Chính Long,Thạch Thái Phong
834,1230,Ngô Chính Long,Đại học Harvard
834,1167,Ngô Chính Long,Tập Cận Bình
834,686,Ngô Chính Long,Lý Cường
834,1094,Ngô Chính Long,Triệu Lạc Tế
834,1168,Ngô Chính Long,Vương Hỗ Ninh
834,1082,Ngô Chính Long,Thái Kỳ
834,1231,Ngô Chính Long,Đinh Tiết Tường
834,692,Ngô Chính Long,Lý Hi
834,239,Ngô Chính Long,Doãn Lực
834,709,Ngô Chính Long,Lưu Quốc Trung
834,684,Ngô Chính Long,Lý Cán Kiệt
834,691,Ngô Chính Long,Lý Thư Lỗi
834,697,Ngô Chính Long,Lý Hồng Trung
834,427,Ngô Chính Long,Hà Vệ Đông
834,431,Ngô Chính Long,Hà Lập Phong
834,1140,Ngô Chính Long,Trương Quốc Thanh
834,1108,Ngô Chính Long,Trần Văn Thanh (chính khách Trung Quốc)
834,1106,Ngô Chính Long,Trần Mẫn Nhĩ
834,701,Ngô Chính Long,Lưu Kim Quốc
834,1174,Ngô Chính Long,Vương Tiểu Hồng
834,1178,Ngô Chính Long,Vương Đông Minh
834,433,Ngô Chính Long,Hàn Chính (chính khách)
834,1104,Ngô Chính Long,Thầm Di Cầm
834,1077,Ngô Chính Long,Thẩm Dược Dược
834,1096,Ngô Chính Long,Trương Quân
834,421,Ngô Chính Long,Hoài Tiến Bằng
834,630,Ngô Chính Long,Kim Tráng Long
834,1103,Ngô Chính Long,Trần Nhất Tân
834,439,Ngô Chính Long,Hạ Vinh
834,1156,Ngô Chính Long,Vương Hiểu Bình
834,1165,Ngô Chính Long,Vương Quảng Hoa
834,426,Ngô Chính Long,Hoàng Nhuận Thu
834,828,Ngô Chính Long,Nghê Hồng
834,689,Ngô Chính Long,Lý Quốc Anh
834,1166,Ngô Chính Long,Vương Văn Đào
834,1172,Ngô Chính Long,Vương Tường Hỉ
834,144,Ngô Chính Long,Bùi Kim Giai
834,1119,Ngô Chính Long,Trịnh Sách Khiết
834,899,Ngô Chính Long,Phan Nhạc (chính khách)
834,811,Ngô Chính Long,Mã Hiểu Vĩ
834,893,Ngô Chính Long,Phan Công Thắng
834,445,Ngô Chính Long,Hầu Khải
834,826,Ngô Chính Long,Nghê Nhạc Phong
834,651,Ngô Chính Long,Lam Phật An
834,429,Ngô Chính Long,Hác Bằng
834,1146,Ngô Chính Long,Vu Vĩ Quốc
834,698,Ngô Chính Long,Lưu Kỳ (sinh năm 1957)
834,1227,Ngô Chính Long,Đỗ Gia Hào
834,98,Ngô Chính Long,Bayanqolu
834,712,Ngô Chính Long,Lộc Tâm Xã
834,1226,Ngô Chính Long,Đường Lương Trí
834,690,Ngô Chính Long,Lý Nguyên Triều
835,842,Ngô Đình Nhu,Ngô Đình Diệm
835,1102,Ngô Đình Nhu,Trần Lệ Xuân
835,1159,Ngô Đình Nhu,Võ Nguyên Giáp
835,688,Ngô Đình Nhu,Lyndon B. Johnson
835,549,Ngô Đình Nhu,John F. Kennedy
835,681,Ngô Đình Nhu,Lê Văn Kim
835,1118,Ngô Đình Nhu,Tôn Thất Đính
835,1114,Ngô Đình Nhu,Trần Văn Đôn
835,229,Ngô Đình Nhu,Dương Văn Minh
835,856,Ngô Đình Nhu,Nguyễn Văn Thiệu
835,201,Ngô Đình Nhu,David Halberstam
835,396,Ngô Đình Nhu,Henry Cabot Lodge Jr.
835,955,Ngô Đình Nhu,Robert McNamara
835,901,Ngô Đình Nhu,Phêrô Máctinô Ngô Đình Thục
835,1149,Ngô Đình Nhu,Vũ Văn Mẫu
835,825,Ngô Đình Nhu,Nguyễn Hữu Có
835,827,Ngô Đình Nhu,Nguyễn Khánh
836,1002,Ngô Tác Đống,Sellapan Ramanathan
836,695,Ngô Tác Đống,Lý Hiển Long
836,1100,Ngô Tác Đống,Trần Khánh Viêm
837,1056,Nelson Mandela,Thabo Mbeki
837,14,Nelson Mandela,Ahmed Kathrada
837,119,Nelson Mandela,Bill Clinton
837,869,Nelson Mandela,Pakalitha Mosisili
837,330,Nelson Mandela,George W. Bush
837,299,Nelson Mandela,François Mitterrand
837,627,Nelson Mandela,Kofi Annan
837,359,Nelson Mandela,Gro Harlem Brundtland
837,548,Nelson Mandela,Jimmy Carter
837,806,Nelson Mandela,Muhammad Yunus
837,963,Nelson Mandela,Robert Mugabe
837,89,Nelson Mandela,Augusto Pinochet
837,945,Nelson Mandela,Richard Attenborough
837,353,Nelson Mandela,Gordon Brown
837,1080,Nelson Mandela,Theodore Roosevelt
837,1201,Nelson Mandela,Woodrow Wilson
837,153,Nelson Mandela,Charles G. Dawes
837,321,Nelson Mandela,George Marshall
837,895,Nelson Mandela,Philip Noel-Baker
837,191,Nelson Mandela,Dag Hammarskjöld
837,408,Nelson Mandela,Henry Kissinger
837,1011,Nelson Mandela,Satō Eisaku
837,76,Nelson Mandela,Anwar Al-Sadad
837,758,Nelson Mandela,Menachem Begin
837,1222,Nelson Mandela,Óscar Arias
837,803,Nelson Mandela,Mikhail Sergeyevich Gorbachyov
837,103,Nelson Mandela,Aung San Suu Kyi
837,1024,Nelson Mandela,Shimon Peres
837,631,Nelson Mandela,Kim Dae-jung
837,786,Nelson Mandela,Mohamed ElBaradei
837,742,Nelson Mandela,Martti Ahtisaari
837,156,Nelson Mandela,Barack Obama
837,243,Nelson Mandela,Ellen Johnson Sirleaf
837,716,Nelson Mandela,Malala Yousafzai
837,595,Nelson Mandela,Juan Manuel Santos
837,3,Nelson Mandela,Abiy Ahmed
837,738,Nelson Mandela,Maria Ressa
837,292,Nelson Mandela,Franklin D. Roosevelt
837,1125,Nelson Mandela,Tưởng Giới Thạch
837,1223,Nelson Mandela,Winston Churchill
837,228,Nelson Mandela,Dwight D. Eisenhower
837,389,Nelson Mandela,Harry S. Truman
837,798,Nelson Mandela,Mohammad Mosaddegh
837,634,Nelson Mandela,Konrad Adenauer
837,541,Nelson Mandela,John Foster Dulles
837,854,Nelson Mandela,Nikita Sergeyevich Khrushchyov
837,171,Nelson Mandela,Charles de Gaulle
837,549,Nelson Mandela,John F. Kennedy
837,688,Nelson Mandela,Lyndon B. Johnson
837,968,Nelson Mandela,Richard Nixon
837,1235,Nelson Mandela,Đặng Tiểu Bình
837,983,Nelson Mandela,Ruhollah Khomeini
837,1036,Nelson Mandela,Ronald Reagan
837,198,Nelson Mandela,Corazon Aquino
837,319,Nelson Mandela,George H. W. Bush
837,824,Nelson Mandela,Newt Gingrich
837,515,Nelson Mandela,Jeff Bezos
837,978,Nelson Mandela,Rudy Giuliani
837,121,Nelson Mandela,Bill Gates
837,1153,Nelson Mandela,Vladimir Vladimirovich Putin
837,743,Nelson Mandela,Mark Zuckerberg
837,68,Nelson Mandela,Angela Merkel
837,298,Nelson Mandela,Donald Trump
837,565,Nelson Mandela,Joe Biden
837,628,Nelson Mandela,Kamala Harris
837,268,Nelson Mandela,Elon Musk
837,1148,Nelson Mandela,Volodymyr Oleksandrovych Zelenskyy
837,1175,Nelson Mandela,Taylor Swift
837,339,Nelson Mandela,George Weah
838,1220,Niwatthamrong Boonsongpaisan,Yingluck Shinawatra
839,294,Nicolas Sarkozy,François Fillon
839,474,Nicolas Sarkozy,Jacques Chirac
839,291,Nicolas Sarkozy,François Hollande
839,217,Nicolas Sarkozy,Dominique de Villepin
839,299,Nicolas Sarkozy,François Mitterrand
839,20,Nicolas Sarkozy,Alain Juppé
839,330,Nicolas Sarkozy,George W. Bush
839,68,Nicolas Sarkozy,Angela Merkel
839,1213,Nicolas Sarkozy,Álvaro Uribe
839,215,Nicolas Sarkozy,Dominique Strauss-Kahn
839,501,Nicolas Sarkozy,Jean Casimir-Perier
839,1217,Nicolas Sarkozy,Émile Loubet
839,75,Nicolas Sarkozy,Armand Fallières
839,931,Nicolas Sarkozy,Raymond Poincaré
839,871,Nicolas Sarkozy,Paul Deschanel
839,37,Nicolas Sarkozy,Alexandre Millerand
839,305,Nicolas Sarkozy,Gaston Doumergue
839,874,Nicolas Sarkozy,Paul Doumer
839,1138,Nicolas Sarkozy,Vincent Auriol
839,930,Nicolas Sarkozy,René Coty
839,171,Nicolas Sarkozy,Charles de Gaulle
839,329,Nicolas Sarkozy,Georges Pompidou
839,1145,Nicolas Sarkozy,Valéry Giscard d'Estaing
839,267,Nicolas Sarkozy,Emmanuel Macron
841,452,Noda Yoshihiko,Izumi Kenta
841,601,Noda Yoshihiko,Kan Naoto
841,19,Noda Yoshihiko,Abe Shinzō
841,390,Noda Yoshihiko,Hatoyama Yukio
841,638,Noda Yoshihiko,Koizumi Junichirō
841,422,Noda Yoshihiko,Hillary Clinton
841,462,Noda Yoshihiko,Itō Hirobumi
841,991,Noda Yoshihiko,Saionji Kinmochi
841,375,Noda Yoshihiko,Hara Takashi
841,611,Noda Yoshihiko,Katō Tomosaburō
841,609,Noda Yoshihiko,Katō Takaaki
841,1163,Noda Yoshihiko,Wakatsuki Reijirō
841,1050,Noda Yoshihiko,Tanaka Giichi
841,441,Noda Yoshihiko,Inukai Tsuyoshi
841,992,Noda Yoshihiko,Saitō Makoto
841,352,Noda Yoshihiko,Gotō Fumio
841,410,Noda Yoshihiko,Hiranuma Kiichirō
841,4,Noda Yoshihiko,Abe Nobuyuki
841,447,Noda Yoshihiko,Itō Masayoshi
841,796,Noda Yoshihiko,Mori Yoshirō
841,303,Noda Yoshihiko,Fukuda Yasuo
841,90,Noda Yoshihiko,Asō Tarō
841,1058,Noda Yoshihiko,Suga Yoshihide
841,639,Noda Yoshihiko,Kishida Fumio
841,459,Noda Yoshihiko,Ishiba Shigeru
841,1057,Noda Yoshihiko,Takaichi Sanae
842,229,Ngô Đình Diệm,Dương Văn Minh
842,1114,Ngô Đình Diệm,Trần Văn Đôn
842,835,Ngô Đình Diệm,Ngô Đình Nhu
842,681,Ngô Đình Diệm,Lê Văn Kim
842,549,Ngô Đình Diệm,John F. Kennedy
842,488,Ngô Đình Diệm,Hồ Chí Minh
842,53,Ngô Đình Diệm,Allen Dulles
842,228,Ngô Đình Diệm,Dwight D. Eisenhower
842,830,Ngô Đình Diệm,Nguyễn Phú Trọng
842,856,Ngô Đình Diệm,Nguyễn Văn Thiệu
842,1102,Ngô Đình Diệm,Trần Lệ Xuân
842,827,Ngô Đình Diệm,Nguyễn Khánh
842,1149,Ngô Đình Diệm,Vũ Văn Mẫu
842,201,Ngô Đình Diệm,David Halberstam
842,207,Ngô Đình Diệm,Dean Rusk
842,968,Ngô Đình Diệm,Richard Nixon
842,688,Ngô Đình Diệm,Lyndon B. Johnson
842,1223,Ngô Đình Diệm,Winston Churchill
842,1110,Ngô Đình Diệm,Trần Đức Lương
842,833,Ngô Đình Diệm,Nguyễn Minh Triết
842,844,Ngô Đình Diệm,Nguyễn Xuân Phúc
842,1155,Ngô Đình Diệm,Võ Thị Ánh Xuân
842,1151,Ngô Đình Diệm,Võ Văn Thưởng
842,722,Ngô Đình Diệm,Lương Cường
842,851,Ngô Đình Diệm,Nguyễn Tấn Dũng
842,922,Ngô Đình Diệm,Phạm Minh Chính
842,396,Ngô Đình Diệm,Henry Cabot Lodge Jr.
842,955,Ngô Đình Diệm,Robert McNamara
842,901,Ngô Đình Diệm,Phêrô Máctinô Ngô Đình Thục
842,825,Ngô Đình Diệm,Nguyễn Hữu Có
842,1118,Ngô Đình Diệm,Tôn Thất Đính
843,675,Nikolai Ivanovich Bukharin,Lev Davidovich Trotsky
843,1160,Nikolai Ivanovich Bukharin,Vladimir Ilyich Lenin
843,803,Nikolai Ivanovich Bukharin,Mikhail Sergeyevich Gorbachyov
844,1155,Nguyễn Xuân Phúc,Võ Thị Ánh Xuân
844,830,Nguyễn Xuân Phúc,Nguyễn Phú Trọng
844,1151,Nguyễn Xuân Phúc,Võ Văn Thưởng
844,922,Nguyễn Xuân Phúc,Phạm Minh Chính
844,851,Nguyễn Xuân Phúc,Nguyễn Tấn Dũng
844,916,Nguyễn Xuân Phúc,Prayut Chan-o-cha
844,19,Nguyễn Xuân Phúc,Abe Shinzō
844,298,Nguyễn Xuân Phúc,Donald Trump
844,1058,Nguyễn Xuân Phúc,Suga Yoshihide
844,1153,Nguyễn Xuân Phúc,Vladimir Vladimirovich Putin
844,227,Nguyễn Xuân Phúc,Dmitry Anatolyevich Medvedev
844,488,Nguyễn Xuân Phúc,Hồ Chí Minh
844,1110,Nguyễn Xuân Phúc,Trần Đức Lương
844,833,Nguyễn Xuân Phúc,Nguyễn Minh Triết
844,722,Nguyễn Xuân Phúc,Lương Cường
846,467,Nouri al-Maliki,Jalal Talabani
847,404,Nikki Haley,Henry McMaster
847,785,Nikki Haley,Mitt Romney
847,1010,Nikki Haley,Sarah Palin
847,74,Nikki Haley,António Guterres
847,298,Nikki Haley,Donald Trump
847,773,Nikki Haley,Mike Pence
848,928,Numan Kurtulmuş,Recep Tayyip Erdoğan
849,19,Nukaga Fukushirō,Abe Shinzō
849,303,Nukaga Fukushirō,Fukuda Yasuo
849,638,Nukaga Fukushirō,Koizumi Junichirō
849,796,Nukaga Fukushirō,Mori Yoshirō
849,90,Nukaga Fukushirō,Asō Tarō
849,850,Nukaga Fukushirō,Obuchi Keizō
850,796,Obuchi Keizō,Mori Yoshirō
850,952,Obuchi Keizō,Robert F. Kennedy
850,119,Obuchi Keizō,Bill Clinton
850,462,Obuchi Keizō,Itō Hirobumi
850,991,Obuchi Keizō,Saionji Kinmochi
850,375,Obuchi Keizō,Hara Takashi
850,611,Obuchi Keizō,Katō Tomosaburō
850,609,Obuchi Keizō,Katō Takaaki
850,1163,Obuchi Keizō,Wakatsuki Reijirō
850,1050,Obuchi Keizō,Tanaka Giichi
850,441,Obuchi Keizō,Inukai Tsuyoshi
850,992,Obuchi Keizō,Saitō Makoto
850,352,Obuchi Keizō,Gotō Fumio
850,410,Obuchi Keizō,Hiranuma Kiichirō
850,4,Obuchi Keizō,Abe Nobuyuki
850,447,Obuchi Keizō,Itō Masayoshi
850,19,Obuchi Keizō,Abe Shinzō
850,303,Obuchi Keizō,Fukuda Yasuo
850,90,Obuchi Keizō,Asō Tarō
850,390,Obuchi Keizō,Hatoyama Yukio
850,601,Obuchi Keizō,Kan Naoto
850,841,Obuchi Keizō,Noda Yoshihiko
850,1058,Obuchi Keizō,Suga Yoshihide
850,639,Obuchi Keizō,Kishida Fumio
850,459,Obuchi Keizō,Ishiba Shigeru
850,1057,Obuchi Keizō,Takaichi Sanae
851,833,Nguyễn Tấn Dũng,Nguyễn Minh Triết
851,844,Nguyễn Tấn Dũng,Nguyễn Xuân Phúc
851,830,Nguyễn Tấn Dũng,Nguyễn Phú Trọng
851,720,Nguyễn Tấn Dũng,Manmohan Singh
851,330,Nguyễn Tấn Dũng,George W. Bush
851,510,Nguyễn Tấn Dũng,Jarosław Kaczyński
851,294,Nguyễn Tấn Dũng,François Fillon
851,353,Nguyễn Tấn Dũng,Gordon Brown
851,68,Nguyễn Tấn Dũng,Angela Merkel
851,620,Nguyễn Tấn Dũng,Kevin Rudd
851,646,Nguyễn Tấn Dũng,Lars Løkke Rasmussen
851,841,Nguyễn Tấn Dũng,Noda Yoshihiko
851,674,Nguyễn Tấn Dũng,Lee Myung-bak
851,516,Nguyễn Tấn Dũng,Jean-Marc Ayrault
851,488,Nguyễn Tấn Dũng,Hồ Chí Minh
851,922,Nguyễn Tấn Dũng,Phạm Minh Chính
851,1110,Nguyễn Tấn Dũng,Trần Đức Lương
852,413,Ole von Beust,Horst Köhler
852,68,Ole von Beust,Angela Merkel
853,1063,Odysseas Elytis,Theodor Mommsen
853,579,Odysseas Elytis,José Echegaray
853,394,Odysseas Elytis,Henri Bergson
853,1073,Odysseas Elytis,Thomas Mann
853,682,Odysseas Elytis,Luigi Pirandello
853,970,Odysseas Elytis,Roger Martin du Gard
853,1047,Odysseas Elytis,T. S. Eliot
853,1183,Odysseas Elytis,William Faulkner
853,1223,Odysseas Elytis,Winston Churchill
853,453,Odysseas Elytis,Ivo Andrić
853,768,Odysseas Elytis,Miguel Ángel Asturias
853,392,Odysseas Elytis,Heinrich Böll
853,247,Odysseas Elytis,Elias Canetti
853,307,Odysseas Elytis,Gabriel García Márquez
853,1182,Odysseas Elytis,William Golding
853,146,Odysseas Elytis,Camilo José Cela
853,147,Odysseas Elytis,Cao Hành Kiện
853,610,Odysseas Elytis,Kazuo Ishiguro
854,549,Nikita Sergeyevich Khrushchyov,John F. Kennedy
854,1160,Nikita Sergeyevich Khrushchyov,Vladimir Ilyich Lenin
854,803,Nikita Sergeyevich Khrushchyov,Mikhail Sergeyevich Gorbachyov
854,292,Nikita Sergeyevich Khrushchyov,Franklin D. Roosevelt
854,1125,Nikita Sergeyevich Khrushchyov,Tưởng Giới Thạch
854,1223,Nikita Sergeyevich Khrushchyov,Winston Churchill
854,321,Nikita Sergeyevich Khrushchyov,George Marshall
854,228,Nikita Sergeyevich Khrushchyov,Dwight D. Eisenhower
854,389,Nikita Sergeyevich Khrushchyov,Harry S. Truman
854,798,Nikita Sergeyevich Khrushchyov,Mohammad Mosaddegh
854,634,Nikita Sergeyevich Khrushchyov,Konrad Adenauer
854,541,Nikita Sergeyevich Khrushchyov,John Foster Dulles
854,171,Nikita Sergeyevich Khrushchyov,Charles de Gaulle
854,688,Nikita Sergeyevich Khrushchyov,Lyndon B. Johnson
854,968,Nikita Sergeyevich Khrushchyov,Richard Nixon
854,408,Nikita Sergeyevich Khrushchyov,Henry Kissinger
854,548,Nikita Sergeyevich Khrushchyov,Jimmy Carter
854,76,Nikita Sergeyevich Khrushchyov,Anwar Al-Sadad
854,1235,Nikita Sergeyevich Khrushchyov,Đặng Tiểu Bình
854,983,Nikita Sergeyevich Khrushchyov,Ruhollah Khomeini
854,1036,Nikita Sergeyevich Khrushchyov,Ronald Reagan
854,198,Nikita Sergeyevich Khrushchyov,Corazon Aquino
854,319,Nikita Sergeyevich Khrushchyov,George H. W. Bush
854,119,Nikita Sergeyevich Khrushchyov,Bill Clinton
854,837,Nikita Sergeyevich Khrushchyov,Nelson Mandela
854,824,Nikita Sergeyevich Khrushchyov,Newt Gingrich
854,515,Nikita Sergeyevich Khrushchyov,Jeff Bezos
854,330,Nikita Sergeyevich Khrushchyov,George W. Bush
854,978,Nikita Sergeyevich Khrushchyov,Rudy Giuliani
854,121,Nikita Sergeyevich Khrushchyov,Bill Gates
854,1153,Nikita Sergeyevich Khrushchyov,Vladimir Vladimirovich Putin
854,156,Nikita Sergeyevich Khrushchyov,Barack Obama
854,743,Nikita Sergeyevich Khrushchyov,Mark Zuckerberg
854,68,Nikita Sergeyevich Khrushchyov,Angela Merkel
854,298,Nikita Sergeyevich Khrushchyov,Donald Trump
854,738,Nikita Sergeyevich Khrushchyov,Maria Ressa
854,565,Nikita Sergeyevich Khrushchyov,Joe Biden
854,628,Nikita Sergeyevich Khrushchyov,Kamala Harris
854,268,Nikita Sergeyevich Khrushchyov,Elon Musk
854,1148,Nikita Sergeyevich Khrushchyov,Volodymyr Oleksandrovych Zelenskyy
854,1175,Nikita Sergeyevich Khrushchyov,Taylor Swift
855,1147,Oleksandr Valentynovych Turchynov,Volodymyr Groysman
856,825,Nguyễn Văn Thiệu,Nguyễn Hữu Có
856,681,Nguyễn Văn Thiệu,Lê Văn Kim
856,842,Nguyễn Văn Thiệu,Ngô Đình Diệm
856,835,Nguyễn Văn Thiệu,Ngô Đình Nhu
856,488,Nguyễn Văn Thiệu,Hồ Chí Minh
856,827,Nguyễn Văn Thiệu,Nguyễn Khánh
856,229,Nguyễn Văn Thiệu,Dương Văn Minh
856,1114,Nguyễn Văn Thiệu,Trần Văn Đôn
856,1118,Nguyễn Văn Thiệu,Tôn Thất Đính
856,688,Nguyễn Văn Thiệu,Lyndon B. Johnson
856,968,Nguyễn Văn Thiệu,Richard Nixon
856,408,Nguyễn Văn Thiệu,Henry Kissinger
856,340,Nguyễn Văn Thiệu,Gerald Ford
856,1125,Nguyễn Văn Thiệu,Tưởng Giới Thạch
856,955,Nguyễn Văn Thiệu,Robert McNamara
856,1110,Nguyễn Văn Thiệu,Trần Đức Lương
856,833,Nguyễn Văn Thiệu,Nguyễn Minh Triết
856,830,Nguyễn Văn Thiệu,Nguyễn Phú Trọng
856,844,Nguyễn Văn Thiệu,Nguyễn Xuân Phúc
856,1155,Nguyễn Văn Thiệu,Võ Thị Ánh Xuân
856,1151,Nguyễn Văn Thiệu,Võ Văn Thưởng
856,722,Nguyễn Văn Thiệu,Lương Cường
856,1149,Nguyễn Văn Thiệu,Vũ Văn Mẫu
856,228,Nguyễn Văn Thiệu,Dwight D. Eisenhower
856,549,Nguyễn Văn Thiệu,John F. Kennedy
856,396,Nguyễn Văn Thiệu,Henry Cabot Lodge Jr.
856,901,Nguyễn Văn Thiệu,Phêrô Máctinô Ngô Đình Thục
856,1102,Nguyễn Văn Thiệu,Trần Lệ Xuân
856,201,Nguyễn Văn Thiệu,David Halberstam
857,1147,Oleksiy Honcharuk,Volodymyr Groysman
858,539,Oliver Wolcott Jr.,John Adams
858,997,Oliver Wolcott Jr.,Samuel Dexter
858,1232,Oliver Wolcott Jr.,Đại học Yale
858,831,Oliver Wolcott Jr.,Ned Lamont
859,1154,Orbán Viktor,Václav Havel
859,523,Orbán Viktor,Joachim Gauck
859,839,Orbán Viktor,Nicolas Sarkozy
859,735,Orbán Viktor,Margaret Thatcher
859,1210,Orbán Viktor,Zbigniew Brzezinski
859,219,Orbán Viktor,Donald Tusk
859,891,Orbán Viktor,Petr Nečas
859,525,Orbán Viktor,Jerzy Buzek
859,159,Orbán Viktor,Charles Michel
859,603,Orbán Viktor,Karl Nehammer
859,48,Orbán Viktor,Andrej Babiš
859,757,Orbán Viktor,Mette Frederiksen
859,598,Orbán Viktor,Kaja Kallas
859,1004,Orbán Viktor,Sanna Marin
859,267,Orbán Viktor,Emmanuel Macron
859,862,Orbán Viktor,Olaf Scholz
859,648,Orbán Viktor,Kyriakos Mitsotakis
859,766,Orbán Viktor,Micheál Martin
859,264,Orbán Viktor,Evika Siliņa
859,338,Orbán Viktor,Gitanas Nausėda
859,1199,Orbán Viktor,Xavier Bettel
859,953,Orbán Viktor,Robert Abela
859,741,Orbán Viktor,Mark Rutte
859,72,Orbán Viktor,António Costa
859,626,Orbán Viktor,Klaus Iohannis
859,496,Orbán Viktor,Janez Janša
859,887,Orbán Viktor,Pedro Sánchez
859,708,Orbán Viktor,Magdalena Andersson
860,288,Osvaldo Dorticós Torrado,Fidel Castro
860,929,Osvaldo Dorticós Torrado,Ramón Grau
860,149,Osvaldo Dorticós Torrado,Carlos Prío Socarrás
861,917,P. V. Narasimha Rao,R. Venkataraman
861,1013,P. V. Narasimha Rao,Shankar Dayal Sharma
861,152,P. V. Narasimha Rao,Chandra Shekhar
861,82,P. V. Narasimha Rao,Atal Bihari Vajpayee
861,923,P. V. Narasimha Rao,Rajiv Gandhi
861,1131,P. V. Narasimha Rao,V. P. Singh
861,448,P. V. Narasimha Rao,Indira Gandhi
861,720,P. V. Narasimha Rao,Manmohan Singh
861,497,P. V. Narasimha Rao,Jawaharlal Nehru
861,360,P. V. Narasimha Rao,Gulzarilal Nanda
861,792,P. V. Narasimha Rao,Morarji Desai
861,151,P. V. Narasimha Rao,Charan Singh
861,428,P. V. Narasimha Rao,I. K. Gujral
861,816,P. V. Narasimha Rao,Narendra Modi
862,284,Olaf Scholz,Frank-Walter Steinmeier
862,68,Olaf Scholz,Angela Merkel
862,301,Olaf Scholz,Friedrich Merz
862,1022,Olaf Scholz,Sigmar Gabriel
862,1194,Olaf Scholz,Wolfgang Schäuble
862,887,Olaf Scholz,Pedro Sánchez
862,1004,Olaf Scholz,Sanna Marin
862,565,Olaf Scholz,Joe Biden
862,707,Olaf Scholz,Mahmoud Abbas
862,816,Olaf Scholz,Narendra Modi
862,3,Olaf Scholz,Abiy Ahmed
862,443,Olaf Scholz,Isaac Herzog
862,745,Olaf Scholz,Mateusz Morawiecki
862,866,Olaf Scholz,Otto von Bismarck
862,585,Olaf Scholz,Joseph Goebbels
862,679,Olaf Scholz,Lutz Graf Schwerin von Krosigk
862,634,Olaf Scholz,Konrad Adenauer
862,671,Olaf Scholz,Ludwig Erhard
862,398,Olaf Scholz,Helmut Schmidt
862,406,Olaf Scholz,Helmut Kohl
862,267,Olaf Scholz,Emmanuel Macron
862,459,Olaf Scholz,Ishiba Shigeru
862,618,Olaf Scholz,Keir Starmer
862,298,Olaf Scholz,Donald Trump
862,159,Olaf Scholz,Charles Michel
862,603,Olaf Scholz,Karl Nehammer
862,48,Olaf Scholz,Andrej Babiš
862,757,Olaf Scholz,Mette Frederiksen
862,598,Olaf Scholz,Kaja Kallas
862,648,Olaf Scholz,Kyriakos Mitsotakis
862,766,Olaf Scholz,Micheál Martin
862,264,Olaf Scholz,Evika Siliņa
862,338,Olaf Scholz,Gitanas Nausėda
862,1199,Olaf Scholz,Xavier Bettel
862,953,Olaf Scholz,Robert Abela
862,741,Olaf Scholz,Mark Rutte
862,219,Olaf Scholz,Donald Tusk
862,72,Olaf Scholz,António Costa
862,626,Olaf Scholz,Klaus Iohannis
862,496,Olaf Scholz,Janez Janša
862,708,Olaf Scholz,Magdalena Andersson
863,22,Ollanta Humala,Alan García
863,36,Ollanta Humala,Alberto Fujimori
863,589,Ollanta Humala,José Jerí
864,1048,Olof Palme,Tage Erlander
864,438,Olof Palme,Ingvar Carlsson
864,295,Olof Palme,Friedrich Hayek
864,191,Olof Palme,Dag Hammarskjöld
864,288,Olof Palme,Fidel Castro
864,408,Olof Palme,Henry Kissinger
865,742,Paavo Lipponen,Martti Ahtisaari
865,1051,Paavo Lipponen,Tarja Halonen
865,999,Paavo Lipponen,Sauli Niinistö
865,59,Paavo Lipponen,Anneli Jäätteenmäki
865,918,Paavo Lipponen,Rafael Erich
865,69,Paavo Lipponen,Antti Tulenheimo
865,885,Paavo Lipponen,Pehr Evind Svinhufvud
865,527,Paavo Lipponen,Johan Wilhelm Rangell
865,233,Paavo Lipponen,Edwin Linkomies
865,593,Paavo Lipponen,Juho Kusti Paasikivi
865,1122,Paavo Lipponen,Urho Kekkonen
865,1054,Paavo Lipponen,Teuvo Aura
865,608,Paavo Lipponen,Keijo Liinamaa
865,382,Paavo Lipponen,Harri Holkeri
865,744,Paavo Lipponen,Matti Vanhanen
865,725,Paavo Lipponen,Mari Kiviniemi
865,594,Paavo Lipponen,Jyrki Katainen
865,35,Paavo Lipponen,Alexander Stubb
865,599,Paavo Lipponen,Juha Sipilä
865,1004,Paavo Lipponen,Sanna Marin
866,408,Otto von Bismarck,Henry Kissinger
866,1223,Otto von Bismarck,Winston Churchill
866,585,Otto von Bismarck,Joseph Goebbels
866,679,Otto von Bismarck,Lutz Graf Schwerin von Krosigk
866,634,Otto von Bismarck,Konrad Adenauer
866,671,Otto von Bismarck,Ludwig Erhard
866,398,Otto von Bismarck,Helmut Schmidt
866,406,Otto von Bismarck,Helmut Kohl
866,68,Otto von Bismarck,Angela Merkel
866,862,Otto von Bismarck,Olaf Scholz
867,29,Palmiro Togliatti,Alcide De Gasperi
868,280,Pablo Picasso,Francisco Franco
870,1012,Paolo Gentiloni,Sergio Mattarella
870,752,Paolo Gentiloni,Matteo Renzi
870,347,Paolo Gentiloni,Giuseppe Conte
870,270,Paolo Gentiloni,Federica Mogherini
870,974,Paolo Gentiloni,Romano Prodi
870,114,Paolo Gentiloni,Bettino Ricasoli
870,1124,Paolo Gentiloni,Urbano Rattazzi
870,274,Paolo Gentiloni,Francesco Crispi
870,335,Paolo Gentiloni,Giovanni Giolitti
870,676,Paolo Gentiloni,Luigi Luzzatti
870,64,Paolo Gentiloni,Antonio Salandra
870,29,Paolo Gentiloni,Alcide De Gasperi
870,32,Paolo Gentiloni,Aldo Moro
870,337,Paolo Gentiloni,Giulio Andreotti
870,272,Paolo Gentiloni,Francesco Cossiga
870,77,Paolo Gentiloni,Arnaldo Forlani
870,334,Paolo Gentiloni,Giovanni Spadolini
870,113,Paolo Gentiloni,Bettino Craxi
870,336,Paolo Gentiloni,Giuliano Amato
870,1026,Paolo Gentiloni,Silvio Berlusconi
870,645,Paolo Gentiloni,Lamberto Dini
870,733,Paolo Gentiloni,Mario Monti
870,255,Paolo Gentiloni,Enrico Letta
870,739,Paolo Gentiloni,Mario Draghi
871,37,Paul Deschanel,Alexandre Millerand
871,931,Paul Deschanel,Raymond Poincaré
871,501,Paul Deschanel,Jean Casimir-Perier
871,1217,Paul Deschanel,Émile Loubet
871,75,Paul Deschanel,Armand Fallières
871,305,Paul Deschanel,Gaston Doumergue
871,874,Paul Deschanel,Paul Doumer
871,1138,Paul Deschanel,Vincent Auriol
871,930,Paul Deschanel,René Coty
871,171,Paul Deschanel,Charles de Gaulle
871,329,Paul Deschanel,Georges Pompidou
871,1145,Paul Deschanel,Valéry Giscard d'Estaing
871,299,Paul Deschanel,François Mitterrand
871,474,Paul Deschanel,Jacques Chirac
871,839,Paul Deschanel,Nicolas Sarkozy
871,291,Paul Deschanel,François Hollande
871,267,Paul Deschanel,Emmanuel Macron
872,424,Park Geun-hye,Hwang Kyo-ahn
872,674,Park Geun-hye,Lee Myung-bak
872,813,Park Geun-hye,Moon Jae-in
872,880,Park Geun-hye,Park Chung-hee
872,1230,Park Geun-hye,Đại học Harvard
872,640,Park Geun-hye,Kim Jong-un
872,1220,Park Geun-hye,Yingluck Shinawatra
872,1084,Park Geun-hye,Tony Abbott
872,700,Park Geun-hye,Lý Thừa Vãn
872,1208,Park Geun-hye,Yun Bo-seon
872,166,Park Geun-hye,Choi Kyu-hah
872,623,Park Geun-hye,Kim Young-sam
872,631,Park Geun-hye,Kim Dae-jung
872,1216,Park Geun-hye,Yoon Suk-yeol
872,661,Park Geun-hye,Lee Jae-myung
873,900,Paetongtarn Shinawatra,Phumtham Wechayachai
873,1067,Paetongtarn Shinawatra,Thaksin Shinawatra
873,1220,Paetongtarn Shinawatra,Yingluck Shinawatra
873,1016,Paetongtarn Shinawatra,Somchai Wongsawat
873,1009,Paetongtarn Shinawatra,Seni Pramoj
873,637,Paetongtarn Shinawatra,Kukrit Pramoj
873,910,Paetongtarn Shinawatra,Prem Tinsulanonda
873,185,Paetongtarn Shinawatra,Chuan Leekpai
873,1040,Paetongtarn Shinawatra,Surayud Chulanont
873,995,Paetongtarn Shinawatra,Samak Sundaravej
873,162,Paetongtarn Shinawatra,Chavarat Charnvirakul
873,12,Paetongtarn Shinawatra,Abhisit Vejjajiva
873,838,Paetongtarn Shinawatra,Niwatthamrong Boonsongpaisan
873,916,Paetongtarn Shinawatra,Prayut Chan-o-cha
873,907,Paetongtarn Shinawatra,Prawit Wongsuwan
873,1031,Paetongtarn Shinawatra,Srettha Thavisin
873,84,Paetongtarn Shinawatra,Anutin Charnvirakul
874,305,Paul Doumer,Gaston Doumergue
874,488,Paul Doumer,Hồ Chí Minh
874,501,Paul Doumer,Jean Casimir-Perier
874,1217,Paul Doumer,Émile Loubet
874,75,Paul Doumer,Armand Fallières
874,931,Paul Doumer,Raymond Poincaré
874,871,Paul Doumer,Paul Deschanel
874,37,Paul Doumer,Alexandre Millerand
874,1138,Paul Doumer,Vincent Auriol
874,930,Paul Doumer,René Coty
874,171,Paul Doumer,Charles de Gaulle
874,329,Paul Doumer,Georges Pompidou
874,1145,Paul Doumer,Valéry Giscard d'Estaing
874,299,Paul Doumer,François Mitterrand
874,474,Paul Doumer,Jacques Chirac
874,839,Paul Doumer,Nicolas Sarkozy
874,291,Paul Doumer,François Hollande
874,267,Paul Doumer,Emmanuel Macron
875,533,Paul Ryan,John Boehner
875,817,Paul Ryan,Nancy Pelosi
875,988,Paul Ryan,Sam Brownback
875,785,Paul Ryan,Mitt Romney
875,1010,Paul Ryan,Sarah Palin
875,773,Paul Ryan,Mike Pence
875,289,Paul Ryan,Frederick Muhlenberg
875,572,Paul Ryan,Jonathan Dayton
875,473,Paul Ryan,James K. Polk
875,561,Paul Ryan,John Nance Garner
875,824,Paul Ryan,Newt Gingrich
875,613,Paul Ryan,Kevin McCarthy
875,771,Paul Ryan,Mike Johnson
876,660,Patsy Cline,Leonard Bernstein
877,878,Patrice de Mac Mahon,Oliver Cromwell
877,501,Patrice de Mac Mahon,Jean Casimir-Perier
877,1217,Patrice de Mac Mahon,Émile Loubet
877,75,Patrice de Mac Mahon,Armand Fallières
877,931,Patrice de Mac Mahon,Raymond Poincaré
877,871,Patrice de Mac Mahon,Paul Deschanel
877,37,Patrice de Mac Mahon,Alexandre Millerand
877,305,Patrice de Mac Mahon,Gaston Doumergue
877,874,Patrice de Mac Mahon,Paul Doumer
877,1138,Patrice de Mac Mahon,Vincent Auriol
877,930,Patrice de Mac Mahon,René Coty
877,171,Patrice de Mac Mahon,Charles de Gaulle
877,329,Patrice de Mac Mahon,Georges Pompidou
877,1145,Patrice de Mac Mahon,Valéry Giscard d'Estaing
877,299,Patrice de Mac Mahon,François Mitterrand
877,474,Patrice de Mac Mahon,Jacques Chirac
877,839,Patrice de Mac Mahon,Nicolas Sarkozy
877,291,Patrice de Mac Mahon,François Hollande
877,267,Patrice de Mac Mahon,Emmanuel Macron
878,1223,Oliver Cromwell,Winston Churchill
879,500,Paul Martin,Jean Chrétien
879,531,Paul Martin,John Abbott
879,1171,Paul Martin,Wilfrid Laurier
879,1181,Paul Martin,William Lyon Mackenzie King
879,542,Paul Martin,John Diefenbaker
879,902,Paul Martin,Pierre Trudeau
879,567,Paul Martin,John Turner
879,131,Paul Martin,Brian Mulroney
879,615,Paul Martin,Kim Campbell
880,166,Park Chung-hee,Choi Kyu-hah
880,872,Park Chung-hee,Park Geun-hye
880,700,Park Chung-hee,Lý Thừa Vãn
880,1208,Park Chung-hee,Yun Bo-seon
880,549,Park Chung-hee,John F. Kennedy
880,688,Park Chung-hee,Lyndon B. Johnson
880,968,Park Chung-hee,Richard Nixon
880,1011,Park Chung-hee,Satō Eisaku
880,866,Park Chung-hee,Otto von Bismarck
880,181,Park Chung-hee,Chun Doo-hwan
880,658,Park Chung-hee,Lee Hae-chan
880,424,Park Chung-hee,Hwang Kyo-ahn
880,378,Park Chung-hee,Han Duck-soo
880,623,Park Chung-hee,Kim Young-sam
880,631,Park Chung-hee,Kim Dae-jung
880,674,Park Chung-hee,Lee Myung-bak
880,813,Park Chung-hee,Moon Jae-in
880,1216,Park Chung-hee,Yoon Suk-yeol
880,661,Park Chung-hee,Lee Jae-myung
881,73,Pedro Passos Coelho,Aníbal Cavaco Silva
881,72,Pedro Passos Coelho,António Costa
882,1232,Peter A. Diamond,Đại học Yale
883,1150,Paul Samuelson,Viện Công nghệ Massachusetts
883,1230,Paul Samuelson,Đại học Harvard
883,577,Paul Samuelson,Joseph Schumpeter
883,655,Paul Samuelson,Lawrence Klein
883,975,Paul Samuelson,Robert Solow
883,119,Paul Samuelson,Bill Clinton
883,281,Paul Samuelson,Franco Modigliani
883,549,Paul Samuelson,John F. Kennedy
883,688,Paul Samuelson,Lyndon B. Johnson
883,794,Paul Samuelson,Milton Friedman
883,621,Paul Samuelson,Kenneth Arrow
883,485,Paul Samuelson,James Tobin
883,326,Paul Samuelson,Gary Becker
883,587,Paul Samuelson,Joseph Stiglitz
883,760,Paul Samuelson,Michael Spence
883,472,Paul Samuelson,James Heckman
883,653,Paul Samuelson,Lawrence Summers
883,209,Paul Samuelson,David Card
883,196,Paul Samuelson,Daron Acemoğlu
883,262,Paul Samuelson,Esther Duflo
883,1021,Paul Samuelson,Simon Kuznets
883,551,Paul Samuelson,John Hicks
883,295,Paul Samuelson,Friedrich Hayek
883,112,Paul Samuelson,Bertil Ohlin
883,494,Paul Samuelson,James Meade
883,1062,Paul Samuelson,Theodore Schultz
883,320,Paul Samuelson,George Stigler
883,364,Paul Samuelson,Gérard Debreu
883,939,Paul Samuelson,Richard Stone
883,479,Paul Samuelson,James M. Buchanan
883,749,Paul Samuelson,Maurice Allais
883,1092,Paul Samuelson,Trygve Haavelmo
883,383,Paul Samuelson,Harry Markowitz
883,759,Paul Samuelson,Merton Miller
883,977,Paul Samuelson,Ronald Coase
883,957,Paul Samuelson,Robert Fogel
883,221,Paul Samuelson,Douglass North
883,956,Paul Samuelson,"Robert Lucas, Jr."
883,476,Paul Samuelson,James Mirrlees
883,1191,Paul Samuelson,William Vickrey
883,805,Paul Samuelson,Myron Scholes
883,54,Paul Samuelson,Amartya Sen
883,962,Paul Samuelson,Robert Mundell
883,310,Paul Samuelson,George Akerlof
883,954,Paul Samuelson,Robert F. Engle
883,194,Paul Samuelson,Clive Granger
883,273,Paul Samuelson,Finn E. Kydland
883,882,Paul Samuelson,Peter A. Diamond
883,172,Paul Samuelson,Christopher A. Pissarides
883,1068,Paul Samuelson,Thomas J. Sargent
883,174,Paul Samuelson,Christopher A. Sims
883,507,Paul Samuelson,Jean Tirole
883,101,Paul Samuelson,Bengt Holmström
883,941,Paul Samuelson,Richard Thaler
883,580,Paul Samuelson,Joshua Angrist
883,86,Paul Samuelson,Anthony Fauci
883,1142,Paul Samuelson,Vannevar Bush
884,799,Pervez Musharraf,Muhammad Mian Soomro
884,1202,Pervez Musharraf,Yousaf Raza Gillani
884,79,Pervez Musharraf,Ashfaq Parvez Kayani
884,1197,Pervez Musharraf,Yahya Khan
884,1225,Pervez Musharraf,Zulfikar Ali Bhutto
884,804,Pervez Musharraf,Muhammad Zia-ul-Haq
884,711,Pervez Musharraf,Mamnoon Hussain
885,593,Pehr Evind Svinhufvud,Juho Kusti Paasikivi
885,1122,Pehr Evind Svinhufvud,Urho Kekkonen
885,742,Pehr Evind Svinhufvud,Martti Ahtisaari
885,1051,Pehr Evind Svinhufvud,Tarja Halonen
885,999,Pehr Evind Svinhufvud,Sauli Niinistö
886,565,Pete Buttigieg,Joe Biden
886,1230,Pete Buttigieg,Đại học Harvard
886,1233,Pete Buttigieg,Đại học Oxford
886,115,Pete Buttigieg,Bernie Sanders
886,351,Pete Buttigieg,Graham Greene
887,730,Pedro Sánchez,Mariano Rajoy
887,280,Pedro Sánchez,Francisco Franco
887,21,Pedro Sánchez,Adolfo Suárez
887,159,Pedro Sánchez,Charles Michel
887,603,Pedro Sánchez,Karl Nehammer
887,48,Pedro Sánchez,Andrej Babiš
887,757,Pedro Sánchez,Mette Frederiksen
887,598,Pedro Sánchez,Kaja Kallas
887,1004,Pedro Sánchez,Sanna Marin
887,267,Pedro Sánchez,Emmanuel Macron
887,862,Pedro Sánchez,Olaf Scholz
887,648,Pedro Sánchez,Kyriakos Mitsotakis
887,766,Pedro Sánchez,Micheál Martin
887,264,Pedro Sánchez,Evika Siliņa
887,338,Pedro Sánchez,Gitanas Nausėda
887,1199,Pedro Sánchez,Xavier Bettel
887,953,Pedro Sánchez,Robert Abela
887,741,Pedro Sánchez,Mark Rutte
887,219,Pedro Sánchez,Donald Tusk
887,72,Pedro Sánchez,António Costa
887,626,Pedro Sánchez,Klaus Iohannis
887,496,Pedro Sánchez,Janez Janša
887,708,Pedro Sánchez,Magdalena Andersson
888,298,Peter Navarro,Donald Trump
888,549,Peter Navarro,John F. Kennedy
889,890,Petr Pavel,Petr Fiala
889,775,Petr Pavel,Miloš Zeman
889,48,Petr Pavel,Andrej Babiš
890,48,Petr Fiala,Andrej Babiš
890,891,Petr Fiala,Petr Nečas
892,1228,Peter Thiel,Đại học Stanford
893,686,Phan Công Thắng,Lý Cường
893,1167,Phan Công Thắng,Tập Cận Bình
893,1234,Phan Công Thắng,Đại học Cambridge
893,1230,Phan Công Thắng,Đại học Harvard
893,1231,Phan Công Thắng,Đinh Tiết Tường
893,431,Phan Công Thắng,Hà Lập Phong
893,1140,Phan Công Thắng,Trương Quốc Thanh
893,709,Phan Công Thắng,Lưu Quốc Trung
893,1174,Phan Công Thắng,Vương Tiểu Hồng
893,834,Phan Công Thắng,Ngô Chính Long
893,1104,Phan Công Thắng,Thầm Di Cầm
893,421,Phan Công Thắng,Hoài Tiến Bằng
893,630,Phan Công Thắng,Kim Tráng Long
893,1103,Phan Công Thắng,Trần Nhất Tân
893,439,Phan Công Thắng,Hạ Vinh
893,1156,Phan Công Thắng,Vương Hiểu Bình
893,1165,Phan Công Thắng,Vương Quảng Hoa
893,426,Phan Công Thắng,Hoàng Nhuận Thu
893,828,Phan Công Thắng,Nghê Hồng
893,689,Phan Công Thắng,Lý Quốc Anh
893,1166,Phan Công Thắng,Vương Văn Đào
893,1172,Phan Công Thắng,Vương Tường Hỉ
893,144,Phan Công Thắng,Bùi Kim Giai
893,1119,Phan Công Thắng,Trịnh Sách Khiết
893,899,Phan Công Thắng,Phan Nhạc (chính khách)
893,811,Phan Công Thắng,Mã Hiểu Vĩ
893,445,Phan Công Thắng,Hầu Khải
893,180,Phan Công Thắng,Chu Dung Cơ
893,176,Phan Công Thắng,Chu Tiểu Xuyên
894,1234,Peter Paul Rubens,Đại học Cambridge
894,770,Peter Paul Rubens,Michelangelo
895,1080,Philip Noel-Baker,Theodore Roosevelt
895,1201,Philip Noel-Baker,Woodrow Wilson
895,153,Philip Noel-Baker,Charles G. Dawes
895,321,Philip Noel-Baker,George Marshall
895,191,Philip Noel-Baker,Dag Hammarskjöld
895,408,Philip Noel-Baker,Henry Kissinger
895,1011,Philip Noel-Baker,Satō Eisaku
895,76,Philip Noel-Baker,Anwar Al-Sadad
895,758,Philip Noel-Baker,Menachem Begin
895,1222,Philip Noel-Baker,Óscar Arias
895,803,Philip Noel-Baker,Mikhail Sergeyevich Gorbachyov
895,103,Philip Noel-Baker,Aung San Suu Kyi
895,837,Philip Noel-Baker,Nelson Mandela
895,1024,Philip Noel-Baker,Shimon Peres
895,631,Philip Noel-Baker,Kim Dae-jung
895,627,Philip Noel-Baker,Kofi Annan
895,548,Philip Noel-Baker,Jimmy Carter
895,786,Philip Noel-Baker,Mohamed ElBaradei
895,806,Philip Noel-Baker,Muhammad Yunus
895,742,Philip Noel-Baker,Martti Ahtisaari
895,156,Philip Noel-Baker,Barack Obama
895,243,Philip Noel-Baker,Ellen Johnson Sirleaf
895,716,Philip Noel-Baker,Malala Yousafzai
895,595,Philip Noel-Baker,Juan Manuel Santos
895,3,Philip Noel-Baker,Abiy Ahmed
895,738,Philip Noel-Baker,Maria Ressa
896,1147,Petro Oleksiyovych Poroshenko,Volodymyr Groysman
897,143,Philip de László,Calvin Coolidge
897,1080,Philip de László,Theodore Roosevelt
898,414,Phil Scott,Howard Dean
898,565,Phil Scott,Joe Biden
898,831,Phil Scott,Ned Lamont
898,505,Phil Scott,Janet Mills
898,173,Phil Scott,Charlie Baker
898,183,Phil Scott,Chris Sununu
898,913,Phil Scott,Phil Murphy
898,50,Phil Scott,Andrew Cuomo
898,1107,Phil Scott,Tom Wolf
898,202,Phil Scott,Daniel McKee
898,480,Phil Scott,J. B. Pritzker
898,258,Phil Scott,Eric Holcomb
898,636,Phil Scott,Kim Reynolds
898,673,Phil Scott,Laura Kelly
898,367,Phil Scott,Gretchen Whitmer
898,1089,Phil Scott,Tim Walz
898,903,Phil Scott,Pete Ricketts
898,220,Phil Scott,Doug Burgum
898,812,Phil Scott,Mike DeWine
898,642,Phil Scott,Kristi Noem
898,1091,Phil Scott,Tony Evers
898,614,Phil Scott,Kay Ivey
898,91,Phil Scott,Asa Hutchinson
898,554,Phil Scott,John Carney
898,979,Phil Scott,Ron DeSantis
898,142,Phil Scott,Brian Kemp
898,60,Phil Scott,Andy Beshear
898,536,Phil Scott,John Bel Edwards
898,650,Phil Scott,Larry Hogan
898,1061,Phil Scott,Tate Reeves
898,1008,Phil Scott,Roy Cooper
898,624,Phil Scott,Kevin Stitt
898,404,Phil Scott,Henry McMaster
898,124,Phil Scott,Bill Lee
898,365,Phil Scott,Greg Abbott
898,946,Phil Scott,Ralph Northam
898,534,Phil Scott,Jim Justice
898,779,Phil Scott,Mike Dunleavy
898,242,Phil Scott,Doug Ducey
898,331,Phil Scott,Gavin Newsom
898,502,Phil Scott,Jared Polis
898,208,Phil Scott,David Ige
898,140,Phil Scott,Brad Little
898,388,Phil Scott,Greg Gianforte
898,1060,Phil Scott,Steve Sisolak
898,787,Phil Scott,Michelle Lujan Grisham
898,612,Phil Scott,Kate Brown
898,1030,Phil Scott,Spencer Cox
898,506,Phil Scott,Jay Inslee
898,736,Phil Scott,Mark Gordon (chính trị gia)
898,540,Phil Scott,Jerome Adams
898,213,Phil Scott,Deborah Birx
898,86,Phil Scott,Anthony Fauci
898,139,Phil Scott,Brett Giroir
898,888,Phil Scott,Peter Navarro
898,773,Phil Scott,Mike Pence
898,976,Phil Scott,Robert R. Redfield
898,298,Phil Scott,Donald Trump
899,702,Phan Nhạc (chính khách),Lý Khắc Cường
899,1167,Phan Nhạc (chính khách),Tập Cận Bình
899,686,Phan Nhạc (chính khách),Lý Cường
899,1231,Phan Nhạc (chính khách),Đinh Tiết Tường
899,431,Phan Nhạc (chính khách),Hà Lập Phong
899,1140,Phan Nhạc (chính khách),Trương Quốc Thanh
899,709,Phan Nhạc (chính khách),Lưu Quốc Trung
899,1174,Phan Nhạc (chính khách),Vương Tiểu Hồng
899,834,Phan Nhạc (chính khách),Ngô Chính Long
899,1104,Phan Nhạc (chính khách),Thầm Di Cầm
899,421,Phan Nhạc (chính khách),Hoài Tiến Bằng
899,630,Phan Nhạc (chính khách),Kim Tráng Long
899,1103,Phan Nhạc (chính khách),Trần Nhất Tân
899,439,Phan Nhạc (chính khách),Hạ Vinh
899,1156,Phan Nhạc (chính khách),Vương Hiểu Bình
899,1165,Phan Nhạc (chính khách),Vương Quảng Hoa
899,426,Phan Nhạc (chính khách),Hoàng Nhuận Thu
899,828,Phan Nhạc (chính khách),Nghê Hồng
899,689,Phan Nhạc (chính khách),Lý Quốc Anh
899,1166,Phan Nhạc (chính khách),Vương Văn Đào
899,1172,Phan Nhạc (chính khách),Vương Tường Hỉ
899,144,Phan Nhạc (chính khách),Bùi Kim Giai
899,1119,Phan Nhạc (chính khách),Trịnh Sách Khiết
899,811,Phan Nhạc (chính khách),Mã Hiểu Vĩ
899,893,Phan Nhạc (chính khách),Phan Công Thắng
899,445,Phan Nhạc (chính khách),Hầu Khải
899,433,Phan Nhạc (chính khách),Hàn Chính (chính khách)
899,1095,Phan Nhạc (chính khách),Triệu Khắc Chí
899,1086,Phan Nhạc (chính khách),Tiêu Á Khánh
899,1108,Phan Nhạc (chính khách),Trần Văn Thanh (chính khách Trung Quốc)
899,684,Phan Nhạc (chính khách),Lý Cán Kiệt
899,696,Phan Nhạc (chính khách),Lạc Thụ Cương
900,84,Phumtham Wechayachai,Anutin Charnvirakul
900,1031,Phumtham Wechayachai,Srettha Thavisin
900,873,Phumtham Wechayachai,Paetongtarn Shinawatra
900,1067,Phumtham Wechayachai,Thaksin Shinawatra
900,1,Phumtham Wechayachai,Abdoulkader Kamil Mohamed
900,801,Phumtham Wechayachai,Mostafa Madbouly
900,3,Phumtham Wechayachai,Abiy Ahmed
900,197,Phumtham Wechayachai,Cyril Ramaphosa
900,269,Phumtham Wechayachai,Faure Gnassingbé
900,806,Phumtham Wechayachai,Muhammad Yunus
900,686,Phumtham Wechayachai,Lý Cường
900,699,Phumtham Wechayachai,Lý Gia Siêu
900,816,Phumtham Wechayachai,Narendra Modi
900,906,Phumtham Wechayachai,Prabowo Subianto
900,748,Phumtham Wechayachai,Masoud Pezeshkian
900,790,Phumtham Wechayachai,Mohammed Shia' Al Sudani
900,133,Phumtham Wechayachai,Benjamin Netanyahu
900,1057,Phumtham Wechayachai,Takaichi Sanae
900,784,Phumtham Wechayachai,Min Aung Hlaing
900,1014,Phumtham Wechayachai,Shehbaz Sharif
900,122,Phumtham Wechayachai,Bongbong Marcos
900,791,Phumtham Wechayachai,Mohammed bin Salman
900,423,Phumtham Wechayachai,Hoàng Tuần Tài
900,661,Phumtham Wechayachai,Lee Jae-myung
900,922,Phumtham Wechayachai,Phạm Minh Chính
900,164,Phumtham Wechayachai,Christian Stocker
900,890,Phumtham Wechayachai,Petr Fiala
900,757,Phumtham Wechayachai,Mette Frederiksen
900,301,Phumtham Wechayachai,Friedrich Merz
900,648,Phumtham Wechayachai,Kyriakos Mitsotakis
900,859,Phumtham Wechayachai,Orbán Viktor
900,766,Phumtham Wechayachai,Micheál Martin
900,264,Phumtham Wechayachai,Evika Siliņa
900,953,Phumtham Wechayachai,Robert Abela
900,219,Phumtham Wechayachai,Donald Tusk
900,961,Phumtham Wechayachai,Robert Fico
900,887,Phumtham Wechayachai,Pedro Sánchez
900,1121,Phumtham Wechayachai,Ulf Kristersson
900,928,Phumtham Wechayachai,Recep Tayyip Erdoğan
900,618,Phumtham Wechayachai,Keir Starmer
900,379,Phumtham Wechayachai,Giáo hoàng Lêô XIV
900,186,Phumtham Wechayachai,Claudia Sheinbaum
900,298,Phumtham Wechayachai,Donald Trump
900,504,Phumtham Wechayachai,Javier Milei
900,678,Phumtham Wechayachai,Luis Arce
900,63,Phumtham Wechayachai,Anthony Albanese
900,184,Phumtham Wechayachai,Christopher Luxon
900,475,Phumtham Wechayachai,James Marape
900,1009,Phumtham Wechayachai,Seni Pramoj
900,637,Phumtham Wechayachai,Kukrit Pramoj
900,910,Phumtham Wechayachai,Prem Tinsulanonda
900,185,Phumtham Wechayachai,Chuan Leekpai
900,1040,Phumtham Wechayachai,Surayud Chulanont
900,995,Phumtham Wechayachai,Samak Sundaravej
900,1016,Phumtham Wechayachai,Somchai Wongsawat
900,162,Phumtham Wechayachai,Chavarat Charnvirakul
900,12,Phumtham Wechayachai,Abhisit Vejjajiva
900,1220,Phumtham Wechayachai,Yingluck Shinawatra
900,838,Phumtham Wechayachai,Niwatthamrong Boonsongpaisan
900,916,Phumtham Wechayachai,Prayut Chan-o-cha
900,907,Phumtham Wechayachai,Prawit Wongsuwan
901,842,Phêrô Máctinô Ngô Đình Thục,Ngô Đình Diệm
901,835,Phêrô Máctinô Ngô Đình Thục,Ngô Đình Nhu
901,549,Phêrô Máctinô Ngô Đình Thục,John F. Kennedy
901,396,Phêrô Máctinô Ngô Đình Thục,Henry Cabot Lodge Jr.
901,955,Phêrô Máctinô Ngô Đình Thục,Robert McNamara
901,1102,Phêrô Máctinô Ngô Đình Thục,Trần Lệ Xuân
901,1149,Phêrô Máctinô Ngô Đình Thục,Vũ Văn Mẫu
901,229,Phêrô Máctinô Ngô Đình Thục,Dương Văn Minh
901,681,Phêrô Máctinô Ngô Đình Thục,Lê Văn Kim
901,825,Phêrô Máctinô Ngô Đình Thục,Nguyễn Hữu Có
901,827,Phêrô Máctinô Ngô Đình Thục,Nguyễn Khánh
901,856,Phêrô Máctinô Ngô Đình Thục,Nguyễn Văn Thiệu
901,1118,Phêrô Máctinô Ngô Đình Thục,Tôn Thất Đính
901,1114,Phêrô Máctinô Ngô Đình Thục,Trần Văn Đôn
901,201,Phêrô Máctinô Ngô Đình Thục,David Halberstam
902,567,Pierre Trudeau,John Turner
902,1230,Pierre Trudeau,Đại học Harvard
902,531,Pierre Trudeau,John Abbott
902,1171,Pierre Trudeau,Wilfrid Laurier
902,1181,Pierre Trudeau,William Lyon Mackenzie King
902,542,Pierre Trudeau,John Diefenbaker
902,131,Pierre Trudeau,Brian Mulroney
902,615,Pierre Trudeau,Kim Campbell
902,500,Pierre Trudeau,Jean Chrétien
902,879,Pierre Trudeau,Paul Martin
903,365,Pete Ricketts,Greg Abbott
903,330,Pete Ricketts,George W. Bush
903,211,Pete Ricketts,Dick Cheney
903,642,Pete Ricketts,Kristi Noem
903,565,Pete Ricketts,Joe Biden
903,831,Pete Ricketts,Ned Lamont
903,505,Pete Ricketts,Janet Mills
903,173,Pete Ricketts,Charlie Baker
903,183,Pete Ricketts,Chris Sununu
903,913,Pete Ricketts,Phil Murphy
903,50,Pete Ricketts,Andrew Cuomo
903,1107,Pete Ricketts,Tom Wolf
903,202,Pete Ricketts,Daniel McKee
903,898,Pete Ricketts,Phil Scott
903,480,Pete Ricketts,J. B. Pritzker
903,258,Pete Ricketts,Eric Holcomb
903,636,Pete Ricketts,Kim Reynolds
903,673,Pete Ricketts,Laura Kelly
903,367,Pete Ricketts,Gretchen Whitmer
903,1089,Pete Ricketts,Tim Walz
903,220,Pete Ricketts,Doug Burgum
903,812,Pete Ricketts,Mike DeWine
903,1091,Pete Ricketts,Tony Evers
903,614,Pete Ricketts,Kay Ivey
903,91,Pete Ricketts,Asa Hutchinson
903,554,Pete Ricketts,John Carney
903,979,Pete Ricketts,Ron DeSantis
903,142,Pete Ricketts,Brian Kemp
903,60,Pete Ricketts,Andy Beshear
903,536,Pete Ricketts,John Bel Edwards
903,650,Pete Ricketts,Larry Hogan
903,1061,Pete Ricketts,Tate Reeves
903,1008,Pete Ricketts,Roy Cooper
903,624,Pete Ricketts,Kevin Stitt
903,404,Pete Ricketts,Henry McMaster
903,124,Pete Ricketts,Bill Lee
903,946,Pete Ricketts,Ralph Northam
903,534,Pete Ricketts,Jim Justice
903,779,Pete Ricketts,Mike Dunleavy
903,242,Pete Ricketts,Doug Ducey
903,331,Pete Ricketts,Gavin Newsom
903,502,Pete Ricketts,Jared Polis
903,208,Pete Ricketts,David Ige
903,140,Pete Ricketts,Brad Little
903,388,Pete Ricketts,Greg Gianforte
903,1060,Pete Ricketts,Steve Sisolak
903,787,Pete Ricketts,Michelle Lujan Grisham
903,612,Pete Ricketts,Kate Brown
903,1030,Pete Ricketts,Spencer Cox
903,506,Pete Ricketts,Jay Inslee
903,736,Pete Ricketts,Mark Gordon (chính trị gia)
903,540,Pete Ricketts,Jerome Adams
903,213,Pete Ricketts,Deborah Birx
903,86,Pete Ricketts,Anthony Fauci
903,139,Pete Ricketts,Brett Giroir
903,888,Pete Ricketts,Peter Navarro
903,773,Pete Ricketts,Mike Pence
903,976,Pete Ricketts,Robert R. Redfield
903,298,Pete Ricketts,Donald Trump
904,868,Piet Mondrian,Pablo Picasso
905,68,Philipp Rösler,Angela Merkel
905,361,Philipp Rösler,Guido Westerwelle
905,1022,Philipp Rösler,Sigmar Gabriel
905,844,Philipp Rösler,Nguyễn Xuân Phúc
905,1155,Philipp Rösler,Võ Thị Ánh Xuân
905,1151,Philipp Rösler,Võ Văn Thưởng
905,671,Philipp Rösler,Ludwig Erhard
905,284,Philipp Rösler,Frank-Walter Steinmeier
905,862,Philipp Rösler,Olaf Scholz
906,570,Prabowo Subianto,Joko Widodo
907,1220,Prawit Wongsuwan,Yingluck Shinawatra
907,12,Prawit Wongsuwan,Abhisit Vejjajiva
907,1016,Prawit Wongsuwan,Somchai Wongsawat
907,1067,Prawit Wongsuwan,Thaksin Shinawatra
907,916,Prawit Wongsuwan,Prayut Chan-o-cha
908,720,Pratibha Patil,Manmohan Singh
908,6,Pratibha Patil,A. P. J. Abdul Kalam
908,909,Pratibha Patil,Pranab Mukherjee
908,925,Pratibha Patil,Rajendra Prasad
908,998,Pratibha Patil,Sarvepalli Radhakrishnan
908,1218,Pratibha Patil,Zakir Husain (chính trị gia)
908,1129,Pratibha Patil,V. V. Giri
908,789,Pratibha Patil,Mohammad Hidayatullah
908,266,Pratibha Patil,Fakhruddin Ali Ahmed
908,93,Pratibha Patil,B. D. Jatti
908,818,Pratibha Patil,Neelam Sanjiva Reddy
908,1209,Pratibha Patil,Zail Singh
908,917,Pratibha Patil,R. Venkataraman
908,1013,Pratibha Patil,Shankar Dayal Sharma
908,596,Pratibha Patil,K. R. Narayanan
908,926,Pratibha Patil,Ram Nath Kovind
908,223,Pratibha Patil,Droupadi Murmu
909,720,Pranab Mukherjee,Manmohan Singh
909,816,Pranab Mukherjee,Narendra Modi
909,908,Pranab Mukherjee,Pratibha Patil
909,926,Pranab Mukherjee,Ram Nath Kovind
909,448,Pranab Mukherjee,Indira Gandhi
909,917,Pranab Mukherjee,R. Venkataraman
909,1131,Pranab Mukherjee,V. P. Singh
909,861,Pranab Mukherjee,P. V. Narasimha Rao
909,82,Pranab Mukherjee,Atal Bihari Vajpayee
909,923,Pranab Mukherjee,Rajiv Gandhi
909,925,Pranab Mukherjee,Rajendra Prasad
909,998,Pranab Mukherjee,Sarvepalli Radhakrishnan
909,1218,Pranab Mukherjee,Zakir Husain (chính trị gia)
909,1129,Pranab Mukherjee,V. V. Giri
909,789,Pranab Mukherjee,Mohammad Hidayatullah
909,266,Pranab Mukherjee,Fakhruddin Ali Ahmed
909,93,Pranab Mukherjee,B. D. Jatti
909,818,Pranab Mukherjee,Neelam Sanjiva Reddy
909,1209,Pranab Mukherjee,Zail Singh
909,1013,Pranab Mukherjee,Shankar Dayal Sharma
909,596,Pranab Mukherjee,K. R. Narayanan
909,6,Pranab Mukherjee,A. P. J. Abdul Kalam
909,223,Pranab Mukherjee,Droupadi Murmu
910,1040,Prem Tinsulanonda,Surayud Chulanont
910,1067,Prem Tinsulanonda,Thaksin Shinawatra
910,1009,Prem Tinsulanonda,Seni Pramoj
910,637,Prem Tinsulanonda,Kukrit Pramoj
910,185,Prem Tinsulanonda,Chuan Leekpai
910,995,Prem Tinsulanonda,Samak Sundaravej
910,1016,Prem Tinsulanonda,Somchai Wongsawat
910,162,Prem Tinsulanonda,Chavarat Charnvirakul
910,12,Prem Tinsulanonda,Abhisit Vejjajiva
910,1220,Prem Tinsulanonda,Yingluck Shinawatra
910,838,Prem Tinsulanonda,Niwatthamrong Boonsongpaisan
910,916,Prem Tinsulanonda,Prayut Chan-o-cha
910,907,Prem Tinsulanonda,Prawit Wongsuwan
910,1031,Prem Tinsulanonda,Srettha Thavisin
910,900,Prem Tinsulanonda,Phumtham Wechayachai
910,873,Prem Tinsulanonda,Paetongtarn Shinawatra
910,84,Prem Tinsulanonda,Anutin Charnvirakul
911,1232,Prescott Bush,Đại học Yale
911,319,Prescott Bush,George H. W. Bush
911,330,Prescott Bush,George W. Bush
911,513,Prescott Bush,Jeb Bush
912,298,Pete Hegseth,Donald Trump
912,669,Pete Hegseth,Lloyd Austin
912,1230,Pete Hegseth,Đại học Harvard
912,466,Pete Hegseth,JD Vance
912,216,Pete Hegseth,Donald Rumsfeld
913,1008,Phil Murphy,Roy Cooper
913,332,Phil Murphy,Gina Raimondo
913,787,Phil Murphy,Michelle Lujan Grisham
913,156,Phil Murphy,Barack Obama
913,414,Phil Murphy,Howard Dean
913,1230,Phil Murphy,Đại học Harvard
913,549,Phil Murphy,John F. Kennedy
913,173,Phil Murphy,Charlie Baker
913,68,Phil Murphy,Angela Merkel
913,413,Phil Murphy,Horst Köhler
913,361,Phil Murphy,Guido Westerwelle
913,298,Phil Murphy,Donald Trump
913,189,Phil Murphy,Cory Booker
913,1201,Phil Murphy,Woodrow Wilson
913,524,Phil Murphy,Jim McGreevey
913,565,Phil Murphy,Joe Biden
913,831,Phil Murphy,Ned Lamont
913,505,Phil Murphy,Janet Mills
913,183,Phil Murphy,Chris Sununu
913,50,Phil Murphy,Andrew Cuomo
913,1107,Phil Murphy,Tom Wolf
913,202,Phil Murphy,Daniel McKee
913,898,Phil Murphy,Phil Scott
913,480,Phil Murphy,J. B. Pritzker
913,258,Phil Murphy,Eric Holcomb
913,636,Phil Murphy,Kim Reynolds
913,673,Phil Murphy,Laura Kelly
913,367,Phil Murphy,Gretchen Whitmer
913,1089,Phil Murphy,Tim Walz
913,903,Phil Murphy,Pete Ricketts
913,220,Phil Murphy,Doug Burgum
913,812,Phil Murphy,Mike DeWine
913,642,Phil Murphy,Kristi Noem
913,1091,Phil Murphy,Tony Evers
913,614,Phil Murphy,Kay Ivey
913,91,Phil Murphy,Asa Hutchinson
913,554,Phil Murphy,John Carney
913,979,Phil Murphy,Ron DeSantis
913,142,Phil Murphy,Brian Kemp
913,60,Phil Murphy,Andy Beshear
913,536,Phil Murphy,John Bel Edwards
913,650,Phil Murphy,Larry Hogan
913,1061,Phil Murphy,Tate Reeves
913,624,Phil Murphy,Kevin Stitt
913,404,Phil Murphy,Henry McMaster
913,124,Phil Murphy,Bill Lee
913,365,Phil Murphy,Greg Abbott
913,946,Phil Murphy,Ralph Northam
913,534,Phil Murphy,Jim Justice
913,779,Phil Murphy,Mike Dunleavy
913,242,Phil Murphy,Doug Ducey
913,331,Phil Murphy,Gavin Newsom
913,502,Phil Murphy,Jared Polis
913,208,Phil Murphy,David Ige
913,140,Phil Murphy,Brad Little
913,388,Phil Murphy,Greg Gianforte
913,1060,Phil Murphy,Steve Sisolak
913,612,Phil Murphy,Kate Brown
913,1030,Phil Murphy,Spencer Cox
913,506,Phil Murphy,Jay Inslee
913,736,Phil Murphy,Mark Gordon (chính trị gia)
913,540,Phil Murphy,Jerome Adams
913,213,Phil Murphy,Deborah Birx
913,86,Phil Murphy,Anthony Fauci
913,139,Phil Murphy,Brett Giroir
913,888,Phil Murphy,Peter Navarro
913,773,Phil Murphy,Mike Pence
913,976,Phil Murphy,Robert R. Redfield
914,40,Prokopis Pavlopoulos,Alexis Tsipras
914,1143,Prokopis Pavlopoulos,Vassiliki Thanou-Christophilou
914,600,Prokopis Pavlopoulos,Karolos Papoulias
915,930,Pierre Mendès France,René Coty
915,171,Pierre Mendès France,Charles de Gaulle
915,167,Pierre Mendès France,Charles-Maurice de Talleyrand-Périgord
915,287,Pierre Mendès France,François Arago
915,75,Pierre Mendès France,Armand Fallières
915,1217,Pierre Mendès France,Émile Loubet
915,501,Pierre Mendès France,Jean Casimir-Perier
915,322,Pierre Mendès France,Georges Clemenceau
915,931,Pierre Mendès France,Raymond Poincaré
915,305,Pierre Mendès France,Gaston Doumergue
915,37,Pierre Mendès France,Alexandre Millerand
915,1138,Pierre Mendès France,Vincent Auriol
915,762,Pierre Mendès France,Michel Debré
915,329,Pierre Mendès France,Georges Pompidou
915,461,Pierre Mendès France,Jacques Chaban-Delmas
915,474,Pierre Mendès France,Jacques Chirac
915,652,Pierre Mendès France,Laurent Fabius
915,764,Pierre Mendès France,Michel Rocard
915,20,Pierre Mendès France,Alain Juppé
915,217,Pierre Mendès France,Dominique de Villepin
915,294,Pierre Mendès France,François Fillon
915,516,Pierre Mendès France,Jean-Marc Ayrault
915,726,Pierre Mendès France,Manuel Valls
915,111,Pierre Mendès France,Bernard Cazeneuve
915,1224,Pierre Mendès France,Édouard Philippe
915,311,Pierre Mendès France,Gabriel Attal
915,756,Pierre Mendès France,Michel Barnier
916,907,Prayut Chan-o-cha,Prawit Wongsuwan
916,84,Prayut Chan-o-cha,Anutin Charnvirakul
916,838,Prayut Chan-o-cha,Niwatthamrong Boonsongpaisan
916,1031,Prayut Chan-o-cha,Srettha Thavisin
916,1220,Prayut Chan-o-cha,Yingluck Shinawatra
916,1067,Prayut Chan-o-cha,Thaksin Shinawatra
916,1009,Prayut Chan-o-cha,Seni Pramoj
916,637,Prayut Chan-o-cha,Kukrit Pramoj
916,910,Prayut Chan-o-cha,Prem Tinsulanonda
916,185,Prayut Chan-o-cha,Chuan Leekpai
916,1040,Prayut Chan-o-cha,Surayud Chulanont
916,995,Prayut Chan-o-cha,Samak Sundaravej
916,1016,Prayut Chan-o-cha,Somchai Wongsawat
916,162,Prayut Chan-o-cha,Chavarat Charnvirakul
916,12,Prayut Chan-o-cha,Abhisit Vejjajiva
916,900,Prayut Chan-o-cha,Phumtham Wechayachai
916,873,Prayut Chan-o-cha,Paetongtarn Shinawatra
917,923,R. Venkataraman,Rajiv Gandhi
917,1131,R. Venkataraman,V. P. Singh
917,152,R. Venkataraman,Chandra Shekhar
917,861,R. Venkataraman,P. V. Narasimha Rao
917,1013,R. Venkataraman,Shankar Dayal Sharma
917,1209,R. Venkataraman,Zail Singh
917,448,R. Venkataraman,Indira Gandhi
917,789,R. Venkataraman,Mohammad Hidayatullah
917,909,R. Venkataraman,Pranab Mukherjee
917,925,R. Venkataraman,Rajendra Prasad
917,998,R. Venkataraman,Sarvepalli Radhakrishnan
917,1218,R. Venkataraman,Zakir Husain (chính trị gia)
917,1129,R. Venkataraman,V. V. Giri
917,266,R. Venkataraman,Fakhruddin Ali Ahmed
917,93,R. Venkataraman,B. D. Jatti
917,818,R. Venkataraman,Neelam Sanjiva Reddy
917,596,R. Venkataraman,K. R. Narayanan
917,6,R. Venkataraman,A. P. J. Abdul Kalam
917,908,R. Venkataraman,Pratibha Patil
917,926,R. Venkataraman,Ram Nath Kovind
917,223,R. Venkataraman,Droupadi Murmu
918,69,Rafael Erich,Antti Tulenheimo
918,885,Rafael Erich,Pehr Evind Svinhufvud
918,527,Rafael Erich,Johan Wilhelm Rangell
918,233,Rafael Erich,Edwin Linkomies
918,593,Rafael Erich,Juho Kusti Paasikivi
918,1122,Rafael Erich,Urho Kekkonen
918,1054,Rafael Erich,Teuvo Aura
918,608,Rafael Erich,Keijo Liinamaa
918,382,Rafael Erich,Harri Holkeri
918,865,Rafael Erich,Paavo Lipponen
918,59,Rafael Erich,Anneli Jäätteenmäki
918,744,Rafael Erich,Matti Vanhanen
918,725,Rafael Erich,Mari Kiviniemi
918,594,Rafael Erich,Jyrki Katainen
918,35,Rafael Erich,Alexander Stubb
918,599,Rafael Erich,Juha Sipilä
918,1004,Rafael Erich,Sanna Marin
919,1232,Rafael Mandelman,Đại học Yale
919,1230,Rafael Mandelman,Đại học Harvard
920,923,Rahul Gandhi,Rajiv Gandhi
920,1230,Rahul Gandhi,Đại học Harvard
920,448,Rahul Gandhi,Indira Gandhi
920,497,Rahul Gandhi,Jawaharlal Nehru
920,816,Rahul Gandhi,Narendra Modi
921,942,Noam Chomsky,René Descartes
921,583,Noam Chomsky,John Stuart Mill
921,434,Noam Chomsky,Hugo Chávez
921,350,Noam Chomsky,Glenn Greenwald
921,177,Noam Chomsky,Christopher Hitchens
921,968,Noam Chomsky,Richard Nixon
921,1232,Noam Chomsky,Đại học Yale
921,1150,Noam Chomsky,Viện Công nghệ Massachusetts
921,1234,Noam Chomsky,Đại học Cambridge
921,1228,Noam Chomsky,Đại học Stanford
921,1083,Noam Chomsky,Thomas Jefferson
921,298,Noam Chomsky,Donald Trump
921,928,Noam Chomsky,Recep Tayyip Erdoğan
921,187,Noam Chomsky,Clement Attlee
921,288,Noam Chomsky,Fidel Castro
921,113,Noam Chomsky,Bettino Craxi
921,1235,Noam Chomsky,Đặng Tiểu Bình
921,178,Noam Chomsky,Che Guevara
921,803,Noam Chomsky,Mikhail Sergeyevich Gorbachyov
921,488,Noam Chomsky,Hồ Chí Minh
921,854,Noam Chomsky,Nikita Sergeyevich Khrushchyov
921,837,Noam Chomsky,Nelson Mandela
921,761,Noam Chomsky,Mao Trạch Đông
921,299,Noam Chomsky,François Mitterrand
921,864,Noam Chomsky,Olof Palme
921,1037,Noam Chomsky,Sukarno
921,675,Noam Chomsky,Lev Davidovich Trotsky
922,844,Phạm Minh Chính,Nguyễn Xuân Phúc
922,1155,Phạm Minh Chính,Võ Thị Ánh Xuân
922,1151,Phạm Minh Chính,Võ Văn Thưởng
922,722,Phạm Minh Chính,Lương Cường
922,830,Phạm Minh Chính,Nguyễn Phú Trọng
922,851,Phạm Minh Chính,Nguyễn Tấn Dũng
922,833,Phạm Minh Chính,Nguyễn Minh Triết
922,19,Phạm Minh Chính,Abe Shinzō
922,1094,Phạm Minh Chính,Triệu Lạc Tế
922,1058,Phạm Minh Chính,Suga Yoshihide
922,570,Phạm Minh Chính,Joko Widodo
922,639,Phạm Minh Chính,Kishida Fumio
922,565,Phạm Minh Chính,Joe Biden
922,628,Phạm Minh Chính,Kamala Harris
922,63,Phạm Minh Chính,Anthony Albanese
922,488,Phạm Minh Chính,Hồ Chí Minh
923,1209,Rajiv Gandhi,Zail Singh
923,917,Rajiv Gandhi,R. Venkataraman
923,448,Rajiv Gandhi,Indira Gandhi
923,1131,Rajiv Gandhi,V. P. Singh
923,861,Rajiv Gandhi,P. V. Narasimha Rao
923,920,Rajiv Gandhi,Rahul Gandhi
924,161,Ralph Vaughan Williams,Charles Villiers Stanford
924,746,Ralph Vaughan Williams,Max Bruch
924,362,Ralph Vaughan Williams,Gustav Holst
925,497,Rajendra Prasad,Jawaharlal Nehru
925,998,Rajendra Prasad,Sarvepalli Radhakrishnan
925,138,Rajendra Prasad,C. Rajagopalachari
925,1218,Rajendra Prasad,Zakir Husain (chính trị gia)
925,1129,Rajendra Prasad,V. V. Giri
925,789,Rajendra Prasad,Mohammad Hidayatullah
925,266,Rajendra Prasad,Fakhruddin Ali Ahmed
925,93,Rajendra Prasad,B. D. Jatti
925,818,Rajendra Prasad,Neelam Sanjiva Reddy
925,1209,Rajendra Prasad,Zail Singh
925,917,Rajendra Prasad,R. Venkataraman
925,1013,Rajendra Prasad,Shankar Dayal Sharma
925,596,Rajendra Prasad,K. R. Narayanan
925,6,Rajendra Prasad,A. P. J. Abdul Kalam
925,908,Rajendra Prasad,Pratibha Patil
925,909,Rajendra Prasad,Pranab Mukherjee
925,926,Rajendra Prasad,Ram Nath Kovind
925,223,Rajendra Prasad,Droupadi Murmu
926,816,Ram Nath Kovind,Narendra Modi
926,909,Ram Nath Kovind,Pranab Mukherjee
926,223,Ram Nath Kovind,Droupadi Murmu
926,792,Ram Nath Kovind,Morarji Desai
926,82,Ram Nath Kovind,Atal Bihari Vajpayee
926,925,Ram Nath Kovind,Rajendra Prasad
926,998,Ram Nath Kovind,Sarvepalli Radhakrishnan
926,1218,Ram Nath Kovind,Zakir Husain (chính trị gia)
926,1129,Ram Nath Kovind,V. V. Giri
926,789,Ram Nath Kovind,Mohammad Hidayatullah
926,266,Ram Nath Kovind,Fakhruddin Ali Ahmed
926,93,Ram Nath Kovind,B. D. Jatti
926,818,Ram Nath Kovind,Neelam Sanjiva Reddy
926,1209,Ram Nath Kovind,Zail Singh
926,917,Ram Nath Kovind,R. Venkataraman
926,1013,Ram Nath Kovind,Shankar Dayal Sharma
926,596,Ram Nath Kovind,K. R. Narayanan
926,6,Ram Nath Kovind,A. P. J. Abdul Kalam
926,908,Ram Nath Kovind,Pratibha Patil
927,782,Rand Paul,Mitch McConnell
927,973,Rand Paul,Ron Paul
928,10,Recep Tayyip Erdoğan,Abdullah Gül
928,15,Recep Tayyip Erdoğan,Ahmet Davutoğlu
928,1109,Recep Tayyip Erdoğan,Turgut Özal
928,1045,Recep Tayyip Erdoğan,Süleyman Demirel
928,18,Recep Tayyip Erdoğan,Ahmet Necdet Sezer
929,149,Ramón Grau,Carlos Prío Socarrás
929,288,Ramón Grau,Fidel Castro
929,860,Ramón Grau,Osvaldo Dorticós Torrado
930,171,René Coty,Charles de Gaulle
930,1138,René Coty,Vincent Auriol
930,501,René Coty,Jean Casimir-Perier
930,1217,René Coty,Émile Loubet
930,75,René Coty,Armand Fallières
930,931,René Coty,Raymond Poincaré
930,871,René Coty,Paul Deschanel
930,37,René Coty,Alexandre Millerand
930,305,René Coty,Gaston Doumergue
930,874,René Coty,Paul Doumer
930,329,René Coty,Georges Pompidou
930,1145,René Coty,Valéry Giscard d'Estaing
930,299,René Coty,François Mitterrand
930,474,René Coty,Jacques Chirac
930,839,René Coty,Nicolas Sarkozy
930,291,René Coty,François Hollande
930,267,René Coty,Emmanuel Macron
931,305,Raymond Poincaré,Gaston Doumergue
931,322,Raymond Poincaré,Georges Clemenceau
931,37,Raymond Poincaré,Alexandre Millerand
931,75,Raymond Poincaré,Armand Fallières
931,871,Raymond Poincaré,Paul Deschanel
931,501,Raymond Poincaré,Jean Casimir-Perier
931,1217,Raymond Poincaré,Émile Loubet
931,874,Raymond Poincaré,Paul Doumer
931,1138,Raymond Poincaré,Vincent Auriol
931,930,Raymond Poincaré,René Coty
931,171,Raymond Poincaré,Charles de Gaulle
931,329,Raymond Poincaré,Georges Pompidou
931,1145,Raymond Poincaré,Valéry Giscard d'Estaing
931,299,Raymond Poincaré,François Mitterrand
931,474,Raymond Poincaré,Jacques Chirac
931,839,Raymond Poincaré,Nicolas Sarkozy
931,291,Raymond Poincaré,François Hollande
931,267,Raymond Poincaré,Emmanuel Macron
932,150,Ramon Magsaysay,Carlos Polistico García
932,244,Ramon Magsaysay,Elpidio Quirino
932,252,Ramon Magsaysay,Emilio Aguinaldo
932,721,Ramon Magsaysay,Manuel L. Quezon
932,1006,Ramon Magsaysay,Sergio Osmeña
932,718,Ramon Magsaysay,Manuel Roxas
932,588,Ramon Magsaysay,José P. Laurel
932,214,Ramon Magsaysay,Diosdado Macapagal
932,271,Ramon Magsaysay,Ferdinand Marcos
932,198,Ramon Magsaysay,Corazon Aquino
932,277,Ramon Magsaysay,Fidel Ramos
932,574,Ramon Magsaysay,Joseph Estrada
932,349,Ramon Magsaysay,Gloria Macapagal Arroyo
932,104,Ramon Magsaysay,Benigno Aquino III
932,966,Ramon Magsaysay,Rodrigo Duterte
933,1035,Ramsay MacDonald,Stanley Baldwin
933,972,Ramsay MacDonald,Robert Walpole
933,312,Ramsay MacDonald,George Grenville
933,1188,Ramsay MacDonald,William Pitt Trẻ
933,397,Ramsay MacDonald,"Henry Addington, Tử tước Sidmouth thứ 1"
933,1033,Ramsay MacDonald,Spencer Perceval
933,308,Ramsay MacDonald,George Canning
933,83,Ramsay MacDonald,"Arthur Wellesley, Công tước thứ 1 xứ Wellington"
933,395,Ramsay MacDonald,"Henry John Temple, Tử tước Palmerston thứ 3"
933,823,Ramsay MacDonald,Neville Chamberlain
933,1223,Ramsay MacDonald,Winston Churchill
933,187,Ramsay MacDonald,Clement Attlee
933,62,Ramsay MacDonald,Anthony Eden
933,380,Ramsay MacDonald,Harold Macmillan
933,39,Ramsay MacDonald,Alec Douglas-Home
933,381,Ramsay MacDonald,Harold Wilson
933,477,Ramsay MacDonald,James Callaghan
933,735,Ramsay MacDonald,Margaret Thatcher
933,353,Ramsay MacDonald,Gordon Brown
933,203,Ramsay MacDonald,David Cameron
933,1065,Ramsay MacDonald,Theresa May
933,137,Ramsay MacDonald,Boris Johnson
933,685,Ramsay MacDonald,Liz Truss
933,959,Ramsay MacDonald,Rishi Sunak
933,618,Ramsay MacDonald,Keir Starmer
935,133,Reuven Rivlin,Benjamin Netanyahu
935,821,Reuven Rivlin,Naftali Bennett
935,1024,Reuven Rivlin,Shimon Peres
935,443,Reuven Rivlin,Isaac Herzog
935,81,Reuven Rivlin,Ariel Sharon
936,1224,Richard Ferrand,Édouard Philippe
936,267,Richard Ferrand,Emmanuel Macron
936,1145,Richard Ferrand,Valéry Giscard d'Estaing
936,474,Richard Ferrand,Jacques Chirac
936,839,Richard Ferrand,Nicolas Sarkozy
936,291,Richard Ferrand,François Hollande
937,562,Richard Rush,John Quincy Adams
937,482,Richard Rush,James Monroe
937,483,Richard Rush,James Madison
938,568,Richard Mentor Johnson,John Tyler
938,483,Richard Mentor Johnson,James Madison
939,1234,Richard Stone,Đại học Cambridge
939,494,Richard Stone,James Meade
939,883,Richard Stone,Paul Samuelson
939,1021,Richard Stone,Simon Kuznets
939,551,Richard Stone,John Hicks
939,621,Richard Stone,Kenneth Arrow
939,295,Richard Stone,Friedrich Hayek
939,794,Richard Stone,Milton Friedman
939,112,Richard Stone,Bertil Ohlin
939,1062,Richard Stone,Theodore Schultz
939,655,Richard Stone,Lawrence Klein
939,485,Richard Stone,James Tobin
939,320,Richard Stone,George Stigler
939,364,Richard Stone,Gérard Debreu
939,281,Richard Stone,Franco Modigliani
939,479,Richard Stone,James M. Buchanan
939,975,Richard Stone,Robert Solow
939,749,Richard Stone,Maurice Allais
939,1092,Richard Stone,Trygve Haavelmo
939,383,Richard Stone,Harry Markowitz
939,759,Richard Stone,Merton Miller
939,977,Richard Stone,Ronald Coase
939,326,Richard Stone,Gary Becker
939,957,Richard Stone,Robert Fogel
939,221,Richard Stone,Douglass North
939,956,Richard Stone,"Robert Lucas, Jr."
939,476,Richard Stone,James Mirrlees
939,1191,Richard Stone,William Vickrey
939,805,Richard Stone,Myron Scholes
939,54,Richard Stone,Amartya Sen
939,962,Richard Stone,Robert Mundell
939,472,Richard Stone,James Heckman
939,310,Richard Stone,George Akerlof
939,760,Richard Stone,Michael Spence
939,587,Richard Stone,Joseph Stiglitz
939,954,Richard Stone,Robert F. Engle
939,194,Richard Stone,Clive Granger
939,273,Richard Stone,Finn E. Kydland
939,882,Richard Stone,Peter A. Diamond
939,172,Richard Stone,Christopher A. Pissarides
939,1068,Richard Stone,Thomas J. Sargent
939,174,Richard Stone,Christopher A. Sims
939,507,Richard Stone,Jean Tirole
939,101,Richard Stone,Bengt Holmström
939,941,Richard Stone,Richard Thaler
939,262,Richard Stone,Esther Duflo
939,580,Richard Stone,Joshua Angrist
939,209,Richard Stone,David Card
941,883,Richard Thaler,Paul Samuelson
941,1021,Richard Thaler,Simon Kuznets
941,551,Richard Thaler,John Hicks
941,621,Richard Thaler,Kenneth Arrow
941,295,Richard Thaler,Friedrich Hayek
941,794,Richard Thaler,Milton Friedman
941,112,Richard Thaler,Bertil Ohlin
941,494,Richard Thaler,James Meade
941,1062,Richard Thaler,Theodore Schultz
941,655,Richard Thaler,Lawrence Klein
941,485,Richard Thaler,James Tobin
941,320,Richard Thaler,George Stigler
941,364,Richard Thaler,Gérard Debreu
941,939,Richard Thaler,Richard Stone
941,281,Richard Thaler,Franco Modigliani
941,479,Richard Thaler,James M. Buchanan
941,975,Richard Thaler,Robert Solow
941,749,Richard Thaler,Maurice Allais
941,1092,Richard Thaler,Trygve Haavelmo
941,383,Richard Thaler,Harry Markowitz
941,759,Richard Thaler,Merton Miller
941,977,Richard Thaler,Ronald Coase
941,326,Richard Thaler,Gary Becker
941,957,Richard Thaler,Robert Fogel
941,221,Richard Thaler,Douglass North
941,956,Richard Thaler,"Robert Lucas, Jr."
941,476,Richard Thaler,James Mirrlees
941,1191,Richard Thaler,William Vickrey
941,805,Richard Thaler,Myron Scholes
941,54,Richard Thaler,Amartya Sen
941,962,Richard Thaler,Robert Mundell
941,472,Richard Thaler,James Heckman
941,310,Richard Thaler,George Akerlof
941,760,Richard Thaler,Michael Spence
941,587,Richard Thaler,Joseph Stiglitz
941,954,Richard Thaler,Robert F. Engle
941,194,Richard Thaler,Clive Granger
941,273,Richard Thaler,Finn E. Kydland
941,882,Richard Thaler,Peter A. Diamond
941,172,Richard Thaler,Christopher A. Pissarides
941,1068,Richard Thaler,Thomas J. Sargent
941,174,Richard Thaler,Christopher A. Sims
941,507,Richard Thaler,Jean Tirole
941,101,Richard Thaler,Bengt Holmström
941,262,Richard Thaler,Esther Duflo
941,580,Richard Thaler,Joshua Angrist
941,209,Richard Thaler,David Card
944,406,Richard von Weizsäcker,Helmut Kohl
944,969,Richard von Weizsäcker,Roman Herzog
944,1064,Richard von Weizsäcker,Theodor Heuss
944,413,Richard von Weizsäcker,Horst Köhler
944,165,Richard von Weizsäcker,Christian Wulff
944,523,Richard von Weizsäcker,Joachim Gauck
946,330,Ralph Northam,George W. Bush
946,1099,Ralph Northam,Tim Kaine
946,115,Ralph Northam,Bernie Sanders
946,250,Ralph Northam,Elizabeth Warren
946,422,Ralph Northam,Hillary Clinton
946,298,Ralph Northam,Donald Trump
946,107,Ralph Northam,Benjamin Butler
946,1083,Ralph Northam,Thomas Jefferson
946,482,Ralph Northam,James Monroe
946,568,Ralph Northam,John Tyler
946,565,Ralph Northam,Joe Biden
946,831,Ralph Northam,Ned Lamont
946,505,Ralph Northam,Janet Mills
946,173,Ralph Northam,Charlie Baker
946,183,Ralph Northam,Chris Sununu
946,913,Ralph Northam,Phil Murphy
946,50,Ralph Northam,Andrew Cuomo
946,1107,Ralph Northam,Tom Wolf
946,202,Ralph Northam,Daniel McKee
946,898,Ralph Northam,Phil Scott
946,480,Ralph Northam,J. B. Pritzker
946,258,Ralph Northam,Eric Holcomb
946,636,Ralph Northam,Kim Reynolds
946,673,Ralph Northam,Laura Kelly
946,367,Ralph Northam,Gretchen Whitmer
946,1089,Ralph Northam,Tim Walz
946,903,Ralph Northam,Pete Ricketts
946,220,Ralph Northam,Doug Burgum
946,812,Ralph Northam,Mike DeWine
946,642,Ralph Northam,Kristi Noem
946,1091,Ralph Northam,Tony Evers
946,614,Ralph Northam,Kay Ivey
946,91,Ralph Northam,Asa Hutchinson
946,554,Ralph Northam,John Carney
946,979,Ralph Northam,Ron DeSantis
946,142,Ralph Northam,Brian Kemp
946,60,Ralph Northam,Andy Beshear
946,536,Ralph Northam,John Bel Edwards
946,650,Ralph Northam,Larry Hogan
946,1061,Ralph Northam,Tate Reeves
946,1008,Ralph Northam,Roy Cooper
946,624,Ralph Northam,Kevin Stitt
946,404,Ralph Northam,Henry McMaster
946,124,Ralph Northam,Bill Lee
946,365,Ralph Northam,Greg Abbott
946,534,Ralph Northam,Jim Justice
946,779,Ralph Northam,Mike Dunleavy
946,242,Ralph Northam,Doug Ducey
946,331,Ralph Northam,Gavin Newsom
946,502,Ralph Northam,Jared Polis
946,208,Ralph Northam,David Ige
946,140,Ralph Northam,Brad Little
946,388,Ralph Northam,Greg Gianforte
946,1060,Ralph Northam,Steve Sisolak
946,787,Ralph Northam,Michelle Lujan Grisham
946,612,Ralph Northam,Kate Brown
946,1030,Ralph Northam,Spencer Cox
946,506,Ralph Northam,Jay Inslee
946,736,Ralph Northam,Mark Gordon (chính trị gia)
946,540,Ralph Northam,Jerome Adams
946,213,Ralph Northam,Deborah Birx
946,86,Ralph Northam,Anthony Fauci
946,139,Ralph Northam,Brett Giroir
946,888,Ralph Northam,Peter Navarro
946,773,Ralph Northam,Mike Pence
946,976,Ralph Northam,Robert R. Redfield
947,298,Rex Tillerson,Donald Trump
947,776,Rex Tillerson,Mike Pompeo
947,550,Rex Tillerson,John Jay
947,1083,Rex Tillerson,Thomas Jefferson
947,483,Rex Tillerson,James Madison
947,482,Rex Tillerson,James Monroe
947,562,Rex Tillerson,John Quincy Adams
947,538,Rex Tillerson,John C. Calhoun
947,469,Rex Tillerson,James Buchanan
947,1180,Rex Tillerson,William H. Seward
947,401,Rex Tillerson,Henry L. Stimson
947,206,Rex Tillerson,Dean Acheson
947,541,Rex Tillerson,John Foster Dulles
947,207,Rex Tillerson,Dean Rusk
947,1186,Rex Tillerson,William P. Rogers
947,408,Rex Tillerson,Henry Kissinger
947,188,Rex Tillerson,Colin Powell
947,200,Rex Tillerson,Condoleezza Rice
947,422,Rex Tillerson,Hillary Clinton
947,70,Rex Tillerson,Antony Blinken
948,979,Rick Scott,Ron DeSantis
948,513,Rick Scott,Jeb Bush
949,442,Robert A. Heinlein,Isaac Asimov
949,88,Robert A. Heinlein,Arthur C. Clarke
951,298,Rick Perry,Donald Trump
951,330,Rick Perry,George W. Bush
951,365,Rick Perry,Greg Abbott
952,549,Robert F. Kennedy,John F. Kennedy
952,688,Robert F. Kennedy,Lyndon B. Johnson
952,1186,Robert F. Kennedy,William P. Rogers
952,1052,Robert F. Kennedy,Ted Kennedy
952,1230,Robert F. Kennedy,Đại học Harvard
952,576,Robert F. Kennedy,Joseph McCarthy
952,937,Robert F. Kennedy,Richard Rush
953,586,Robert Abela,Joseph Muscat
953,159,Robert Abela,Charles Michel
953,603,Robert Abela,Karl Nehammer
953,48,Robert Abela,Andrej Babiš
953,757,Robert Abela,Mette Frederiksen
953,598,Robert Abela,Kaja Kallas
953,1004,Robert Abela,Sanna Marin
953,267,Robert Abela,Emmanuel Macron
953,862,Robert Abela,Olaf Scholz
953,648,Robert Abela,Kyriakos Mitsotakis
953,766,Robert Abela,Micheál Martin
953,264,Robert Abela,Evika Siliņa
953,338,Robert Abela,Gitanas Nausėda
953,1199,Robert Abela,Xavier Bettel
953,741,Robert Abela,Mark Rutte
953,219,Robert Abela,Donald Tusk
953,72,Robert Abela,António Costa
953,626,Robert Abela,Klaus Iohannis
953,496,Robert Abela,Janez Janša
953,887,Robert Abela,Pedro Sánchez
953,708,Robert Abela,Magdalena Andersson
954,1150,Robert F. Engle,Viện Công nghệ Massachusetts
954,194,Robert F. Engle,Clive Granger
954,883,Robert F. Engle,Paul Samuelson
954,1021,Robert F. Engle,Simon Kuznets
954,551,Robert F. Engle,John Hicks
954,621,Robert F. Engle,Kenneth Arrow
954,295,Robert F. Engle,Friedrich Hayek
954,794,Robert F. Engle,Milton Friedman
954,112,Robert F. Engle,Bertil Ohlin
954,494,Robert F. Engle,James Meade
954,1062,Robert F. Engle,Theodore Schultz
954,655,Robert F. Engle,Lawrence Klein
954,485,Robert F. Engle,James Tobin
954,320,Robert F. Engle,George Stigler
954,364,Robert F. Engle,Gérard Debreu
954,939,Robert F. Engle,Richard Stone
954,281,Robert F. Engle,Franco Modigliani
954,479,Robert F. Engle,James M. Buchanan
954,975,Robert F. Engle,Robert Solow
954,749,Robert F. Engle,Maurice Allais
954,1092,Robert F. Engle,Trygve Haavelmo
954,383,Robert F. Engle,Harry Markowitz
954,759,Robert F. Engle,Merton Miller
954,977,Robert F. Engle,Ronald Coase
954,326,Robert F. Engle,Gary Becker
954,957,Robert F. Engle,Robert Fogel
954,221,Robert F. Engle,Douglass North
954,956,Robert F. Engle,"Robert Lucas, Jr."
954,476,Robert F. Engle,James Mirrlees
954,1191,Robert F. Engle,William Vickrey
954,805,Robert F. Engle,Myron Scholes
954,54,Robert F. Engle,Amartya Sen
954,962,Robert F. Engle,Robert Mundell
954,472,Robert F. Engle,James Heckman
954,310,Robert F. Engle,George Akerlof
954,760,Robert F. Engle,Michael Spence
954,587,Robert F. Engle,Joseph Stiglitz
954,273,Robert F. Engle,Finn E. Kydland
954,882,Robert F. Engle,Peter A. Diamond
954,172,Robert F. Engle,Christopher A. Pissarides
954,1068,Robert F. Engle,Thomas J. Sargent
954,174,Robert F. Engle,Christopher A. Sims
954,507,Robert F. Engle,Jean Tirole
954,101,Robert F. Engle,Bengt Holmström
954,941,Robert F. Engle,Richard Thaler
954,262,Robert F. Engle,Esther Duflo
954,580,Robert F. Engle,Joshua Angrist
954,209,Robert F. Engle,David Card
955,549,Robert McNamara,John F. Kennedy
955,688,Robert McNamara,Lyndon B. Johnson
955,396,Robert McNamara,Henry Cabot Lodge Jr.
955,842,Robert McNamara,Ngô Đình Diệm
955,835,Robert McNamara,Ngô Đình Nhu
955,901,Robert McNamara,Phêrô Máctinô Ngô Đình Thục
955,1102,Robert McNamara,Trần Lệ Xuân
955,1149,Robert McNamara,Vũ Văn Mẫu
955,229,Robert McNamara,Dương Văn Minh
955,681,Robert McNamara,Lê Văn Kim
955,825,Robert McNamara,Nguyễn Hữu Có
955,827,Robert McNamara,Nguyễn Khánh
955,856,Robert McNamara,Nguyễn Văn Thiệu
955,1118,Robert McNamara,Tôn Thất Đính
955,1114,Robert McNamara,Trần Văn Đôn
955,201,Robert McNamara,David Halberstam
956,794,"Robert Lucas, Jr.",Milton Friedman
956,975,"Robert Lucas, Jr.",Robert Solow
956,1068,"Robert Lucas, Jr.",Thomas J. Sargent
956,653,"Robert Lucas, Jr.",Lawrence Summers
956,941,"Robert Lucas, Jr.",Richard Thaler
956,883,"Robert Lucas, Jr.",Paul Samuelson
956,1021,"Robert Lucas, Jr.",Simon Kuznets
956,551,"Robert Lucas, Jr.",John Hicks
956,621,"Robert Lucas, Jr.",Kenneth Arrow
956,295,"Robert Lucas, Jr.",Friedrich Hayek
956,112,"Robert Lucas, Jr.",Bertil Ohlin
956,494,"Robert Lucas, Jr.",James Meade
956,1062,"Robert Lucas, Jr.",Theodore Schultz
956,655,"Robert Lucas, Jr.",Lawrence Klein
956,485,"Robert Lucas, Jr.",James Tobin
956,320,"Robert Lucas, Jr.",George Stigler
956,364,"Robert Lucas, Jr.",Gérard Debreu
956,939,"Robert Lucas, Jr.",Richard Stone
956,281,"Robert Lucas, Jr.",Franco Modigliani
956,479,"Robert Lucas, Jr.",James M. Buchanan
956,749,"Robert Lucas, Jr.",Maurice Allais
956,1092,"Robert Lucas, Jr.",Trygve Haavelmo
956,383,"Robert Lucas, Jr.",Harry Markowitz
956,759,"Robert Lucas, Jr.",Merton Miller
956,977,"Robert Lucas, Jr.",Ronald Coase
956,326,"Robert Lucas, Jr.",Gary Becker
956,957,"Robert Lucas, Jr.",Robert Fogel
956,221,"Robert Lucas, Jr.",Douglass North
956,476,"Robert Lucas, Jr.",James Mirrlees
956,1191,"Robert Lucas, Jr.",William Vickrey
956,805,"Robert Lucas, Jr.",Myron Scholes
956,54,"Robert Lucas, Jr.",Amartya Sen
956,962,"Robert Lucas, Jr.",Robert Mundell
956,472,"Robert Lucas, Jr.",James Heckman
956,310,"Robert Lucas, Jr.",George Akerlof
956,760,"Robert Lucas, Jr.",Michael Spence
956,587,"Robert Lucas, Jr.",Joseph Stiglitz
956,954,"Robert Lucas, Jr.",Robert F. Engle
956,194,"Robert Lucas, Jr.",Clive Granger
956,273,"Robert Lucas, Jr.",Finn E. Kydland
956,882,"Robert Lucas, Jr.",Peter A. Diamond
956,172,"Robert Lucas, Jr.",Christopher A. Pissarides
956,174,"Robert Lucas, Jr.",Christopher A. Sims
956,507,"Robert Lucas, Jr.",Jean Tirole
956,101,"Robert Lucas, Jr.",Bengt Holmström
956,262,"Robert Lucas, Jr.",Esther Duflo
956,580,"Robert Lucas, Jr.",Joshua Angrist
956,209,"Robert Lucas, Jr.",David Card
957,221,Robert Fogel,Douglass North
957,320,Robert Fogel,George Stigler
957,1230,Robert Fogel,Đại học Harvard
957,883,Robert Fogel,Paul Samuelson
957,1021,Robert Fogel,Simon Kuznets
957,551,Robert Fogel,John Hicks
957,621,Robert Fogel,Kenneth Arrow
957,295,Robert Fogel,Friedrich Hayek
957,794,Robert Fogel,Milton Friedman
957,112,Robert Fogel,Bertil Ohlin
957,494,Robert Fogel,James Meade
957,1062,Robert Fogel,Theodore Schultz
957,655,Robert Fogel,Lawrence Klein
957,485,Robert Fogel,James Tobin
957,364,Robert Fogel,Gérard Debreu
957,939,Robert Fogel,Richard Stone
957,281,Robert Fogel,Franco Modigliani
957,479,Robert Fogel,James M. Buchanan
957,975,Robert Fogel,Robert Solow
957,749,Robert Fogel,Maurice Allais
957,1092,Robert Fogel,Trygve Haavelmo
957,383,Robert Fogel,Harry Markowitz
957,759,Robert Fogel,Merton Miller
957,977,Robert Fogel,Ronald Coase
957,326,Robert Fogel,Gary Becker
957,956,Robert Fogel,"Robert Lucas, Jr."
957,476,Robert Fogel,James Mirrlees
957,1191,Robert Fogel,William Vickrey
957,805,Robert Fogel,Myron Scholes
957,54,Robert Fogel,Amartya Sen
957,962,Robert Fogel,Robert Mundell
957,472,Robert Fogel,James Heckman
957,310,Robert Fogel,George Akerlof
957,760,Robert Fogel,Michael Spence
957,587,Robert Fogel,Joseph Stiglitz
957,954,Robert Fogel,Robert F. Engle
957,194,Robert Fogel,Clive Granger
957,273,Robert Fogel,Finn E. Kydland
957,882,Robert Fogel,Peter A. Diamond
957,172,Robert Fogel,Christopher A. Pissarides
957,1068,Robert Fogel,Thomas J. Sargent
957,174,Robert Fogel,Christopher A. Sims
957,507,Robert Fogel,Jean Tirole
957,101,Robert Fogel,Bengt Holmström
957,941,Robert Fogel,Richard Thaler
957,262,Robert Fogel,Esther Duflo
957,580,Robert Fogel,Joshua Angrist
957,209,Robert Fogel,David Card
958,330,Robert Mueller,George W. Bush
958,156,Robert Mueller,Barack Obama
958,471,Robert Mueller,James Comey
958,119,Robert Mueller,Bill Clinton
958,1036,Robert Mueller,Ronald Reagan
958,1195,Robert Mueller,William Weld
959,685,Rishi Sunak,Liz Truss
959,618,Rishi Sunak,Keir Starmer
959,137,Rishi Sunak,Boris Johnson
959,1065,Rishi Sunak,Theresa May
959,1185,Rishi Sunak,William Hague
959,1228,Rishi Sunak,Đại học Stanford
959,203,Rishi Sunak,David Cameron
959,565,Rishi Sunak,Joe Biden
959,972,Rishi Sunak,Robert Walpole
959,312,Rishi Sunak,George Grenville
959,1188,Rishi Sunak,William Pitt Trẻ
959,397,Rishi Sunak,"Henry Addington, Tử tước Sidmouth thứ 1"
959,1033,Rishi Sunak,Spencer Perceval
959,308,Rishi Sunak,George Canning
959,83,Rishi Sunak,"Arthur Wellesley, Công tước thứ 1 xứ Wellington"
959,395,Rishi Sunak,"Henry John Temple, Tử tước Palmerston thứ 3"
959,1035,Rishi Sunak,Stanley Baldwin
959,933,Rishi Sunak,Ramsay MacDonald
959,823,Rishi Sunak,Neville Chamberlain
959,1223,Rishi Sunak,Winston Churchill
959,187,Rishi Sunak,Clement Attlee
959,62,Rishi Sunak,Anthony Eden
959,380,Rishi Sunak,Harold Macmillan
959,39,Rishi Sunak,Alec Douglas-Home
959,381,Rishi Sunak,Harold Wilson
959,477,Rishi Sunak,James Callaghan
959,735,Rishi Sunak,Margaret Thatcher
959,353,Rishi Sunak,Gordon Brown
960,377,Robert Menzies,Harold Holt
960,236,Robert Menzies,Earle Page
960,282,Robert Menzies,Frank Forde
960,235,Robert Menzies,Edmund Barton
960,44,Robert Menzies,Alfred Deakin
960,318,Robert Menzies,George Reid (chính khách Úc)
960,52,Robert Menzies,Andrew Fisher
960,1032,Robert Menzies,Stanley Bruce
960,559,Robert Menzies,John McEwen
960,543,Robert Menzies,John Gorton
960,1184,Robert Menzies,William McMahon
960,348,Robert Menzies,Gough Whitlam
960,714,Robert Menzies,Malcolm Fraser
960,120,Robert Menzies,Bob Hawke
960,547,Robert Menzies,John Howard
960,620,Robert Menzies,Kevin Rudd
960,597,Robert Menzies,Julia Gillard
960,1084,Robert Menzies,Tony Abbott
960,717,Robert Menzies,Malcolm Turnbull
960,1003,Robert Menzies,Scott Morrison
960,63,Robert Menzies,Anthony Albanese
961,778,Robert Fico,Miroslav Lajčák
961,203,Robert Fico,David Cameron
961,95,Robert Fico,Beata Szydło
961,118,Robert Fico,Bohuslav Sobotka
961,219,Robert Fico,Donald Tusk
961,1130,Robert Fico,Ursula von der Leyen
962,1150,Robert Mundell,Viện Công nghệ Massachusetts
962,883,Robert Mundell,Paul Samuelson
962,1021,Robert Mundell,Simon Kuznets
962,551,Robert Mundell,John Hicks
962,621,Robert Mundell,Kenneth Arrow
962,295,Robert Mundell,Friedrich Hayek
962,794,Robert Mundell,Milton Friedman
962,112,Robert Mundell,Bertil Ohlin
962,494,Robert Mundell,James Meade
962,1062,Robert Mundell,Theodore Schultz
962,655,Robert Mundell,Lawrence Klein
962,485,Robert Mundell,James Tobin
962,320,Robert Mundell,George Stigler
962,364,Robert Mundell,Gérard Debreu
962,939,Robert Mundell,Richard Stone
962,281,Robert Mundell,Franco Modigliani
962,479,Robert Mundell,James M. Buchanan
962,975,Robert Mundell,Robert Solow
962,749,Robert Mundell,Maurice Allais
962,1092,Robert Mundell,Trygve Haavelmo
962,383,Robert Mundell,Harry Markowitz
962,759,Robert Mundell,Merton Miller
962,977,Robert Mundell,Ronald Coase
962,326,Robert Mundell,Gary Becker
962,957,Robert Mundell,Robert Fogel
962,221,Robert Mundell,Douglass North
962,956,Robert Mundell,"Robert Lucas, Jr."
962,476,Robert Mundell,James Mirrlees
962,1191,Robert Mundell,William Vickrey
962,805,Robert Mundell,Myron Scholes
962,54,Robert Mundell,Amartya Sen
962,472,Robert Mundell,James Heckman
962,310,Robert Mundell,George Akerlof
962,760,Robert Mundell,Michael Spence
962,587,Robert Mundell,Joseph Stiglitz
962,954,Robert Mundell,Robert F. Engle
962,194,Robert Mundell,Clive Granger
962,273,Robert Mundell,Finn E. Kydland
962,882,Robert Mundell,Peter A. Diamond
962,172,Robert Mundell,Christopher A. Pissarides
962,1068,Robert Mundell,Thomas J. Sargent
962,174,Robert Mundell,Christopher A. Sims
962,507,Robert Mundell,Jean Tirole
962,101,Robert Mundell,Bengt Holmström
962,941,Robert Mundell,Richard Thaler
962,262,Robert Mundell,Esther Duflo
962,580,Robert Mundell,Joshua Angrist
962,209,Robert Mundell,David Card
963,254,Robert Mugabe,Emmerson Mnangagwa
963,1209,Robert Mugabe,Zail Singh
963,487,Robert Mugabe,Janez Drnovšek
963,353,Robert Mugabe,Gordon Brown
963,200,Robert Mugabe,Condoleezza Rice
964,1233,Robert Service (sử gia),Đại học Oxford
964,1228,Robert Service (sử gia),Đại học Stanford
965,285,Robert Schumann,Franz Schubert
966,104,Rodrigo Duterte,Benigno Aquino III
966,122,Rodrigo Duterte,Bongbong Marcos
966,298,Rodrigo Duterte,Donald Trump
966,710,Rodrigo Duterte,Mahathir Mohamad
966,156,Rodrigo Duterte,Barack Obama
967,470,Robert Todd Lincoln,James A. Garfield
967,170,Robert Todd Lincoln,Chester A. Arthur
968,688,Richard Nixon,Lyndon B. Johnson
968,340,Richard Nixon,Gerald Ford
968,228,Richard Nixon,Dwight D. Eisenhower
968,24,Richard Nixon,Alben W. Barkley
968,549,Richard Nixon,John F. Kennedy
968,419,Richard Nixon,Hubert Humphrey
968,315,Richard Nixon,George McGovern
968,1230,Richard Nixon,Đại học Harvard
968,576,Richard Nixon,Joseph McCarthy
968,389,Richard Nixon,Harry S. Truman
968,541,Richard Nixon,John Foster Dulles
968,53,Richard Nixon,Allen Dulles
968,952,Richard Nixon,Robert F. Kennedy
968,832,Richard Nixon,Nelson Rockefeller
968,1036,Richard Nixon,Ronald Reagan
968,408,Richard Nixon,Henry Kissinger
968,856,Richard Nixon,Nguyễn Văn Thiệu
968,230,Richard Nixon,Earl Warren
968,199,Richard Nixon,Chu Ân Lai
968,761,Richard Nixon,Mao Trạch Đông
968,288,Richard Nixon,Fidel Castro
968,89,Richard Nixon,Augusto Pinochet
968,356,Richard Nixon,Golda Meir
968,1052,Richard Nixon,Ted Kennedy
968,117,Richard Nixon,Bob Woodward
968,1080,Richard Nixon,Theodore Roosevelt
968,548,Richard Nixon,Jimmy Carter
968,714,Richard Nixon,Malcolm Fraser
968,477,Richard Nixon,James Callaghan
968,735,Richard Nixon,Margaret Thatcher
968,39,Richard Nixon,Alec Douglas-Home
968,381,Richard Nixon,Harold Wilson
968,380,Richard Nixon,Harold Macmillan
968,1235,Richard Nixon,Đặng Tiểu Bình
968,319,Richard Nixon,George H. W. Bush
968,119,Richard Nixon,Bill Clinton
968,330,Richard Nixon,George W. Bush
968,539,Richard Nixon,John Adams
968,1083,Richard Nixon,Thomas Jefferson
968,483,Richard Nixon,James Madison
968,482,Richard Nixon,James Monroe
968,562,Richard Nixon,John Quincy Adams
968,1190,Richard Nixon,William Henry Harrison
968,568,Richard Nixon,John Tyler
968,473,Richard Nixon,James K. Polk
968,286,Richard Nixon,Franklin Pierce
968,469,Richard Nixon,James Buchanan
968,1127,Richard Nixon,Ulysses S. Grant
968,993,Richard Nixon,Rutherford B. Hayes
968,470,Richard Nixon,James A. Garfield
968,170,Richard Nixon,Chester A. Arthur
968,108,Richard Nixon,Benjamin Harrison
968,1206,Richard Nixon,William McKinley
968,1189,Richard Nixon,William Howard Taft
968,1201,Richard Nixon,Woodrow Wilson
968,1170,Richard Nixon,Warren G. Harding
968,143,Richard Nixon,Calvin Coolidge
968,405,Richard Nixon,Herbert Hoover
968,292,Richard Nixon,Franklin D. Roosevelt
968,156,Richard Nixon,Barack Obama
968,298,Richard Nixon,Donald Trump
968,565,Richard Nixon,Joe Biden
968,246,Richard Nixon,Elbridge Gerry
968,192,Richard Nixon,Daniel D. Tompkins
968,538,Richard Nixon,John C. Calhoun
968,938,Richard Nixon,Richard Mentor Johnson
968,314,Richard Nixon,George M. Dallas
968,1187,Richard Nixon,William R. King
968,535,Richard Nixon,John C. Breckinridge
968,1179,Richard Nixon,William A. Wheeler
968,1066,Richard Nixon,Thomas A. Hendricks
968,9,Richard Nixon,Adlai Stevenson I
968,302,Richard Nixon,Garret Hobart
968,160,Richard Nixon,Charles W. Fairbanks
968,481,Richard Nixon,James S. Sherman
968,1072,Richard Nixon,Thomas R. Marshall
968,153,Richard Nixon,Charles G. Dawes
968,561,Richard Nixon,John Nance Garner
968,409,Richard Nixon,Henry A. Wallace
968,1169,Richard Nixon,Walter Mondale
968,211,Richard Nixon,Dick Cheney
968,773,Richard Nixon,Mike Pence
968,628,Richard Nixon,Kamala Harris
968,466,Richard Nixon,JD Vance
968,1125,Richard Nixon,Tưởng Giới Thạch
968,1223,Richard Nixon,Winston Churchill
968,321,Richard Nixon,George Marshall
968,798,Richard Nixon,Mohammad Mosaddegh
968,634,Richard Nixon,Konrad Adenauer
968,854,Richard Nixon,Nikita Sergeyevich Khrushchyov
968,171,Richard Nixon,Charles de Gaulle
968,76,Richard Nixon,Anwar Al-Sadad
968,983,Richard Nixon,Ruhollah Khomeini
968,198,Richard Nixon,Corazon Aquino
968,803,Richard Nixon,Mikhail Sergeyevich Gorbachyov
968,837,Richard Nixon,Nelson Mandela
968,824,Richard Nixon,Newt Gingrich
968,515,Richard Nixon,Jeff Bezos
968,978,Richard Nixon,Rudy Giuliani
968,121,Richard Nixon,Bill Gates
968,1153,Richard Nixon,Vladimir Vladimirovich Putin
968,743,Richard Nixon,Mark Zuckerberg
968,68,Richard Nixon,Angela Merkel
968,738,Richard Nixon,Maria Ressa
968,268,Richard Nixon,Elon Musk
968,1148,Richard Nixon,Volodymyr Oleksandrovych Zelenskyy
968,1175,Richard Nixon,Taylor Swift
969,406,Roman Herzog,Helmut Kohl
969,944,Roman Herzog,Richard von Weizsäcker
969,1064,Roman Herzog,Theodor Heuss
969,413,Roman Herzog,Horst Köhler
969,165,Roman Herzog,Christian Wulff
969,523,Roman Herzog,Joachim Gauck
970,1063,Roger Martin du Gard,Theodor Mommsen
970,579,Roger Martin du Gard,José Echegaray
970,394,Roger Martin du Gard,Henri Bergson
970,1073,Roger Martin du Gard,Thomas Mann
970,682,Roger Martin du Gard,Luigi Pirandello
970,1047,Roger Martin du Gard,T. S. Eliot
970,1183,Roger Martin du Gard,William Faulkner
970,1223,Roger Martin du Gard,Winston Churchill
970,453,Roger Martin du Gard,Ivo Andrić
970,768,Roger Martin du Gard,Miguel Ángel Asturias
970,392,Roger Martin du Gard,Heinrich Böll
970,853,Roger Martin du Gard,Odysseas Elytis
970,247,Roger Martin du Gard,Elias Canetti
970,307,Roger Martin du Gard,Gabriel García Márquez
970,1182,Roger Martin du Gard,William Golding
970,146,Roger Martin du Gard,Camilo José Cela
970,147,Roger Martin du Gard,Cao Hành Kiện
970,610,Roger Martin du Gard,Kazuo Ishiguro
972,312,Robert Walpole,George Grenville
972,1188,Robert Walpole,William Pitt Trẻ
972,397,Robert Walpole,"Henry Addington, Tử tước Sidmouth thứ 1"
972,1033,Robert Walpole,Spencer Perceval
972,308,Robert Walpole,George Canning
972,83,Robert Walpole,"Arthur Wellesley, Công tước thứ 1 xứ Wellington"
972,395,Robert Walpole,"Henry John Temple, Tử tước Palmerston thứ 3"
972,1035,Robert Walpole,Stanley Baldwin
972,933,Robert Walpole,Ramsay MacDonald
972,823,Robert Walpole,Neville Chamberlain
972,1223,Robert Walpole,Winston Churchill
972,187,Robert Walpole,Clement Attlee
972,62,Robert Walpole,Anthony Eden
972,380,Robert Walpole,Harold Macmillan
972,39,Robert Walpole,Alec Douglas-Home
972,381,Robert Walpole,Harold Wilson
972,477,Robert Walpole,James Callaghan
972,735,Robert Walpole,Margaret Thatcher
972,353,Robert Walpole,Gordon Brown
972,203,Robert Walpole,David Cameron
972,1065,Robert Walpole,Theresa May
972,137,Robert Walpole,Boris Johnson
972,685,Robert Walpole,Liz Truss
972,959,Robert Walpole,Rishi Sunak
972,618,Robert Walpole,Keir Starmer
973,927,Ron Paul,Rand Paul
974,584,Romano Prodi,José Manuel Barroso
974,333,Romano Prodi,Giorgio Napolitano
974,1026,Romano Prodi,Silvio Berlusconi
974,645,Romano Prodi,Lamberto Dini
974,337,Romano Prodi,Giulio Andreotti
974,114,Romano Prodi,Bettino Ricasoli
974,1124,Romano Prodi,Urbano Rattazzi
974,274,Romano Prodi,Francesco Crispi
974,335,Romano Prodi,Giovanni Giolitti
974,676,Romano Prodi,Luigi Luzzatti
974,64,Romano Prodi,Antonio Salandra
974,29,Romano Prodi,Alcide De Gasperi
974,32,Romano Prodi,Aldo Moro
974,272,Romano Prodi,Francesco Cossiga
974,77,Romano Prodi,Arnaldo Forlani
974,334,Romano Prodi,Giovanni Spadolini
974,113,Romano Prodi,Bettino Craxi
974,336,Romano Prodi,Giuliano Amato
974,733,Romano Prodi,Mario Monti
974,255,Romano Prodi,Enrico Letta
974,752,Romano Prodi,Matteo Renzi
974,870,Romano Prodi,Paolo Gentiloni
974,347,Romano Prodi,Giuseppe Conte
974,739,Romano Prodi,Mario Draghi
975,1230,Robert Solow,Đại học Harvard
975,883,Robert Solow,Paul Samuelson
975,310,Robert Solow,George Akerlof
975,587,Robert Solow,Joseph Stiglitz
975,549,Robert Solow,John F. Kennedy
975,956,Robert Solow,"Robert Lucas, Jr."
975,1021,Robert Solow,Simon Kuznets
975,551,Robert Solow,John Hicks
975,621,Robert Solow,Kenneth Arrow
975,295,Robert Solow,Friedrich Hayek
975,794,Robert Solow,Milton Friedman
975,112,Robert Solow,Bertil Ohlin
975,494,Robert Solow,James Meade
975,1062,Robert Solow,Theodore Schultz
975,655,Robert Solow,Lawrence Klein
975,485,Robert Solow,James Tobin
975,320,Robert Solow,George Stigler
975,364,Robert Solow,Gérard Debreu
975,939,Robert Solow,Richard Stone
975,281,Robert Solow,Franco Modigliani
975,479,Robert Solow,James M. Buchanan
975,749,Robert Solow,Maurice Allais
975,1092,Robert Solow,Trygve Haavelmo
975,383,Robert Solow,Harry Markowitz
975,759,Robert Solow,Merton Miller
975,977,Robert Solow,Ronald Coase
975,326,Robert Solow,Gary Becker
975,957,Robert Solow,Robert Fogel
975,221,Robert Solow,Douglass North
975,476,Robert Solow,James Mirrlees
975,1191,Robert Solow,William Vickrey
975,805,Robert Solow,Myron Scholes
975,54,Robert Solow,Amartya Sen
975,962,Robert Solow,Robert Mundell
975,472,Robert Solow,James Heckman
975,760,Robert Solow,Michael Spence
975,954,Robert Solow,Robert F. Engle
975,194,Robert Solow,Clive Granger
975,273,Robert Solow,Finn E. Kydland
975,882,Robert Solow,Peter A. Diamond
975,172,Robert Solow,Christopher A. Pissarides
975,1068,Robert Solow,Thomas J. Sargent
975,174,Robert Solow,Christopher A. Sims
975,507,Robert Solow,Jean Tirole
975,101,Robert Solow,Bengt Holmström
975,941,Robert Solow,Richard Thaler
975,262,Robert Solow,Esther Duflo
975,580,Robert Solow,Joshua Angrist
975,209,Robert Solow,David Card
975,86,Robert Solow,Anthony Fauci
975,1142,Robert Solow,Vannevar Bush
975,653,Robert Solow,Lawrence Summers
975,196,Robert Solow,Daron Acemoğlu
976,298,Robert R. Redfield,Donald Trump
976,86,Robert R. Redfield,Anthony Fauci
976,213,Robert R. Redfield,Deborah Birx
976,811,Robert R. Redfield,Mã Hiểu Vĩ
976,702,Robert R. Redfield,Lý Khắc Cường
977,1062,Ronald Coase,Theodore Schultz
977,320,Ronald Coase,George Stigler
977,794,Ronald Coase,Milton Friedman
977,221,Ronald Coase,Douglass North
977,957,Ronald Coase,Robert Fogel
977,326,Ronald Coase,Gary Becker
977,472,Ronald Coase,James Heckman
977,479,Ronald Coase,James M. Buchanan
977,383,Ronald Coase,Harry Markowitz
977,805,Ronald Coase,Myron Scholes
977,759,Ronald Coase,Merton Miller
977,883,Ronald Coase,Paul Samuelson
977,1021,Ronald Coase,Simon Kuznets
977,551,Ronald Coase,John Hicks
977,621,Ronald Coase,Kenneth Arrow
977,295,Ronald Coase,Friedrich Hayek
977,112,Ronald Coase,Bertil Ohlin
977,494,Ronald Coase,James Meade
977,655,Ronald Coase,Lawrence Klein
977,485,Ronald Coase,James Tobin
977,364,Ronald Coase,Gérard Debreu
977,939,Ronald Coase,Richard Stone
977,281,Ronald Coase,Franco Modigliani
977,975,Ronald Coase,Robert Solow
977,749,Ronald Coase,Maurice Allais
977,1092,Ronald Coase,Trygve Haavelmo
977,956,Ronald Coase,"Robert Lucas, Jr."
977,476,Ronald Coase,James Mirrlees
977,1191,Ronald Coase,William Vickrey
977,54,Ronald Coase,Amartya Sen
977,962,Ronald Coase,Robert Mundell
977,310,Ronald Coase,George Akerlof
977,760,Ronald Coase,Michael Spence
977,587,Ronald Coase,Joseph Stiglitz
977,954,Ronald Coase,Robert F. Engle
977,194,Ronald Coase,Clive Granger
977,273,Ronald Coase,Finn E. Kydland
977,882,Ronald Coase,Peter A. Diamond
977,172,Ronald Coase,Christopher A. Pissarides
977,1068,Ronald Coase,Thomas J. Sargent
977,174,Ronald Coase,Christopher A. Sims
977,507,Ronald Coase,Jean Tirole
977,101,Ronald Coase,Bengt Holmström
977,941,Ronald Coase,Richard Thaler
977,262,Ronald Coase,Esther Duflo
977,580,Ronald Coase,Joshua Angrist
977,209,Ronald Coase,David Card
978,754,Rudy Giuliani,Michael Bloomberg
978,1036,Rudy Giuliani,Ronald Reagan
978,47,Rudy Giuliani,Andrew Giuliani
979,948,Ron DeSantis,Rick Scott
979,1232,Ron DeSantis,Đại học Yale
979,1230,Ron DeSantis,Đại học Harvard
979,156,Ron DeSantis,Barack Obama
979,729,Ron DeSantis,Marco Rubio
979,565,Ron DeSantis,Joe Biden
979,133,Ron DeSantis,Benjamin Netanyahu
979,773,Ron DeSantis,Mike Pence
979,298,Ron DeSantis,Donald Trump
979,513,Ron DeSantis,Jeb Bush
979,831,Ron DeSantis,Ned Lamont
979,505,Ron DeSantis,Janet Mills
979,173,Ron DeSantis,Charlie Baker
979,183,Ron DeSantis,Chris Sununu
979,913,Ron DeSantis,Phil Murphy
979,50,Ron DeSantis,Andrew Cuomo
979,1107,Ron DeSantis,Tom Wolf
979,202,Ron DeSantis,Daniel McKee
979,898,Ron DeSantis,Phil Scott
979,480,Ron DeSantis,J. B. Pritzker
979,258,Ron DeSantis,Eric Holcomb
979,636,Ron DeSantis,Kim Reynolds
979,673,Ron DeSantis,Laura Kelly
979,367,Ron DeSantis,Gretchen Whitmer
979,1089,Ron DeSantis,Tim Walz
979,903,Ron DeSantis,Pete Ricketts
979,220,Ron DeSantis,Doug Burgum
979,812,Ron DeSantis,Mike DeWine
979,642,Ron DeSantis,Kristi Noem
979,1091,Ron DeSantis,Tony Evers
979,614,Ron DeSantis,Kay Ivey
979,91,Ron DeSantis,Asa Hutchinson
979,554,Ron DeSantis,John Carney
979,142,Ron DeSantis,Brian Kemp
979,60,Ron DeSantis,Andy Beshear
979,536,Ron DeSantis,John Bel Edwards
979,650,Ron DeSantis,Larry Hogan
979,1061,Ron DeSantis,Tate Reeves
979,1008,Ron DeSantis,Roy Cooper
979,624,Ron DeSantis,Kevin Stitt
979,404,Ron DeSantis,Henry McMaster
979,124,Ron DeSantis,Bill Lee
979,365,Ron DeSantis,Greg Abbott
979,946,Ron DeSantis,Ralph Northam
979,534,Ron DeSantis,Jim Justice
979,779,Ron DeSantis,Mike Dunleavy
979,242,Ron DeSantis,Doug Ducey
979,331,Ron DeSantis,Gavin Newsom
979,502,Ron DeSantis,Jared Polis
979,208,Ron DeSantis,David Ige
979,140,Ron DeSantis,Brad Little
979,388,Ron DeSantis,Greg Gianforte
979,1060,Ron DeSantis,Steve Sisolak
979,787,Ron DeSantis,Michelle Lujan Grisham
979,612,Ron DeSantis,Kate Brown
979,1030,Ron DeSantis,Spencer Cox
979,506,Ron DeSantis,Jay Inslee
979,736,Ron DeSantis,Mark Gordon (chính trị gia)
979,540,Ron DeSantis,Jerome Adams
979,213,Ron DeSantis,Deborah Birx
979,86,Ron DeSantis,Anthony Fauci
979,139,Ron DeSantis,Brett Giroir
979,888,Ron DeSantis,Peter Navarro
979,976,Ron DeSantis,Robert R. Redfield
980,389,Roscoe H. Hillenkoetter,Harry S. Truman
982,935,Rumen Radev,Reuven Rivlin
982,325,Rumen Radev,Georgi Parvanov
983,996,Ruhollah Khomeini,Salman Rushdie
983,548,Ruhollah Khomeini,Jimmy Carter
983,76,Ruhollah Khomeini,Anwar Al-Sadad
983,1235,Ruhollah Khomeini,Đặng Tiểu Bình
983,1036,Ruhollah Khomeini,Ronald Reagan
983,198,Ruhollah Khomeini,Corazon Aquino
983,803,Ruhollah Khomeini,Mikhail Sergeyevich Gorbachyov
983,319,Ruhollah Khomeini,George H. W. Bush
983,119,Ruhollah Khomeini,Bill Clinton
983,837,Ruhollah Khomeini,Nelson Mandela
983,824,Ruhollah Khomeini,Newt Gingrich
983,515,Ruhollah Khomeini,Jeff Bezos
983,330,Ruhollah Khomeini,George W. Bush
984,119,Ruth Bader Ginsburg,Bill Clinton
984,43,Ruth Bader Ginsburg,Amy Coney Barrett
984,548,Ruth Bader Ginsburg,Jimmy Carter
985,406,Sabine Bergmann-Pohl,Helmut Kohl
985,944,Sabine Bergmann-Pohl,Richard von Weizsäcker
987,616,Saif al-Islam Gaddafi,Khamis Gaddafi
987,810,Saif al-Islam Gaddafi,Mustafa Abdul Jalil
988,298,Sam Brownback,Donald Trump
988,673,Sam Brownback,Laura Kelly
989,156,Sam Nunn,Barack Obama
990,1175,Sam Lansky,Taylor Swift
991,462,Saionji Kinmochi,Itō Hirobumi
991,375,Saionji Kinmochi,Hara Takashi
991,611,Saionji Kinmochi,Katō Tomosaburō
991,609,Saionji Kinmochi,Katō Takaaki
991,1163,Saionji Kinmochi,Wakatsuki Reijirō
991,1050,Saionji Kinmochi,Tanaka Giichi
991,441,Saionji Kinmochi,Inukai Tsuyoshi
991,992,Saionji Kinmochi,Saitō Makoto
991,352,Saionji Kinmochi,Gotō Fumio
991,410,Saionji Kinmochi,Hiranuma Kiichirō
991,4,Saionji Kinmochi,Abe Nobuyuki
991,447,Saionji Kinmochi,Itō Masayoshi
991,796,Saionji Kinmochi,Mori Yoshirō
991,19,Saionji Kinmochi,Abe Shinzō
991,303,Saionji Kinmochi,Fukuda Yasuo
991,90,Saionji Kinmochi,Asō Tarō
991,390,Saionji Kinmochi,Hatoyama Yukio
991,601,Saionji Kinmochi,Kan Naoto
991,841,Saionji Kinmochi,Noda Yoshihiko
991,1058,Saionji Kinmochi,Suga Yoshihide
991,639,Saionji Kinmochi,Kishida Fumio
991,459,Saionji Kinmochi,Ishiba Shigeru
991,1057,Saionji Kinmochi,Takaichi Sanae
992,462,Saitō Makoto,Itō Hirobumi
992,991,Saitō Makoto,Saionji Kinmochi
992,375,Saitō Makoto,Hara Takashi
992,611,Saitō Makoto,Katō Tomosaburō
992,609,Saitō Makoto,Katō Takaaki
992,1163,Saitō Makoto,Wakatsuki Reijirō
992,1050,Saitō Makoto,Tanaka Giichi
992,441,Saitō Makoto,Inukai Tsuyoshi
992,352,Saitō Makoto,Gotō Fumio
992,410,Saitō Makoto,Hiranuma Kiichirō
992,4,Saitō Makoto,Abe Nobuyuki
992,447,Saitō Makoto,Itō Masayoshi
992,796,Saitō Makoto,Mori Yoshirō
992,19,Saitō Makoto,Abe Shinzō
992,303,Saitō Makoto,Fukuda Yasuo
992,90,Saitō Makoto,Asō Tarō
992,390,Saitō Makoto,Hatoyama Yukio
992,601,Saitō Makoto,Kan Naoto
992,841,Saitō Makoto,Noda Yoshihiko
992,1058,Saitō Makoto,Suga Yoshihide
992,639,Saitō Makoto,Kishida Fumio
992,459,Saitō Makoto,Ishiba Shigeru
992,1057,Saitō Makoto,Takaichi Sanae
993,1179,Rutherford B. Hayes,William A. Wheeler
993,1127,Rutherford B. Hayes,Ulysses S. Grant
993,470,Rutherford B. Hayes,James A. Garfield
993,666,Rutherford B. Hayes,Lucy Webb Hayes
993,539,Rutherford B. Hayes,John Adams
993,1083,Rutherford B. Hayes,Thomas Jefferson
993,483,Rutherford B. Hayes,James Madison
993,482,Rutherford B. Hayes,James Monroe
993,562,Rutherford B. Hayes,John Quincy Adams
993,1190,Rutherford B. Hayes,William Henry Harrison
993,568,Rutherford B. Hayes,John Tyler
993,473,Rutherford B. Hayes,James K. Polk
993,286,Rutherford B. Hayes,Franklin Pierce
993,469,Rutherford B. Hayes,James Buchanan
993,170,Rutherford B. Hayes,Chester A. Arthur
993,108,Rutherford B. Hayes,Benjamin Harrison
993,1206,Rutherford B. Hayes,William McKinley
993,1080,Rutherford B. Hayes,Theodore Roosevelt
993,1189,Rutherford B. Hayes,William Howard Taft
993,1201,Rutherford B. Hayes,Woodrow Wilson
993,1170,Rutherford B. Hayes,Warren G. Harding
993,143,Rutherford B. Hayes,Calvin Coolidge
993,405,Rutherford B. Hayes,Herbert Hoover
993,292,Rutherford B. Hayes,Franklin D. Roosevelt
993,389,Rutherford B. Hayes,Harry S. Truman
993,228,Rutherford B. Hayes,Dwight D. Eisenhower
993,549,Rutherford B. Hayes,John F. Kennedy
993,688,Rutherford B. Hayes,Lyndon B. Johnson
993,968,Rutherford B. Hayes,Richard Nixon
993,340,Rutherford B. Hayes,Gerald Ford
993,548,Rutherford B. Hayes,Jimmy Carter
993,1036,Rutherford B. Hayes,Ronald Reagan
993,319,Rutherford B. Hayes,George H. W. Bush
993,119,Rutherford B. Hayes,Bill Clinton
993,330,Rutherford B. Hayes,George W. Bush
993,156,Rutherford B. Hayes,Barack Obama
993,298,Rutherford B. Hayes,Donald Trump
993,565,Rutherford B. Hayes,Joe Biden
993,123,Rutherford B. Hayes,Bob Taft
993,552,Rutherford B. Hayes,John Kasich
993,812,Rutherford B. Hayes,Mike DeWine
994,353,Sadiq Khan,Gordon Brown
995,1040,Samak Sundaravej,Surayud Chulanont
995,1016,Samak Sundaravej,Somchai Wongsawat
995,1009,Samak Sundaravej,Seni Pramoj
995,12,Samak Sundaravej,Abhisit Vejjajiva
995,637,Samak Sundaravej,Kukrit Pramoj
995,910,Samak Sundaravej,Prem Tinsulanonda
995,185,Samak Sundaravej,Chuan Leekpai
995,1067,Samak Sundaravej,Thaksin Shinawatra
995,162,Samak Sundaravej,Chavarat Charnvirakul
995,1220,Samak Sundaravej,Yingluck Shinawatra
995,838,Samak Sundaravej,Niwatthamrong Boonsongpaisan
995,916,Samak Sundaravej,Prayut Chan-o-cha
995,907,Samak Sundaravej,Prawit Wongsuwan
995,1031,Samak Sundaravej,Srettha Thavisin
995,900,Samak Sundaravej,Phumtham Wechayachai
995,873,Samak Sundaravej,Paetongtarn Shinawatra
995,84,Samak Sundaravej,Anutin Charnvirakul
996,983,Salman Rushdie,Ruhollah Khomeini
997,539,Samuel Dexter,John Adams
997,1083,Samuel Dexter,Thomas Jefferson
997,1230,Samuel Dexter,Đại học Harvard
997,858,Samuel Dexter,Oliver Wolcott Jr.
997,34,Samuel Dexter,Albert Gallatin
998,497,Sarvepalli Radhakrishnan,Jawaharlal Nehru
998,360,Sarvepalli Radhakrishnan,Gulzarilal Nanda
998,448,Sarvepalli Radhakrishnan,Indira Gandhi
998,925,Sarvepalli Radhakrishnan,Rajendra Prasad
998,1218,Sarvepalli Radhakrishnan,Zakir Husain (chính trị gia)
998,1129,Sarvepalli Radhakrishnan,V. V. Giri
998,789,Sarvepalli Radhakrishnan,Mohammad Hidayatullah
998,266,Sarvepalli Radhakrishnan,Fakhruddin Ali Ahmed
998,93,Sarvepalli Radhakrishnan,B. D. Jatti
998,818,Sarvepalli Radhakrishnan,Neelam Sanjiva Reddy
998,1209,Sarvepalli Radhakrishnan,Zail Singh
998,917,Sarvepalli Radhakrishnan,R. Venkataraman
998,1013,Sarvepalli Radhakrishnan,Shankar Dayal Sharma
998,596,Sarvepalli Radhakrishnan,K. R. Narayanan
998,6,Sarvepalli Radhakrishnan,A. P. J. Abdul Kalam
998,908,Sarvepalli Radhakrishnan,Pratibha Patil
998,909,Sarvepalli Radhakrishnan,Pranab Mukherjee
998,926,Sarvepalli Radhakrishnan,Ram Nath Kovind
998,223,Sarvepalli Radhakrishnan,Droupadi Murmu
999,594,Sauli Niinistö,Jyrki Katainen
999,35,Sauli Niinistö,Alexander Stubb
999,599,Sauli Niinistö,Juha Sipilä
999,1004,Sauli Niinistö,Sanna Marin
999,1051,Sauli Niinistö,Tarja Halonen
999,865,Sauli Niinistö,Paavo Lipponen
999,59,Sauli Niinistö,Anneli Jäätteenmäki
999,885,Sauli Niinistö,Pehr Evind Svinhufvud
999,593,Sauli Niinistö,Juho Kusti Paasikivi
999,1122,Sauli Niinistö,Urho Kekkonen
999,742,Sauli Niinistö,Martti Ahtisaari
1000,337,Sandro Pertini,Giulio Andreotti
1000,272,Sandro Pertini,Francesco Cossiga
1000,77,Sandro Pertini,Arnaldo Forlani
1000,334,Sandro Pertini,Giovanni Spadolini
1000,113,Sandro Pertini,Bettino Craxi
1000,251,Sandro Pertini,Enrico De Nicola
1000,672,Sandro Pertini,Luigi Einaudi
1000,344,Sandro Pertini,Giuseppe Saragat
1000,333,Sandro Pertini,Giorgio Napolitano
1000,1012,Sandro Pertini,Sergio Mattarella
1001,1091,Scott Walker (chính khách),Tony Evers
1002,836,Sellapan Ramanathan,Ngô Tác Đống
1002,695,Sellapan Ramanathan,Lý Hiển Long
1002,1100,Sellapan Ramanathan,Trần Khánh Viêm
1002,374,Sellapan Ramanathan,Halimah Yacob
1003,717,Scott Morrison,Malcolm Turnbull
1003,63,Scott Morrison,Anthony Albanese
1003,1084,Scott Morrison,Tony Abbott
1003,235,Scott Morrison,Edmund Barton
1003,44,Scott Morrison,Alfred Deakin
1003,318,Scott Morrison,George Reid (chính khách Úc)
1003,52,Scott Morrison,Andrew Fisher
1003,1032,Scott Morrison,Stanley Bruce
1003,236,Scott Morrison,Earle Page
1003,960,Scott Morrison,Robert Menzies
1003,282,Scott Morrison,Frank Forde
1003,377,Scott Morrison,Harold Holt
1003,559,Scott Morrison,John McEwen
1003,543,Scott Morrison,John Gorton
1003,1184,Scott Morrison,William McMahon
1003,348,Scott Morrison,Gough Whitlam
1003,714,Scott Morrison,Malcolm Fraser
1003,120,Scott Morrison,Bob Hawke
1003,547,Scott Morrison,John Howard
1003,620,Scott Morrison,Kevin Rudd
1003,597,Scott Morrison,Julia Gillard
1004,59,Sanna Marin,Anneli Jäätteenmäki
1004,725,Sanna Marin,Mari Kiviniemi
1004,918,Sanna Marin,Rafael Erich
1004,69,Sanna Marin,Antti Tulenheimo
1004,885,Sanna Marin,Pehr Evind Svinhufvud
1004,527,Sanna Marin,Johan Wilhelm Rangell
1004,233,Sanna Marin,Edwin Linkomies
1004,593,Sanna Marin,Juho Kusti Paasikivi
1004,1122,Sanna Marin,Urho Kekkonen
1004,1054,Sanna Marin,Teuvo Aura
1004,608,Sanna Marin,Keijo Liinamaa
1004,382,Sanna Marin,Harri Holkeri
1004,865,Sanna Marin,Paavo Lipponen
1004,744,Sanna Marin,Matti Vanhanen
1004,594,Sanna Marin,Jyrki Katainen
1004,35,Sanna Marin,Alexander Stubb
1004,599,Sanna Marin,Juha Sipilä
1004,159,Sanna Marin,Charles Michel
1004,603,Sanna Marin,Karl Nehammer
1004,48,Sanna Marin,Andrej Babiš
1004,757,Sanna Marin,Mette Frederiksen
1004,598,Sanna Marin,Kaja Kallas
1004,267,Sanna Marin,Emmanuel Macron
1004,862,Sanna Marin,Olaf Scholz
1004,648,Sanna Marin,Kyriakos Mitsotakis
1004,766,Sanna Marin,Micheál Martin
1004,264,Sanna Marin,Evika Siliņa
1004,338,Sanna Marin,Gitanas Nausėda
1004,1199,Sanna Marin,Xavier Bettel
1004,953,Sanna Marin,Robert Abela
1004,741,Sanna Marin,Mark Rutte
1004,219,Sanna Marin,Donald Tusk
1004,72,Sanna Marin,António Costa
1004,626,Sanna Marin,Klaus Iohannis
1004,496,Sanna Marin,Janez Janša
1004,887,Sanna Marin,Pedro Sánchez
1004,708,Sanna Marin,Magdalena Andersson
1005,121,Satya Nadella,Bill Gates
1006,588,Sergio Osmeña,José P. Laurel
1006,718,Sergio Osmeña,Manuel Roxas
1006,721,Sergio Osmeña,Manuel L. Quezon
1006,244,Sergio Osmeña,Elpidio Quirino
1006,252,Sergio Osmeña,Emilio Aguinaldo
1006,932,Sergio Osmeña,Ramon Magsaysay
1006,150,Sergio Osmeña,Carlos Polistico García
1006,214,Sergio Osmeña,Diosdado Macapagal
1006,271,Sergio Osmeña,Ferdinand Marcos
1006,198,Sergio Osmeña,Corazon Aquino
1006,277,Sergio Osmeña,Fidel Ramos
1006,574,Sergio Osmeña,Joseph Estrada
1006,349,Sergio Osmeña,Gloria Macapagal Arroyo
1006,104,Sergio Osmeña,Benigno Aquino III
1006,966,Sergio Osmeña,Rodrigo Duterte
1007,38,Sebastian Kurz,Alexander Van der Bellen
1007,130,Sebastian Kurz,Brigitte Bierlein
1007,168,Sebastian Kurz,Christian Kern
1007,387,Sebastian Kurz,Hartwig Löger
1007,1176,Sebastian Kurz,Werner Faymann
1007,284,Sebastian Kurz,Frank-Walter Steinmeier
1007,517,Sebastian Kurz,Jean-Claude Juncker
1007,816,Sebastian Kurz,Narendra Modi
1007,33,Sebastian Kurz,Alexander Schallenberg
1007,603,Sebastian Kurz,Karl Nehammer
1008,94,Roy Cooper,Beau Biden
1008,565,Roy Cooper,Joe Biden
1008,298,Roy Cooper,Donald Trump
1008,831,Roy Cooper,Ned Lamont
1008,505,Roy Cooper,Janet Mills
1008,173,Roy Cooper,Charlie Baker
1008,183,Roy Cooper,Chris Sununu
1008,913,Roy Cooper,Phil Murphy
1008,50,Roy Cooper,Andrew Cuomo
1008,1107,Roy Cooper,Tom Wolf
1008,202,Roy Cooper,Daniel McKee
1008,898,Roy Cooper,Phil Scott
1008,480,Roy Cooper,J. B. Pritzker
1008,258,Roy Cooper,Eric Holcomb
1008,636,Roy Cooper,Kim Reynolds
1008,673,Roy Cooper,Laura Kelly
1008,367,Roy Cooper,Gretchen Whitmer
1008,1089,Roy Cooper,Tim Walz
1008,903,Roy Cooper,Pete Ricketts
1008,220,Roy Cooper,Doug Burgum
1008,812,Roy Cooper,Mike DeWine
1008,642,Roy Cooper,Kristi Noem
1008,1091,Roy Cooper,Tony Evers
1008,614,Roy Cooper,Kay Ivey
1008,91,Roy Cooper,Asa Hutchinson
1008,554,Roy Cooper,John Carney
1008,979,Roy Cooper,Ron DeSantis
1008,142,Roy Cooper,Brian Kemp
1008,60,Roy Cooper,Andy Beshear
1008,536,Roy Cooper,John Bel Edwards
1008,650,Roy Cooper,Larry Hogan
1008,1061,Roy Cooper,Tate Reeves
1008,624,Roy Cooper,Kevin Stitt
1008,404,Roy Cooper,Henry McMaster
1008,124,Roy Cooper,Bill Lee
1008,365,Roy Cooper,Greg Abbott
1008,946,Roy Cooper,Ralph Northam
1008,534,Roy Cooper,Jim Justice
1008,779,Roy Cooper,Mike Dunleavy
1008,242,Roy Cooper,Doug Ducey
1008,331,Roy Cooper,Gavin Newsom
1008,502,Roy Cooper,Jared Polis
1008,208,Roy Cooper,David Ige
1008,140,Roy Cooper,Brad Little
1008,388,Roy Cooper,Greg Gianforte
1008,1060,Roy Cooper,Steve Sisolak
1008,787,Roy Cooper,Michelle Lujan Grisham
1008,612,Roy Cooper,Kate Brown
1008,1030,Roy Cooper,Spencer Cox
1008,506,Roy Cooper,Jay Inslee
1008,736,Roy Cooper,Mark Gordon (chính trị gia)
1008,540,Roy Cooper,Jerome Adams
1008,213,Roy Cooper,Deborah Birx
1008,86,Roy Cooper,Anthony Fauci
1008,139,Roy Cooper,Brett Giroir
1008,888,Roy Cooper,Peter Navarro
1008,773,Roy Cooper,Mike Pence
1008,976,Roy Cooper,Robert R. Redfield
1009,637,Seni Pramoj,Kukrit Pramoj
1009,910,Seni Pramoj,Prem Tinsulanonda
1009,185,Seni Pramoj,Chuan Leekpai
1009,1067,Seni Pramoj,Thaksin Shinawatra
1009,1040,Seni Pramoj,Surayud Chulanont
1009,995,Seni Pramoj,Samak Sundaravej
1009,1016,Seni Pramoj,Somchai Wongsawat
1009,162,Seni Pramoj,Chavarat Charnvirakul
1009,12,Seni Pramoj,Abhisit Vejjajiva
1009,1220,Seni Pramoj,Yingluck Shinawatra
1009,838,Seni Pramoj,Niwatthamrong Boonsongpaisan
1009,916,Seni Pramoj,Prayut Chan-o-cha
1009,907,Seni Pramoj,Prawit Wongsuwan
1009,1031,Seni Pramoj,Srettha Thavisin
1009,900,Seni Pramoj,Phumtham Wechayachai
1009,873,Seni Pramoj,Paetongtarn Shinawatra
1009,84,Seni Pramoj,Anutin Charnvirakul
1010,591,Sarah Palin,John McCain
1010,211,Sarah Palin,Dick Cheney
1010,875,Sarah Palin,Paul Ryan
1010,779,Sarah Palin,Mike Dunleavy
1011,437,Satō Eisaku,Ikeda Hayato
1011,781,Satō Eisaku,Miki Takeo
1011,625,Satō Eisaku,Kishi Nobusuke
1011,1214,Satō Eisaku,Yoshida Shigeru
1011,19,Satō Eisaku,Abe Shinzō
1011,549,Satō Eisaku,John F. Kennedy
1011,604,Satō Eisaku,Katayama Tetsu
1011,968,Satō Eisaku,Richard Nixon
1011,306,Satō Eisaku,Fukuda Takeo
1011,688,Satō Eisaku,Lyndon B. Johnson
1011,271,Satō Eisaku,Ferdinand Marcos
1011,641,Satō Eisaku,Kōno Yōhei
1011,199,Satō Eisaku,Chu Ân Lai
1011,1055,Satō Eisaku,Takeshita Noboru
1011,1080,Satō Eisaku,Theodore Roosevelt
1011,1201,Satō Eisaku,Woodrow Wilson
1011,153,Satō Eisaku,Charles G. Dawes
1011,321,Satō Eisaku,George Marshall
1011,895,Satō Eisaku,Philip Noel-Baker
1011,191,Satō Eisaku,Dag Hammarskjöld
1011,408,Satō Eisaku,Henry Kissinger
1011,76,Satō Eisaku,Anwar Al-Sadad
1011,758,Satō Eisaku,Menachem Begin
1011,1222,Satō Eisaku,Óscar Arias
1011,803,Satō Eisaku,Mikhail Sergeyevich Gorbachyov
1011,103,Satō Eisaku,Aung San Suu Kyi
1011,837,Satō Eisaku,Nelson Mandela
1011,1024,Satō Eisaku,Shimon Peres
1011,631,Satō Eisaku,Kim Dae-jung
1011,627,Satō Eisaku,Kofi Annan
1011,548,Satō Eisaku,Jimmy Carter
1011,786,Satō Eisaku,Mohamed ElBaradei
1011,806,Satō Eisaku,Muhammad Yunus
1011,742,Satō Eisaku,Martti Ahtisaari
1011,156,Satō Eisaku,Barack Obama
1011,243,Satō Eisaku,Ellen Johnson Sirleaf
1011,716,Satō Eisaku,Malala Yousafzai
1011,595,Satō Eisaku,Juan Manuel Santos
1011,3,Satō Eisaku,Abiy Ahmed
1011,738,Satō Eisaku,Maria Ressa
1011,462,Satō Eisaku,Itō Hirobumi
1011,991,Satō Eisaku,Saionji Kinmochi
1011,375,Satō Eisaku,Hara Takashi
1011,611,Satō Eisaku,Katō Tomosaburō
1011,609,Satō Eisaku,Katō Takaaki
1011,1163,Satō Eisaku,Wakatsuki Reijirō
1011,1050,Satō Eisaku,Tanaka Giichi
1011,441,Satō Eisaku,Inukai Tsuyoshi
1011,992,Satō Eisaku,Saitō Makoto
1011,352,Satō Eisaku,Gotō Fumio
1011,410,Satō Eisaku,Hiranuma Kiichirō
1011,4,Satō Eisaku,Abe Nobuyuki
1011,447,Satō Eisaku,Itō Masayoshi
1011,796,Satō Eisaku,Mori Yoshirō
1011,303,Satō Eisaku,Fukuda Yasuo
1011,90,Satō Eisaku,Asō Tarō
1011,390,Satō Eisaku,Hatoyama Yukio
1011,601,Satō Eisaku,Kan Naoto
1011,841,Satō Eisaku,Noda Yoshihiko
1011,1058,Satō Eisaku,Suga Yoshihide
1011,639,Satō Eisaku,Kishida Fumio
1011,459,Satō Eisaku,Ishiba Shigeru
1011,1057,Satō Eisaku,Takaichi Sanae
1012,752,Sergio Mattarella,Matteo Renzi
1012,870,Sergio Mattarella,Paolo Gentiloni
1012,347,Sergio Mattarella,Giuseppe Conte
1012,739,Sergio Mattarella,Mario Draghi
1012,333,Sergio Mattarella,Giorgio Napolitano
1012,336,Sergio Mattarella,Giuliano Amato
1012,337,Sergio Mattarella,Giulio Andreotti
1012,182,Sergio Mattarella,Ciriaco De Mita
1012,29,Sergio Mattarella,Alcide De Gasperi
1012,251,Sergio Mattarella,Enrico De Nicola
1012,672,Sergio Mattarella,Luigi Einaudi
1012,344,Sergio Mattarella,Giuseppe Saragat
1012,1000,Sergio Mattarella,Sandro Pertini
1012,272,Sergio Mattarella,Francesco Cossiga
1013,861,Shankar Dayal Sharma,P. V. Narasimha Rao
1013,82,Shankar Dayal Sharma,Atal Bihari Vajpayee
1013,428,Shankar Dayal Sharma,I. K. Gujral
1013,596,Shankar Dayal Sharma,K. R. Narayanan
1013,917,Shankar Dayal Sharma,R. Venkataraman
1013,923,Shankar Dayal Sharma,Rajiv Gandhi
1013,1131,Shankar Dayal Sharma,V. P. Singh
1013,1234,Shankar Dayal Sharma,Đại học Cambridge
1013,1230,Shankar Dayal Sharma,Đại học Harvard
1013,925,Shankar Dayal Sharma,Rajendra Prasad
1013,998,Shankar Dayal Sharma,Sarvepalli Radhakrishnan
1013,1218,Shankar Dayal Sharma,Zakir Husain (chính trị gia)
1013,1129,Shankar Dayal Sharma,V. V. Giri
1013,789,Shankar Dayal Sharma,Mohammad Hidayatullah
1013,266,Shankar Dayal Sharma,Fakhruddin Ali Ahmed
1013,93,Shankar Dayal Sharma,B. D. Jatti
1013,818,Shankar Dayal Sharma,Neelam Sanjiva Reddy
1013,1209,Shankar Dayal Sharma,Zail Singh
1013,6,Shankar Dayal Sharma,A. P. J. Abdul Kalam
1013,908,Shankar Dayal Sharma,Pratibha Patil
1013,909,Shankar Dayal Sharma,Pranab Mukherjee
1013,926,Shankar Dayal Sharma,Ram Nath Kovind
1013,223,Shankar Dayal Sharma,Droupadi Murmu
1014,446,Shehbaz Sharif,Imran Khan
1014,664,Shehbaz Sharif,Liaquat Ali Khan
1014,1225,Shehbaz Sharif,Zulfikar Ali Bhutto
1014,799,Shehbaz Sharif,Muhammad Mian Soomro
1014,1202,Shehbaz Sharif,Yousaf Raza Gillani
1015,806,Sheikh Hasina,Muhammad Yunus
1016,995,Somchai Wongsawat,Samak Sundaravej
1016,162,Somchai Wongsawat,Chavarat Charnvirakul
1016,907,Somchai Wongsawat,Prawit Wongsuwan
1016,1067,Somchai Wongsawat,Thaksin Shinawatra
1016,1009,Somchai Wongsawat,Seni Pramoj
1016,637,Somchai Wongsawat,Kukrit Pramoj
1016,910,Somchai Wongsawat,Prem Tinsulanonda
1016,185,Somchai Wongsawat,Chuan Leekpai
1016,1040,Somchai Wongsawat,Surayud Chulanont
1016,12,Somchai Wongsawat,Abhisit Vejjajiva
1016,1220,Somchai Wongsawat,Yingluck Shinawatra
1016,838,Somchai Wongsawat,Niwatthamrong Boonsongpaisan
1016,916,Somchai Wongsawat,Prayut Chan-o-cha
1016,1031,Somchai Wongsawat,Srettha Thavisin
1016,900,Somchai Wongsawat,Phumtham Wechayachai
1016,873,Somchai Wongsawat,Paetongtarn Shinawatra
1016,84,Somchai Wongsawat,Anutin Charnvirakul
1017,639,Shindō Yoshitaka,Kishida Fumio
1017,19,Shindō Yoshitaka,Abe Shinzō
1017,1057,Shindō Yoshitaka,Takaichi Sanae
1018,1230,Sheryl Sandberg,Đại học Harvard
1018,653,Sheryl Sandberg,Lawrence Summers
1018,119,Sheryl Sandberg,Bill Clinton
1018,743,Sheryl Sandberg,Mark Zuckerberg
1018,777,Sheryl Sandberg,Michelle Obama
1018,892,Sheryl Sandberg,Peter Thiel
1020,377,Simon Rattle,Harold Holt
1020,366,Simon Rattle,Gustav Mahler
1021,1230,Simon Kuznets,Đại học Harvard
1021,957,Simon Kuznets,Robert Fogel
1021,794,Simon Kuznets,Milton Friedman
1021,883,Simon Kuznets,Paul Samuelson
1021,551,Simon Kuznets,John Hicks
1021,621,Simon Kuznets,Kenneth Arrow
1021,295,Simon Kuznets,Friedrich Hayek
1021,112,Simon Kuznets,Bertil Ohlin
1021,494,Simon Kuznets,James Meade
1021,1062,Simon Kuznets,Theodore Schultz
1021,655,Simon Kuznets,Lawrence Klein
1021,485,Simon Kuznets,James Tobin
1021,320,Simon Kuznets,George Stigler
1021,364,Simon Kuznets,Gérard Debreu
1021,939,Simon Kuznets,Richard Stone
1021,281,Simon Kuznets,Franco Modigliani
1021,479,Simon Kuznets,James M. Buchanan
1021,975,Simon Kuznets,Robert Solow
1021,749,Simon Kuznets,Maurice Allais
1021,1092,Simon Kuznets,Trygve Haavelmo
1021,383,Simon Kuznets,Harry Markowitz
1021,759,Simon Kuznets,Merton Miller
1021,977,Simon Kuznets,Ronald Coase
1021,326,Simon Kuznets,Gary Becker
1021,221,Simon Kuznets,Douglass North
1021,956,Simon Kuznets,"Robert Lucas, Jr."
1021,476,Simon Kuznets,James Mirrlees
1021,1191,Simon Kuznets,William Vickrey
1021,805,Simon Kuznets,Myron Scholes
1021,54,Simon Kuznets,Amartya Sen
1021,962,Simon Kuznets,Robert Mundell
1021,472,Simon Kuznets,James Heckman
1021,310,Simon Kuznets,George Akerlof
1021,760,Simon Kuznets,Michael Spence
1021,587,Simon Kuznets,Joseph Stiglitz
1021,954,Simon Kuznets,Robert F. Engle
1021,194,Simon Kuznets,Clive Granger
1021,273,Simon Kuznets,Finn E. Kydland
1021,882,Simon Kuznets,Peter A. Diamond
1021,172,Simon Kuznets,Christopher A. Pissarides
1021,1068,Simon Kuznets,Thomas J. Sargent
1021,174,Simon Kuznets,Christopher A. Sims
1021,507,Simon Kuznets,Jean Tirole
1021,101,Simon Kuznets,Bengt Holmström
1021,941,Simon Kuznets,Richard Thaler
1021,262,Simon Kuznets,Esther Duflo
1021,580,Simon Kuznets,Joshua Angrist
1021,209,Simon Kuznets,David Card
1022,68,Sigmar Gabriel,Angela Merkel
1022,284,Sigmar Gabriel,Frank-Walter Steinmeier
1022,905,Sigmar Gabriel,Philipp Rösler
1022,862,Sigmar Gabriel,Olaf Scholz
1022,165,Sigmar Gabriel,Christian Wulff
1022,298,Sigmar Gabriel,Donald Trump
1022,1070,Sigmar Gabriel,Thomas Piketty
1022,267,Sigmar Gabriel,Emmanuel Macron
1022,671,Sigmar Gabriel,Ludwig Erhard
1022,361,Sigmar Gabriel,Guido Westerwelle
1023,626,Sorin Grindeanu,Klaus Iohannis
1024,249,Shimon Peres,Ehud Olmert
1024,133,Shimon Peres,Benjamin Netanyahu
1024,935,Shimon Peres,Reuven Rivlin
1024,148,Shimon Peres,Chaim Herzog
1024,758,Shimon Peres,Menachem Begin
1024,81,Shimon Peres,Ariel Sharon
1024,240,Shimon Peres,Ehud Barak
1024,356,Shimon Peres,Golda Meir
1024,1230,Shimon Peres,Đại học Harvard
1024,216,Shimon Peres,Donald Rumsfeld
1024,443,Shimon Peres,Isaac Herzog
1024,200,Shimon Peres,Condoleezza Rice
1024,156,Shimon Peres,Barack Obama
1024,719,Shimon Peres,Mahmud Ahmadinezhad
1024,797,Shimon Peres,Moshe Sharett
1024,821,Shimon Peres,Naftali Bennett
1025,1153,Sergey Viktorovich Lavrov,Vladimir Vladimirovich Putin
1025,1148,Sergey Viktorovich Lavrov,Volodymyr Oleksandrovych Zelenskyy
1025,440,Sergey Viktorovich Lavrov,Iryna Venediktova
1026,333,Silvio Berlusconi,Giorgio Napolitano
1026,974,Silvio Berlusconi,Romano Prodi
1026,733,Silvio Berlusconi,Mario Monti
1026,336,Silvio Berlusconi,Giuliano Amato
1026,645,Silvio Berlusconi,Lamberto Dini
1026,330,Silvio Berlusconi,George W. Bush
1026,113,Silvio Berlusconi,Bettino Craxi
1026,474,Silvio Berlusconi,Jacques Chirac
1026,1051,Silvio Berlusconi,Tarja Halonen
1026,422,Silvio Berlusconi,Hillary Clinton
1026,839,Silvio Berlusconi,Nicolas Sarkozy
1026,114,Silvio Berlusconi,Bettino Ricasoli
1026,1124,Silvio Berlusconi,Urbano Rattazzi
1026,274,Silvio Berlusconi,Francesco Crispi
1026,335,Silvio Berlusconi,Giovanni Giolitti
1026,676,Silvio Berlusconi,Luigi Luzzatti
1026,64,Silvio Berlusconi,Antonio Salandra
1026,29,Silvio Berlusconi,Alcide De Gasperi
1026,32,Silvio Berlusconi,Aldo Moro
1026,337,Silvio Berlusconi,Giulio Andreotti
1026,272,Silvio Berlusconi,Francesco Cossiga
1026,77,Silvio Berlusconi,Arnaldo Forlani
1026,334,Silvio Berlusconi,Giovanni Spadolini
1026,255,Silvio Berlusconi,Enrico Letta
1026,752,Silvio Berlusconi,Matteo Renzi
1026,870,Silvio Berlusconi,Paolo Gentiloni
1026,347,Silvio Berlusconi,Giuseppe Conte
1026,739,Silvio Berlusconi,Mario Draghi
1027,293,Stefan Löfven,Fredrik Reinfeldt
1027,708,Stefan Löfven,Magdalena Andersson
1028,1228,Stephen Kotkin,Đại học Stanford
1029,369,Stephen Crane,H. G. Wells
1030,729,Spencer Cox,Marco Rubio
1030,1053,Spencer Cox,Ted Cruz
1030,298,Spencer Cox,Donald Trump
1030,565,Spencer Cox,Joe Biden
1030,831,Spencer Cox,Ned Lamont
1030,505,Spencer Cox,Janet Mills
1030,173,Spencer Cox,Charlie Baker
1030,183,Spencer Cox,Chris Sununu
1030,913,Spencer Cox,Phil Murphy
1030,50,Spencer Cox,Andrew Cuomo
1030,1107,Spencer Cox,Tom Wolf
1030,202,Spencer Cox,Daniel McKee
1030,898,Spencer Cox,Phil Scott
1030,480,Spencer Cox,J. B. Pritzker
1030,258,Spencer Cox,Eric Holcomb
1030,636,Spencer Cox,Kim Reynolds
1030,673,Spencer Cox,Laura Kelly
1030,367,Spencer Cox,Gretchen Whitmer
1030,1089,Spencer Cox,Tim Walz
1030,903,Spencer Cox,Pete Ricketts
1030,220,Spencer Cox,Doug Burgum
1030,812,Spencer Cox,Mike DeWine
1030,642,Spencer Cox,Kristi Noem
1030,1091,Spencer Cox,Tony Evers
1030,614,Spencer Cox,Kay Ivey
1030,91,Spencer Cox,Asa Hutchinson
1030,554,Spencer Cox,John Carney
1030,979,Spencer Cox,Ron DeSantis
1030,142,Spencer Cox,Brian Kemp
1030,60,Spencer Cox,Andy Beshear
1030,536,Spencer Cox,John Bel Edwards
1030,650,Spencer Cox,Larry Hogan
1030,1061,Spencer Cox,Tate Reeves
1030,1008,Spencer Cox,Roy Cooper
1030,624,Spencer Cox,Kevin Stitt
1030,404,Spencer Cox,Henry McMaster
1030,124,Spencer Cox,Bill Lee
1030,365,Spencer Cox,Greg Abbott
1030,946,Spencer Cox,Ralph Northam
1030,534,Spencer Cox,Jim Justice
1030,779,Spencer Cox,Mike Dunleavy
1030,242,Spencer Cox,Doug Ducey
1030,331,Spencer Cox,Gavin Newsom
1030,502,Spencer Cox,Jared Polis
1030,208,Spencer Cox,David Ige
1030,140,Spencer Cox,Brad Little
1030,388,Spencer Cox,Greg Gianforte
1030,1060,Spencer Cox,Steve Sisolak
1030,787,Spencer Cox,Michelle Lujan Grisham
1030,612,Spencer Cox,Kate Brown
1030,506,Spencer Cox,Jay Inslee
1030,736,Spencer Cox,Mark Gordon (chính trị gia)
1030,540,Spencer Cox,Jerome Adams
1030,213,Spencer Cox,Deborah Birx
1030,86,Spencer Cox,Anthony Fauci
1030,139,Spencer Cox,Brett Giroir
1030,888,Spencer Cox,Peter Navarro
1030,773,Spencer Cox,Mike Pence
1030,976,Spencer Cox,Robert R. Redfield
1031,84,Srettha Thavisin,Anutin Charnvirakul
1031,900,Srettha Thavisin,Phumtham Wechayachai
1031,873,Srettha Thavisin,Paetongtarn Shinawatra
1031,1067,Srettha Thavisin,Thaksin Shinawatra
1031,1220,Srettha Thavisin,Yingluck Shinawatra
1031,1009,Srettha Thavisin,Seni Pramoj
1031,637,Srettha Thavisin,Kukrit Pramoj
1031,910,Srettha Thavisin,Prem Tinsulanonda
1031,185,Srettha Thavisin,Chuan Leekpai
1031,1040,Srettha Thavisin,Surayud Chulanont
1031,995,Srettha Thavisin,Samak Sundaravej
1031,1016,Srettha Thavisin,Somchai Wongsawat
1031,162,Srettha Thavisin,Chavarat Charnvirakul
1031,12,Srettha Thavisin,Abhisit Vejjajiva
1031,838,Srettha Thavisin,Niwatthamrong Boonsongpaisan
1031,916,Srettha Thavisin,Prayut Chan-o-cha
1031,907,Srettha Thavisin,Prawit Wongsuwan
1032,1234,Stanley Bruce,Đại học Cambridge
1032,235,Stanley Bruce,Edmund Barton
1032,44,Stanley Bruce,Alfred Deakin
1032,318,Stanley Bruce,George Reid (chính khách Úc)
1032,52,Stanley Bruce,Andrew Fisher
1032,236,Stanley Bruce,Earle Page
1032,960,Stanley Bruce,Robert Menzies
1032,282,Stanley Bruce,Frank Forde
1032,377,Stanley Bruce,Harold Holt
1032,559,Stanley Bruce,John McEwen
1032,543,Stanley Bruce,John Gorton
1032,1184,Stanley Bruce,William McMahon
1032,348,Stanley Bruce,Gough Whitlam
1032,714,Stanley Bruce,Malcolm Fraser
1032,120,Stanley Bruce,Bob Hawke
1032,547,Stanley Bruce,John Howard
1032,620,Stanley Bruce,Kevin Rudd
1032,597,Stanley Bruce,Julia Gillard
1032,1084,Stanley Bruce,Tony Abbott
1032,717,Stanley Bruce,Malcolm Turnbull
1032,1003,Stanley Bruce,Scott Morrison
1032,63,Stanley Bruce,Anthony Albanese
1033,972,Spencer Perceval,Robert Walpole
1033,312,Spencer Perceval,George Grenville
1033,1188,Spencer Perceval,William Pitt Trẻ
1033,397,Spencer Perceval,"Henry Addington, Tử tước Sidmouth thứ 1"
1033,308,Spencer Perceval,George Canning
1033,83,Spencer Perceval,"Arthur Wellesley, Công tước thứ 1 xứ Wellington"
1033,395,Spencer Perceval,"Henry John Temple, Tử tước Palmerston thứ 3"
1033,1035,Spencer Perceval,Stanley Baldwin
1033,933,Spencer Perceval,Ramsay MacDonald
1033,823,Spencer Perceval,Neville Chamberlain
1033,1223,Spencer Perceval,Winston Churchill
1033,187,Spencer Perceval,Clement Attlee
1033,62,Spencer Perceval,Anthony Eden
1033,380,Spencer Perceval,Harold Macmillan
1033,39,Spencer Perceval,Alec Douglas-Home
1033,381,Spencer Perceval,Harold Wilson
1033,477,Spencer Perceval,James Callaghan
1033,735,Spencer Perceval,Margaret Thatcher
1033,353,Spencer Perceval,Gordon Brown
1033,203,Spencer Perceval,David Cameron
1033,1065,Spencer Perceval,Theresa May
1033,137,Spencer Perceval,Boris Johnson
1033,685,Spencer Perceval,Liz Truss
1033,959,Spencer Perceval,Rishi Sunak
1033,618,Spencer Perceval,Keir Starmer
1034,286,Stephen A. Douglas,Franklin Pierce
1034,469,Stephen A. Douglas,James Buchanan
1034,535,Stephen A. Douglas,John C. Breckinridge
1034,156,Stephen A. Douglas,Barack Obama
1035,933,Stanley Baldwin,Ramsay MacDonald
1035,823,Stanley Baldwin,Neville Chamberlain
1035,972,Stanley Baldwin,Robert Walpole
1035,312,Stanley Baldwin,George Grenville
1035,1188,Stanley Baldwin,William Pitt Trẻ
1035,397,Stanley Baldwin,"Henry Addington, Tử tước Sidmouth thứ 1"
1035,1033,Stanley Baldwin,Spencer Perceval
1035,308,Stanley Baldwin,George Canning
1035,83,Stanley Baldwin,"Arthur Wellesley, Công tước thứ 1 xứ Wellington"
1035,395,Stanley Baldwin,"Henry John Temple, Tử tước Palmerston thứ 3"
1035,1223,Stanley Baldwin,Winston Churchill
1035,187,Stanley Baldwin,Clement Attlee
1035,62,Stanley Baldwin,Anthony Eden
1035,380,Stanley Baldwin,Harold Macmillan
1035,39,Stanley Baldwin,Alec Douglas-Home
1035,381,Stanley Baldwin,Harold Wilson
1035,477,Stanley Baldwin,James Callaghan
1035,735,Stanley Baldwin,Margaret Thatcher
1035,353,Stanley Baldwin,Gordon Brown
1035,203,Stanley Baldwin,David Cameron
1035,1065,Stanley Baldwin,Theresa May
1035,137,Stanley Baldwin,Boris Johnson
1035,685,Stanley Baldwin,Liz Truss
1035,959,Stanley Baldwin,Rishi Sunak
1035,618,Stanley Baldwin,Keir Starmer
1036,548,Ronald Reagan,Jimmy Carter
1036,319,Ronald Reagan,George H. W. Bush
1036,520,Ronald Reagan,Jerry Brown
1036,298,Ronald Reagan,Donald Trump
1036,1169,Ronald Reagan,Walter Mondale
1036,292,Ronald Reagan,Franklin D. Roosevelt
1036,119,Ronald Reagan,Bill Clinton
1036,228,Ronald Reagan,Dwight D. Eisenhower
1036,968,Ronald Reagan,Richard Nixon
1036,832,Ronald Reagan,Nelson Rockefeller
1036,340,Ronald Reagan,Gerald Ford
1036,794,Ronald Reagan,Milton Friedman
1036,975,Ronald Reagan,Robert Solow
1036,259,Ronald Reagan,Eugenia Charles
1036,735,Ronald Reagan,Margaret Thatcher
1036,406,Ronald Reagan,Helmut Kohl
1036,288,Ronald Reagan,Fidel Castro
1036,71,Ronald Reagan,Antonin Scalia
1036,1052,Ronald Reagan,Ted Kennedy
1036,539,Ronald Reagan,John Adams
1036,405,Ronald Reagan,Herbert Hoover
1036,330,Ronald Reagan,George W. Bush
1036,156,Ronald Reagan,Barack Obama
1036,131,Ronald Reagan,Brian Mulroney
1036,1026,Ronald Reagan,Silvio Berlusconi
1036,373,Ronald Reagan,Hamid Karzai
1036,327,Ronald Reagan,Ghazi Mashal Ajil al-Yawer
1036,688,Ronald Reagan,Lyndon B. Johnson
1036,591,Ronald Reagan,John McCain
1036,355,Ronald Reagan,Gray Davis
1036,656,Ronald Reagan,Lech Kaczyński
1036,200,Ronald Reagan,Condoleezza Rice
1036,1083,Ronald Reagan,Thomas Jefferson
1036,483,Ronald Reagan,James Madison
1036,482,Ronald Reagan,James Monroe
1036,562,Ronald Reagan,John Quincy Adams
1036,1190,Ronald Reagan,William Henry Harrison
1036,568,Ronald Reagan,John Tyler
1036,473,Ronald Reagan,James K. Polk
1036,286,Ronald Reagan,Franklin Pierce
1036,469,Ronald Reagan,James Buchanan
1036,1127,Ronald Reagan,Ulysses S. Grant
1036,993,Ronald Reagan,Rutherford B. Hayes
1036,470,Ronald Reagan,James A. Garfield
1036,170,Ronald Reagan,Chester A. Arthur
1036,108,Ronald Reagan,Benjamin Harrison
1036,1206,Ronald Reagan,William McKinley
1036,1080,Ronald Reagan,Theodore Roosevelt
1036,1189,Ronald Reagan,William Howard Taft
1036,1201,Ronald Reagan,Woodrow Wilson
1036,1170,Ronald Reagan,Warren G. Harding
1036,143,Ronald Reagan,Calvin Coolidge
1036,389,Ronald Reagan,Harry S. Truman
1036,549,Ronald Reagan,John F. Kennedy
1036,565,Ronald Reagan,Joe Biden
1036,230,Ronald Reagan,Earl Warren
1036,346,Ronald Reagan,Goodwin Knight
1036,331,Ronald Reagan,Gavin Newsom
1036,76,Ronald Reagan,Anwar Al-Sadad
1036,1235,Ronald Reagan,Đặng Tiểu Bình
1036,983,Ronald Reagan,Ruhollah Khomeini
1036,198,Ronald Reagan,Corazon Aquino
1036,803,Ronald Reagan,Mikhail Sergeyevich Gorbachyov
1036,837,Ronald Reagan,Nelson Mandela
1036,824,Ronald Reagan,Newt Gingrich
1036,515,Ronald Reagan,Jeff Bezos
1037,750,Sukarno,Megawati Sukarnoputri
1038,12,Suthep Thaugsuban,Abhisit Vejjajiva
1039,267,Sébastien Lecornu,Emmanuel Macron
1039,311,Sébastien Lecornu,Gabriel Attal
1039,756,Sébastien Lecornu,Michel Barnier
1039,1224,Sébastien Lecornu,Édouard Philippe
1040,910,Surayud Chulanont,Prem Tinsulanonda
1040,995,Surayud Chulanont,Samak Sundaravej
1040,1067,Surayud Chulanont,Thaksin Shinawatra
1040,1009,Surayud Chulanont,Seni Pramoj
1040,637,Surayud Chulanont,Kukrit Pramoj
1040,185,Surayud Chulanont,Chuan Leekpai
1040,1016,Surayud Chulanont,Somchai Wongsawat
1040,162,Surayud Chulanont,Chavarat Charnvirakul
1040,12,Surayud Chulanont,Abhisit Vejjajiva
1040,1220,Surayud Chulanont,Yingluck Shinawatra
1040,838,Surayud Chulanont,Niwatthamrong Boonsongpaisan
1040,916,Surayud Chulanont,Prayut Chan-o-cha
1040,907,Surayud Chulanont,Prawit Wongsuwan
1040,1031,Surayud Chulanont,Srettha Thavisin
1040,900,Surayud Chulanont,Phumtham Wechayachai
1040,873,Surayud Chulanont,Paetongtarn Shinawatra
1040,84,Surayud Chulanont,Anutin Charnvirakul
1041,267,Stéphane Séjourné,Emmanuel Macron
1041,311,Stéphane Séjourné,Gabriel Attal
1042,1228,Sundar Pichai,Đại học Stanford
1043,1232,T. Keith Glennan,Đại học Yale
1044,298,Steven Mnuchin,Donald Trump
1044,460,Steven Mnuchin,Jack Lew
1044,491,Steven Mnuchin,Janet Yellen
1045,1109,Süleyman Demirel,Turgut Özal
1045,18,Süleyman Demirel,Ahmet Necdet Sezer
1045,10,Süleyman Demirel,Abdullah Gül
1045,928,Süleyman Demirel,Recep Tayyip Erdoğan
1046,156,Steven Chu,Barack Obama
1046,1228,Steven Chu,Đại học Stanford
1046,263,Steven Chu,Ernest Lawrence
1047,1230,T. S. Eliot,Đại học Harvard
1047,1063,T. S. Eliot,Theodor Mommsen
1047,579,T. S. Eliot,José Echegaray
1047,394,T. S. Eliot,Henri Bergson
1047,1073,T. S. Eliot,Thomas Mann
1047,682,T. S. Eliot,Luigi Pirandello
1047,970,T. S. Eliot,Roger Martin du Gard
1047,1183,T. S. Eliot,William Faulkner
1047,1223,T. S. Eliot,Winston Churchill
1047,453,T. S. Eliot,Ivo Andrić
1047,768,T. S. Eliot,Miguel Ángel Asturias
1047,392,T. S. Eliot,Heinrich Böll
1047,853,T. S. Eliot,Odysseas Elytis
1047,247,T. S. Eliot,Elias Canetti
1047,307,T. S. Eliot,Gabriel García Márquez
1047,1182,T. S. Eliot,William Golding
1047,146,T. S. Eliot,Camilo José Cela
1047,147,T. S. Eliot,Cao Hành Kiện
1047,610,T. S. Eliot,Kazuo Ishiguro
1048,864,Tage Erlander,Olof Palme
1049,19,Tanigaki Sadakazu,Abe Shinzō
1049,459,Tanigaki Sadakazu,Ishiba Shigeru
1049,390,Tanigaki Sadakazu,Hatoyama Yukio
1049,601,Tanigaki Sadakazu,Kan Naoto
1049,841,Tanigaki Sadakazu,Noda Yoshihiko
1049,90,Tanigaki Sadakazu,Asō Tarō
1049,303,Tanigaki Sadakazu,Fukuda Yasuo
1050,1163,Tanaka Giichi,Wakatsuki Reijirō
1050,462,Tanaka Giichi,Itō Hirobumi
1050,991,Tanaka Giichi,Saionji Kinmochi
1050,375,Tanaka Giichi,Hara Takashi
1050,611,Tanaka Giichi,Katō Tomosaburō
1050,609,Tanaka Giichi,Katō Takaaki
1050,441,Tanaka Giichi,Inukai Tsuyoshi
1050,992,Tanaka Giichi,Saitō Makoto
1050,352,Tanaka Giichi,Gotō Fumio
1050,410,Tanaka Giichi,Hiranuma Kiichirō
1050,4,Tanaka Giichi,Abe Nobuyuki
1050,447,Tanaka Giichi,Itō Masayoshi
1050,796,Tanaka Giichi,Mori Yoshirō
1050,19,Tanaka Giichi,Abe Shinzō
1050,303,Tanaka Giichi,Fukuda Yasuo
1050,90,Tanaka Giichi,Asō Tarō
1050,390,Tanaka Giichi,Hatoyama Yukio
1050,601,Tanaka Giichi,Kan Naoto
1050,841,Tanaka Giichi,Noda Yoshihiko
1050,1058,Tanaka Giichi,Suga Yoshihide
1050,639,Tanaka Giichi,Kishida Fumio
1050,459,Tanaka Giichi,Ishiba Shigeru
1050,1057,Tanaka Giichi,Takaichi Sanae
1051,865,Tarja Halonen,Paavo Lipponen
1051,59,Tarja Halonen,Anneli Jäätteenmäki
1051,744,Tarja Halonen,Matti Vanhanen
1051,725,Tarja Halonen,Mari Kiviniemi
1051,594,Tarja Halonen,Jyrki Katainen
1051,742,Tarja Halonen,Martti Ahtisaari
1051,999,Tarja Halonen,Sauli Niinistö
1051,382,Tarja Halonen,Harri Holkeri
1052,549,Ted Kennedy,John F. Kennedy
1052,952,Ted Kennedy,Robert F. Kennedy
1053,951,Ted Cruz,Rick Perry
1053,330,Ted Cruz,George W. Bush
1053,365,Ted Cruz,Greg Abbott
1053,298,Ted Cruz,Donald Trump
1053,552,Ted Cruz,John Kasich
1053,422,Ted Cruz,Hillary Clinton
1053,1078,Ted Cruz,Thái Anh Văn
1054,1122,Teuvo Aura,Urho Kekkonen
1054,918,Teuvo Aura,Rafael Erich
1054,69,Teuvo Aura,Antti Tulenheimo
1054,885,Teuvo Aura,Pehr Evind Svinhufvud
1054,527,Teuvo Aura,Johan Wilhelm Rangell
1054,233,Teuvo Aura,Edwin Linkomies
1054,593,Teuvo Aura,Juho Kusti Paasikivi
1054,608,Teuvo Aura,Keijo Liinamaa
1054,382,Teuvo Aura,Harri Holkeri
1054,865,Teuvo Aura,Paavo Lipponen
1054,59,Teuvo Aura,Anneli Jäätteenmäki
1054,744,Teuvo Aura,Matti Vanhanen
1054,725,Teuvo Aura,Mari Kiviniemi
1054,594,Teuvo Aura,Jyrki Katainen
1054,35,Teuvo Aura,Alexander Stubb
1054,599,Teuvo Aura,Juha Sipilä
1054,1004,Teuvo Aura,Sanna Marin
1055,462,Takeshita Noboru,Itō Hirobumi
1055,991,Takeshita Noboru,Saionji Kinmochi
1055,375,Takeshita Noboru,Hara Takashi
1055,611,Takeshita Noboru,Katō Tomosaburō
1055,609,Takeshita Noboru,Katō Takaaki
1055,1163,Takeshita Noboru,Wakatsuki Reijirō
1055,1050,Takeshita Noboru,Tanaka Giichi
1055,441,Takeshita Noboru,Inukai Tsuyoshi
1055,992,Takeshita Noboru,Saitō Makoto
1055,352,Takeshita Noboru,Gotō Fumio
1055,410,Takeshita Noboru,Hiranuma Kiichirō
1055,4,Takeshita Noboru,Abe Nobuyuki
1055,447,Takeshita Noboru,Itō Masayoshi
1055,796,Takeshita Noboru,Mori Yoshirō
1055,19,Takeshita Noboru,Abe Shinzō
1055,303,Takeshita Noboru,Fukuda Yasuo
1055,90,Takeshita Noboru,Asō Tarō
1055,390,Takeshita Noboru,Hatoyama Yukio
1055,601,Takeshita Noboru,Kan Naoto
1055,841,Takeshita Noboru,Noda Yoshihiko
1055,1058,Takeshita Noboru,Suga Yoshihide
1055,639,Takeshita Noboru,Kishida Fumio
1055,459,Takeshita Noboru,Ishiba Shigeru
1055,1057,Takeshita Noboru,Takaichi Sanae
1056,837,Thabo Mbeki,Nelson Mandela
1056,547,Thabo Mbeki,John Howard
1057,459,Takaichi Sanae,Ishiba Shigeru
1057,90,Takaichi Sanae,Asō Tarō
1057,639,Takaichi Sanae,Kishida Fumio
1057,19,Takaichi Sanae,Abe Shinzō
1057,1017,Takaichi Sanae,Shindō Yoshitaka
1057,735,Takaichi Sanae,Margaret Thatcher
1057,713,Takaichi Sanae,Lại Thanh Đức
1057,922,Takaichi Sanae,Phạm Minh Chính
1058,90,Suga Yoshihide,Asō Tarō
1058,19,Suga Yoshihide,Abe Shinzō
1058,639,Suga Yoshihide,Kishida Fumio
1058,617,Suga Yoshihide,Katō Katsunobu
1058,796,Suga Yoshihide,Mori Yoshirō
1058,763,Suga Yoshihide,Michael Froman
1058,303,Suga Yoshihide,Fukuda Yasuo
1058,922,Suga Yoshihide,Phạm Minh Chính
1058,773,Suga Yoshihide,Mike Pence
1058,459,Suga Yoshihide,Ishiba Shigeru
1058,844,Suga Yoshihide,Nguyễn Xuân Phúc
1058,565,Suga Yoshihide,Joe Biden
1058,570,Suga Yoshihide,Joko Widodo
1058,462,Suga Yoshihide,Itō Hirobumi
1058,991,Suga Yoshihide,Saionji Kinmochi
1058,375,Suga Yoshihide,Hara Takashi
1058,611,Suga Yoshihide,Katō Tomosaburō
1058,609,Suga Yoshihide,Katō Takaaki
1058,1163,Suga Yoshihide,Wakatsuki Reijirō
1058,1050,Suga Yoshihide,Tanaka Giichi
1058,441,Suga Yoshihide,Inukai Tsuyoshi
1058,992,Suga Yoshihide,Saitō Makoto
1058,352,Suga Yoshihide,Gotō Fumio
1058,410,Suga Yoshihide,Hiranuma Kiichirō
1058,4,Suga Yoshihide,Abe Nobuyuki
1058,447,Suga Yoshihide,Itō Masayoshi
1058,390,Suga Yoshihide,Hatoyama Yukio
1058,601,Suga Yoshihide,Kan Naoto
1058,841,Suga Yoshihide,Noda Yoshihiko
1058,1057,Suga Yoshihide,Takaichi Sanae
1059,695,Tharman Shanmugaratnam,Lý Hiển Long
1059,423,Tharman Shanmugaratnam,Hoàng Tuần Tài
1059,374,Tharman Shanmugaratnam,Halimah Yacob
1059,1230,Tharman Shanmugaratnam,Đại học Harvard
1059,1002,Tharman Shanmugaratnam,Sellapan Ramanathan
1059,1100,Tharman Shanmugaratnam,Trần Khánh Viêm
1060,156,Steve Sisolak,Barack Obama
1060,565,Steve Sisolak,Joe Biden
1060,831,Steve Sisolak,Ned Lamont
1060,505,Steve Sisolak,Janet Mills
1060,173,Steve Sisolak,Charlie Baker
1060,183,Steve Sisolak,Chris Sununu
1060,913,Steve Sisolak,Phil Murphy
1060,50,Steve Sisolak,Andrew Cuomo
1060,1107,Steve Sisolak,Tom Wolf
1060,202,Steve Sisolak,Daniel McKee
1060,898,Steve Sisolak,Phil Scott
1060,480,Steve Sisolak,J. B. Pritzker
1060,258,Steve Sisolak,Eric Holcomb
1060,636,Steve Sisolak,Kim Reynolds
1060,673,Steve Sisolak,Laura Kelly
1060,367,Steve Sisolak,Gretchen Whitmer
1060,1089,Steve Sisolak,Tim Walz
1060,903,Steve Sisolak,Pete Ricketts
1060,220,Steve Sisolak,Doug Burgum
1060,812,Steve Sisolak,Mike DeWine
1060,642,Steve Sisolak,Kristi Noem
1060,1091,Steve Sisolak,Tony Evers
1060,614,Steve Sisolak,Kay Ivey
1060,91,Steve Sisolak,Asa Hutchinson
1060,554,Steve Sisolak,John Carney
1060,979,Steve Sisolak,Ron DeSantis
1060,142,Steve Sisolak,Brian Kemp
1060,60,Steve Sisolak,Andy Beshear
1060,536,Steve Sisolak,John Bel Edwards
1060,650,Steve Sisolak,Larry Hogan
1060,1061,Steve Sisolak,Tate Reeves
1060,1008,Steve Sisolak,Roy Cooper
1060,624,Steve Sisolak,Kevin Stitt
1060,404,Steve Sisolak,Henry McMaster
1060,124,Steve Sisolak,Bill Lee
1060,365,Steve Sisolak,Greg Abbott
1060,946,Steve Sisolak,Ralph Northam
1060,534,Steve Sisolak,Jim Justice
1060,779,Steve Sisolak,Mike Dunleavy
1060,242,Steve Sisolak,Doug Ducey
1060,331,Steve Sisolak,Gavin Newsom
1060,502,Steve Sisolak,Jared Polis
1060,208,Steve Sisolak,David Ige
1060,140,Steve Sisolak,Brad Little
1060,388,Steve Sisolak,Greg Gianforte
1060,787,Steve Sisolak,Michelle Lujan Grisham
1060,612,Steve Sisolak,Kate Brown
1060,1030,Steve Sisolak,Spencer Cox
1060,506,Steve Sisolak,Jay Inslee
1060,736,Steve Sisolak,Mark Gordon (chính trị gia)
1060,540,Steve Sisolak,Jerome Adams
1060,213,Steve Sisolak,Deborah Birx
1060,86,Steve Sisolak,Anthony Fauci
1060,139,Steve Sisolak,Brett Giroir
1060,888,Steve Sisolak,Peter Navarro
1060,773,Steve Sisolak,Mike Pence
1060,976,Steve Sisolak,Robert R. Redfield
1060,298,Steve Sisolak,Donald Trump
1061,565,Tate Reeves,Joe Biden
1061,831,Tate Reeves,Ned Lamont
1061,505,Tate Reeves,Janet Mills
1061,173,Tate Reeves,Charlie Baker
1061,183,Tate Reeves,Chris Sununu
1061,913,Tate Reeves,Phil Murphy
1061,50,Tate Reeves,Andrew Cuomo
1061,1107,Tate Reeves,Tom Wolf
1061,202,Tate Reeves,Daniel McKee
1061,898,Tate Reeves,Phil Scott
1061,480,Tate Reeves,J. B. Pritzker
1061,258,Tate Reeves,Eric Holcomb
1061,636,Tate Reeves,Kim Reynolds
1061,673,Tate Reeves,Laura Kelly
1061,367,Tate Reeves,Gretchen Whitmer
1061,1089,Tate Reeves,Tim Walz
1061,903,Tate Reeves,Pete Ricketts
1061,220,Tate Reeves,Doug Burgum
1061,812,Tate Reeves,Mike DeWine
1061,642,Tate Reeves,Kristi Noem
1061,1091,Tate Reeves,Tony Evers
1061,614,Tate Reeves,Kay Ivey
1061,91,Tate Reeves,Asa Hutchinson
1061,554,Tate Reeves,John Carney
1061,979,Tate Reeves,Ron DeSantis
1061,142,Tate Reeves,Brian Kemp
1061,60,Tate Reeves,Andy Beshear
1061,536,Tate Reeves,John Bel Edwards
1061,650,Tate Reeves,Larry Hogan
1061,1008,Tate Reeves,Roy Cooper
1061,624,Tate Reeves,Kevin Stitt
1061,404,Tate Reeves,Henry McMaster
1061,124,Tate Reeves,Bill Lee
1061,365,Tate Reeves,Greg Abbott
1061,946,Tate Reeves,Ralph Northam
1061,534,Tate Reeves,Jim Justice
1061,779,Tate Reeves,Mike Dunleavy
1061,242,Tate Reeves,Doug Ducey
1061,331,Tate Reeves,Gavin Newsom
1061,502,Tate Reeves,Jared Polis
1061,208,Tate Reeves,David Ige
1061,140,Tate Reeves,Brad Little
1061,388,Tate Reeves,Greg Gianforte
1061,1060,Tate Reeves,Steve Sisolak
1061,787,Tate Reeves,Michelle Lujan Grisham
1061,612,Tate Reeves,Kate Brown
1061,1030,Tate Reeves,Spencer Cox
1061,506,Tate Reeves,Jay Inslee
1061,736,Tate Reeves,Mark Gordon (chính trị gia)
1061,540,Tate Reeves,Jerome Adams
1061,213,Tate Reeves,Deborah Birx
1061,86,Tate Reeves,Anthony Fauci
1061,139,Tate Reeves,Brett Giroir
1061,888,Tate Reeves,Peter Navarro
1061,773,Tate Reeves,Mike Pence
1061,976,Tate Reeves,Robert R. Redfield
1061,298,Tate Reeves,Donald Trump
1062,883,Theodore Schultz,Paul Samuelson
1062,1021,Theodore Schultz,Simon Kuznets
1062,551,Theodore Schultz,John Hicks
1062,621,Theodore Schultz,Kenneth Arrow
1062,295,Theodore Schultz,Friedrich Hayek
1062,794,Theodore Schultz,Milton Friedman
1062,112,Theodore Schultz,Bertil Ohlin
1062,494,Theodore Schultz,James Meade
1062,655,Theodore Schultz,Lawrence Klein
1062,485,Theodore Schultz,James Tobin
1062,320,Theodore Schultz,George Stigler
1062,364,Theodore Schultz,Gérard Debreu
1062,939,Theodore Schultz,Richard Stone
1062,281,Theodore Schultz,Franco Modigliani
1062,479,Theodore Schultz,James M. Buchanan
1062,975,Theodore Schultz,Robert Solow
1062,749,Theodore Schultz,Maurice Allais
1062,1092,Theodore Schultz,Trygve Haavelmo
1062,383,Theodore Schultz,Harry Markowitz
1062,759,Theodore Schultz,Merton Miller
1062,977,Theodore Schultz,Ronald Coase
1062,326,Theodore Schultz,Gary Becker
1062,957,Theodore Schultz,Robert Fogel
1062,221,Theodore Schultz,Douglass North
1062,956,Theodore Schultz,"Robert Lucas, Jr."
1062,476,Theodore Schultz,James Mirrlees
1062,1191,Theodore Schultz,William Vickrey
1062,805,Theodore Schultz,Myron Scholes
1062,54,Theodore Schultz,Amartya Sen
1062,962,Theodore Schultz,Robert Mundell
1062,472,Theodore Schultz,James Heckman
1062,310,Theodore Schultz,George Akerlof
1062,760,Theodore Schultz,Michael Spence
1062,587,Theodore Schultz,Joseph Stiglitz
1062,954,Theodore Schultz,Robert F. Engle
1062,194,Theodore Schultz,Clive Granger
1062,273,Theodore Schultz,Finn E. Kydland
1062,882,Theodore Schultz,Peter A. Diamond
1062,172,Theodore Schultz,Christopher A. Pissarides
1062,1068,Theodore Schultz,Thomas J. Sargent
1062,174,Theodore Schultz,Christopher A. Sims
1062,507,Theodore Schultz,Jean Tirole
1062,101,Theodore Schultz,Bengt Holmström
1062,941,Theodore Schultz,Richard Thaler
1062,262,Theodore Schultz,Esther Duflo
1062,580,Theodore Schultz,Joshua Angrist
1062,209,Theodore Schultz,David Card
1063,866,Theodor Mommsen,Otto von Bismarck
1063,579,Theodor Mommsen,José Echegaray
1063,394,Theodor Mommsen,Henri Bergson
1063,1073,Theodor Mommsen,Thomas Mann
1063,682,Theodor Mommsen,Luigi Pirandello
1063,970,Theodor Mommsen,Roger Martin du Gard
1063,1047,Theodor Mommsen,T. S. Eliot
1063,1183,Theodor Mommsen,William Faulkner
1063,1223,Theodor Mommsen,Winston Churchill
1063,453,Theodor Mommsen,Ivo Andrić
1063,768,Theodor Mommsen,Miguel Ángel Asturias
1063,392,Theodor Mommsen,Heinrich Böll
1063,853,Theodor Mommsen,Odysseas Elytis
1063,247,Theodor Mommsen,Elias Canetti
1063,307,Theodor Mommsen,Gabriel García Márquez
1063,1182,Theodor Mommsen,William Golding
1063,146,Theodor Mommsen,Camilo José Cela
1063,147,Theodor Mommsen,Cao Hành Kiện
1063,610,Theodor Mommsen,Kazuo Ishiguro
1064,634,Theodor Heuss,Konrad Adenauer
1065,203,Theresa May,David Cameron
1065,137,Theresa May,Boris Johnson
1065,1185,Theresa May,William Hague
1065,735,Theresa May,Margaret Thatcher
1065,68,Theresa May,Angela Merkel
1065,972,Theresa May,Robert Walpole
1065,312,Theresa May,George Grenville
1065,1188,Theresa May,William Pitt Trẻ
1065,397,Theresa May,"Henry Addington, Tử tước Sidmouth thứ 1"
1065,1033,Theresa May,Spencer Perceval
1065,308,Theresa May,George Canning
1065,83,Theresa May,"Arthur Wellesley, Công tước thứ 1 xứ Wellington"
1065,395,Theresa May,"Henry John Temple, Tử tước Palmerston thứ 3"
1065,1035,Theresa May,Stanley Baldwin
1065,933,Theresa May,Ramsay MacDonald
1065,823,Theresa May,Neville Chamberlain
1065,1223,Theresa May,Winston Churchill
1065,187,Theresa May,Clement Attlee
1065,62,Theresa May,Anthony Eden
1065,380,Theresa May,Harold Macmillan
1065,39,Theresa May,Alec Douglas-Home
1065,381,Theresa May,Harold Wilson
1065,477,Theresa May,James Callaghan
1065,353,Theresa May,Gordon Brown
1065,685,Theresa May,Liz Truss
1065,959,Theresa May,Rishi Sunak
1065,618,Theresa May,Keir Starmer
1066,170,Thomas A. Hendricks,Chester A. Arthur
1066,539,Thomas A. Hendricks,John Adams
1066,1083,Thomas A. Hendricks,Thomas Jefferson
1066,246,Thomas A. Hendricks,Elbridge Gerry
1066,192,Thomas A. Hendricks,Daniel D. Tompkins
1066,538,Thomas A. Hendricks,John C. Calhoun
1066,938,Thomas A. Hendricks,Richard Mentor Johnson
1066,568,Thomas A. Hendricks,John Tyler
1066,314,Thomas A. Hendricks,George M. Dallas
1066,1187,Thomas A. Hendricks,William R. King
1066,535,Thomas A. Hendricks,John C. Breckinridge
1066,1179,Thomas A. Hendricks,William A. Wheeler
1066,9,Thomas A. Hendricks,Adlai Stevenson I
1066,302,Thomas A. Hendricks,Garret Hobart
1066,1080,Thomas A. Hendricks,Theodore Roosevelt
1066,160,Thomas A. Hendricks,Charles W. Fairbanks
1066,481,Thomas A. Hendricks,James S. Sherman
1066,1072,Thomas A. Hendricks,Thomas R. Marshall
1066,143,Thomas A. Hendricks,Calvin Coolidge
1066,153,Thomas A. Hendricks,Charles G. Dawes
1066,561,Thomas A. Hendricks,John Nance Garner
1066,409,Thomas A. Hendricks,Henry A. Wallace
1066,389,Thomas A. Hendricks,Harry S. Truman
1066,24,Thomas A. Hendricks,Alben W. Barkley
1066,968,Thomas A. Hendricks,Richard Nixon
1066,688,Thomas A. Hendricks,Lyndon B. Johnson
1066,419,Thomas A. Hendricks,Hubert Humphrey
1066,340,Thomas A. Hendricks,Gerald Ford
1066,832,Thomas A. Hendricks,Nelson Rockefeller
1066,1169,Thomas A. Hendricks,Walter Mondale
1066,319,Thomas A. Hendricks,George H. W. Bush
1066,211,Thomas A. Hendricks,Dick Cheney
1066,565,Thomas A. Hendricks,Joe Biden
1066,773,Thomas A. Hendricks,Mike Pence
1066,628,Thomas A. Hendricks,Kamala Harris
1066,466,Thomas A. Hendricks,JD Vance
1066,1190,Thomas A. Hendricks,William Henry Harrison
1066,258,Thomas A. Hendricks,Eric Holcomb
1067,185,Thaksin Shinawatra,Chuan Leekpai
1067,873,Thaksin Shinawatra,Paetongtarn Shinawatra
1067,1220,Thaksin Shinawatra,Yingluck Shinawatra
1067,1026,Thaksin Shinawatra,Silvio Berlusconi
1067,12,Thaksin Shinawatra,Abhisit Vejjajiva
1067,1009,Thaksin Shinawatra,Seni Pramoj
1067,637,Thaksin Shinawatra,Kukrit Pramoj
1067,910,Thaksin Shinawatra,Prem Tinsulanonda
1067,1040,Thaksin Shinawatra,Surayud Chulanont
1067,995,Thaksin Shinawatra,Samak Sundaravej
1067,1016,Thaksin Shinawatra,Somchai Wongsawat
1067,162,Thaksin Shinawatra,Chavarat Charnvirakul
1067,838,Thaksin Shinawatra,Niwatthamrong Boonsongpaisan
1067,916,Thaksin Shinawatra,Prayut Chan-o-cha
1067,907,Thaksin Shinawatra,Prawit Wongsuwan
1067,1031,Thaksin Shinawatra,Srettha Thavisin
1067,900,Thaksin Shinawatra,Phumtham Wechayachai
1067,84,Thaksin Shinawatra,Anutin Charnvirakul
1068,1230,Thomas J. Sargent,Đại học Harvard
1068,956,Thomas J. Sargent,"Robert Lucas, Jr."
1068,174,Thomas J. Sargent,Christopher A. Sims
1068,1228,Thomas J. Sargent,Đại học Stanford
1068,883,Thomas J. Sargent,Paul Samuelson
1068,1021,Thomas J. Sargent,Simon Kuznets
1068,551,Thomas J. Sargent,John Hicks
1068,621,Thomas J. Sargent,Kenneth Arrow
1068,295,Thomas J. Sargent,Friedrich Hayek
1068,794,Thomas J. Sargent,Milton Friedman
1068,112,Thomas J. Sargent,Bertil Ohlin
1068,494,Thomas J. Sargent,James Meade
1068,1062,Thomas J. Sargent,Theodore Schultz
1068,655,Thomas J. Sargent,Lawrence Klein
1068,485,Thomas J. Sargent,James Tobin
1068,320,Thomas J. Sargent,George Stigler
1068,364,Thomas J. Sargent,Gérard Debreu
1068,939,Thomas J. Sargent,Richard Stone
1068,281,Thomas J. Sargent,Franco Modigliani
1068,479,Thomas J. Sargent,James M. Buchanan
1068,975,Thomas J. Sargent,Robert Solow
1068,749,Thomas J. Sargent,Maurice Allais
1068,1092,Thomas J. Sargent,Trygve Haavelmo
1068,383,Thomas J. Sargent,Harry Markowitz
1068,759,Thomas J. Sargent,Merton Miller
1068,977,Thomas J. Sargent,Ronald Coase
1068,326,Thomas J. Sargent,Gary Becker
1068,957,Thomas J. Sargent,Robert Fogel
1068,221,Thomas J. Sargent,Douglass North
1068,476,Thomas J. Sargent,James Mirrlees
1068,1191,Thomas J. Sargent,William Vickrey
1068,805,Thomas J. Sargent,Myron Scholes
1068,54,Thomas J. Sargent,Amartya Sen
1068,962,Thomas J. Sargent,Robert Mundell
1068,472,Thomas J. Sargent,James Heckman
1068,310,Thomas J. Sargent,George Akerlof
1068,760,Thomas J. Sargent,Michael Spence
1068,587,Thomas J. Sargent,Joseph Stiglitz
1068,954,Thomas J. Sargent,Robert F. Engle
1068,194,Thomas J. Sargent,Clive Granger
1068,273,Thomas J. Sargent,Finn E. Kydland
1068,882,Thomas J. Sargent,Peter A. Diamond
1068,172,Thomas J. Sargent,Christopher A. Pissarides
1068,507,Thomas J. Sargent,Jean Tirole
1068,101,Thomas J. Sargent,Bengt Holmström
1068,941,Thomas J. Sargent,Richard Thaler
1068,262,Thomas J. Sargent,Esther Duflo
1068,580,Thomas J. Sargent,Joshua Angrist
1068,209,Thomas J. Sargent,David Card
1070,281,Thomas Piketty,Franco Modigliani
1070,975,Thomas Piketty,Robert Solow
1070,1021,Thomas Piketty,Simon Kuznets
1071,224,Thái Danh Chiếu,Dương Chấn Vũ
1072,1201,Thomas R. Marshall,Woodrow Wilson
1072,481,Thomas R. Marshall,James S. Sherman
1072,143,Thomas R. Marshall,Calvin Coolidge
1072,1190,Thomas R. Marshall,William Henry Harrison
1072,1066,Thomas R. Marshall,Thomas A. Hendricks
1072,773,Thomas R. Marshall,Mike Pence
1072,258,Thomas R. Marshall,Eric Holcomb
1073,1233,Thomas Mann,Đại học Oxford
1073,1234,Thomas Mann,Đại học Cambridge
1073,1063,Thomas Mann,Theodor Mommsen
1073,579,Thomas Mann,José Echegaray
1073,394,Thomas Mann,Henri Bergson
1073,682,Thomas Mann,Luigi Pirandello
1073,970,Thomas Mann,Roger Martin du Gard
1073,1047,Thomas Mann,T. S. Eliot
1073,1183,Thomas Mann,William Faulkner
1073,1223,Thomas Mann,Winston Churchill
1073,453,Thomas Mann,Ivo Andrić
1073,768,Thomas Mann,Miguel Ángel Asturias
1073,392,Thomas Mann,Heinrich Böll
1073,853,Thomas Mann,Odysseas Elytis
1073,247,Thomas Mann,Elias Canetti
1073,307,Thomas Mann,Gabriel García Márquez
1073,1182,Thomas Mann,William Golding
1073,146,Thomas Mann,Camilo José Cela
1073,147,Thomas Mann,Cao Hành Kiện
1073,610,Thomas Mann,Kazuo Ishiguro
1074,405,Theodore Roosevelt Jr.,Herbert Hoover
1074,292,Theodore Roosevelt Jr.,Franklin D. Roosevelt
1074,1170,Theodore Roosevelt Jr.,Warren G. Harding
1074,143,Theodore Roosevelt Jr.,Calvin Coolidge
1074,1080,Theodore Roosevelt Jr.,Theodore Roosevelt
1074,1230,Theodore Roosevelt Jr.,Đại học Harvard
1074,1189,Theodore Roosevelt Jr.,William Howard Taft
1074,321,Theodore Roosevelt Jr.,George Marshall
1074,228,Theodore Roosevelt Jr.,Dwight D. Eisenhower
1074,401,Theodore Roosevelt Jr.,Henry L. Stimson
1074,119,Theodore Roosevelt Jr.,Bill Clinton
1074,1127,Theodore Roosevelt Jr.,Ulysses S. Grant
1075,1233,Thomas More,Đại học Oxford
1075,545,Thomas More,John Henry Newman
1076,702,Thận Hải Hùng,Lý Khắc Cường
1076,1167,Thận Hải Hùng,Tập Cận Bình
1076,692,Thận Hải Hùng,Lý Hi
1077,457,Thẩm Dược Dược,Hồ Cẩm Đào
1077,1088,Thẩm Dược Dược,Triệu Hồng Chúc
1077,1167,Thẩm Dược Dược,Tập Cận Bình
1077,686,Thẩm Dược Dược,Lý Cường
1077,1094,Thẩm Dược Dược,Triệu Lạc Tế
1077,1168,Thẩm Dược Dược,Vương Hỗ Ninh
1077,1082,Thẩm Dược Dược,Thái Kỳ
1077,1231,Thẩm Dược Dược,Đinh Tiết Tường
1077,692,Thẩm Dược Dược,Lý Hi
1077,239,Thẩm Dược Dược,Doãn Lực
1077,1081,Thẩm Dược Dược,Thạch Thái Phong
1077,709,Thẩm Dược Dược,Lưu Quốc Trung
1077,684,Thẩm Dược Dược,Lý Cán Kiệt
1077,691,Thẩm Dược Dược,Lý Thư Lỗi
1077,697,Thẩm Dược Dược,Lý Hồng Trung
1077,427,Thẩm Dược Dược,Hà Vệ Đông
1077,431,Thẩm Dược Dược,Hà Lập Phong
1077,1140,Thẩm Dược Dược,Trương Quốc Thanh
1077,1108,Thẩm Dược Dược,Trần Văn Thanh (chính khách Trung Quốc)
1077,1106,Thẩm Dược Dược,Trần Mẫn Nhĩ
1077,701,Thẩm Dược Dược,Lưu Kim Quốc
1077,1174,Thẩm Dược Dược,Vương Tiểu Hồng
1077,1178,Thẩm Dược Dược,Vương Đông Minh
1077,433,Thẩm Dược Dược,Hàn Chính (chính khách)
1077,834,Thẩm Dược Dược,Ngô Chính Long
1077,1104,Thẩm Dược Dược,Thầm Di Cầm
1077,1096,Thẩm Dược Dược,Trương Quân
1077,702,Thẩm Dược Dược,Lý Khắc Cường
1077,715,Thẩm Dược Dược,Lật Chiến Thư
1077,1132,Thẩm Dược Dược,Uông Dương
1077,1162,Thẩm Dược Dược,Vương Kỳ Sơn
1077,1095,Thẩm Dược Dược,Triệu Khắc Chí
1077,430,Thẩm Dược Dược,Hạ Bảo Long
1078,713,Thái Anh Văn,Lại Thanh Đức
1078,693,Thái Anh Văn,Lý Đăng Huy
1078,1111,Thái Anh Văn,Trần Thủy Biển
1079,562,Thaddeus Stevens,John Quincy Adams
1079,469,Thaddeus Stevens,James Buchanan
1079,1190,Thaddeus Stevens,William Henry Harrison
1079,568,Thaddeus Stevens,John Tyler
1079,1180,Thaddeus Stevens,William H. Seward
1079,993,Thaddeus Stevens,Rutherford B. Hayes
1079,241,Thaddeus Stevens,Edwin Stanton
1079,1127,Thaddeus Stevens,Ulysses S. Grant
1079,548,Thaddeus Stevens,Jimmy Carter
1079,535,Thaddeus Stevens,John C. Breckinridge
1079,107,Thaddeus Stevens,Benjamin Butler
1080,160,Theodore Roosevelt,Charles W. Fairbanks
1080,1206,Theodore Roosevelt,William McKinley
1080,1189,Theodore Roosevelt,William Howard Taft
1080,302,Theodore Roosevelt,Garret Hobart
1080,1074,Theodore Roosevelt,Theodore Roosevelt Jr.
1080,1230,Theodore Roosevelt,Đại học Harvard
1080,1201,Theodore Roosevelt,Woodrow Wilson
1080,292,Theodore Roosevelt,Franklin D. Roosevelt
1080,170,Theodore Roosevelt,Chester A. Arthur
1080,566,Theodore Roosevelt,John Singer Sargent
1080,1072,Theodore Roosevelt,Thomas R. Marshall
1080,1170,Theodore Roosevelt,Warren G. Harding
1080,549,Theodore Roosevelt,John F. Kennedy
1080,539,Theodore Roosevelt,John Adams
1080,1083,Theodore Roosevelt,Thomas Jefferson
1080,483,Theodore Roosevelt,James Madison
1080,482,Theodore Roosevelt,James Monroe
1080,562,Theodore Roosevelt,John Quincy Adams
1080,1190,Theodore Roosevelt,William Henry Harrison
1080,568,Theodore Roosevelt,John Tyler
1080,473,Theodore Roosevelt,James K. Polk
1080,286,Theodore Roosevelt,Franklin Pierce
1080,469,Theodore Roosevelt,James Buchanan
1080,1127,Theodore Roosevelt,Ulysses S. Grant
1080,993,Theodore Roosevelt,Rutherford B. Hayes
1080,470,Theodore Roosevelt,James A. Garfield
1080,108,Theodore Roosevelt,Benjamin Harrison
1080,143,Theodore Roosevelt,Calvin Coolidge
1080,405,Theodore Roosevelt,Herbert Hoover
1080,389,Theodore Roosevelt,Harry S. Truman
1080,228,Theodore Roosevelt,Dwight D. Eisenhower
1080,688,Theodore Roosevelt,Lyndon B. Johnson
1080,968,Theodore Roosevelt,Richard Nixon
1080,340,Theodore Roosevelt,Gerald Ford
1080,548,Theodore Roosevelt,Jimmy Carter
1080,1036,Theodore Roosevelt,Ronald Reagan
1080,319,Theodore Roosevelt,George H. W. Bush
1080,119,Theodore Roosevelt,Bill Clinton
1080,330,Theodore Roosevelt,George W. Bush
1080,156,Theodore Roosevelt,Barack Obama
1080,298,Theodore Roosevelt,Donald Trump
1080,565,Theodore Roosevelt,Joe Biden
1080,246,Theodore Roosevelt,Elbridge Gerry
1080,192,Theodore Roosevelt,Daniel D. Tompkins
1080,538,Theodore Roosevelt,John C. Calhoun
1080,938,Theodore Roosevelt,Richard Mentor Johnson
1080,314,Theodore Roosevelt,George M. Dallas
1080,1187,Theodore Roosevelt,William R. King
1080,535,Theodore Roosevelt,John C. Breckinridge
1080,1179,Theodore Roosevelt,William A. Wheeler
1080,1066,Theodore Roosevelt,Thomas A. Hendricks
1080,9,Theodore Roosevelt,Adlai Stevenson I
1080,481,Theodore Roosevelt,James S. Sherman
1080,153,Theodore Roosevelt,Charles G. Dawes
1080,561,Theodore Roosevelt,John Nance Garner
1080,409,Theodore Roosevelt,Henry A. Wallace
1080,24,Theodore Roosevelt,Alben W. Barkley
1080,419,Theodore Roosevelt,Hubert Humphrey
1080,832,Theodore Roosevelt,Nelson Rockefeller
1080,1169,Theodore Roosevelt,Walter Mondale
1080,211,Theodore Roosevelt,Dick Cheney
1080,773,Theodore Roosevelt,Mike Pence
1080,628,Theodore Roosevelt,Kamala Harris
1080,466,Theodore Roosevelt,JD Vance
1081,1168,Thạch Thái Phong,Vương Hỗ Ninh
1081,1167,Thạch Thái Phong,Tập Cận Bình
1081,702,Thạch Thái Phong,Lý Khắc Cường
1081,834,Thạch Thái Phong,Ngô Chính Long
1081,686,Thạch Thái Phong,Lý Cường
1081,1094,Thạch Thái Phong,Triệu Lạc Tế
1081,1082,Thạch Thái Phong,Thái Kỳ
1081,1231,Thạch Thái Phong,Đinh Tiết Tường
1081,692,Thạch Thái Phong,Lý Hi
1081,239,Thạch Thái Phong,Doãn Lực
1081,709,Thạch Thái Phong,Lưu Quốc Trung
1081,684,Thạch Thái Phong,Lý Cán Kiệt
1081,691,Thạch Thái Phong,Lý Thư Lỗi
1081,697,Thạch Thái Phong,Lý Hồng Trung
1081,427,Thạch Thái Phong,Hà Vệ Đông
1081,431,Thạch Thái Phong,Hà Lập Phong
1081,1140,Thạch Thái Phong,Trương Quốc Thanh
1081,1108,Thạch Thái Phong,Trần Văn Thanh (chính khách Trung Quốc)
1081,1106,Thạch Thái Phong,Trần Mẫn Nhĩ
1081,701,Thạch Thái Phong,Lưu Kim Quốc
1081,1174,Thạch Thái Phong,Vương Tiểu Hồng
1081,1178,Thạch Thái Phong,Vương Đông Minh
1081,433,Thạch Thái Phong,Hàn Chính (chính khách)
1081,1104,Thạch Thái Phong,Thầm Di Cầm
1081,1077,Thạch Thái Phong,Thẩm Dược Dược
1081,1096,Thạch Thái Phong,Trương Quân
1081,826,Thạch Thái Phong,Nghê Nhạc Phong
1081,683,Thạch Thái Phong,Lâu Cần Kiệm
1081,1119,Thạch Thái Phong,Trịnh Sách Khiết
1081,1146,Thạch Thái Phong,Vu Vĩ Quốc
1081,698,Thạch Thái Phong,Lưu Kỳ (sinh năm 1957)
1081,1227,Thạch Thái Phong,Đỗ Gia Hào
1081,98,Thạch Thái Phong,Bayanqolu
1081,712,Thạch Thái Phong,Lộc Tâm Xã
1081,690,Thạch Thái Phong,Lý Nguyên Triều
1082,1167,Thái Kỳ,Tập Cận Bình
1082,1168,Thái Kỳ,Vương Hỗ Ninh
1082,1231,Thái Kỳ,Đinh Tiết Tường
1082,239,Thái Kỳ,Doãn Lực
1082,686,Thái Kỳ,Lý Cường
1082,1088,Thái Kỳ,Triệu Hồng Chúc
1082,430,Thái Kỳ,Hạ Bảo Long
1082,702,Thái Kỳ,Lý Khắc Cường
1082,1094,Thái Kỳ,Triệu Lạc Tế
1082,692,Thái Kỳ,Lý Hi
1082,1081,Thái Kỳ,Thạch Thái Phong
1082,709,Thái Kỳ,Lưu Quốc Trung
1082,684,Thái Kỳ,Lý Cán Kiệt
1082,691,Thái Kỳ,Lý Thư Lỗi
1082,697,Thái Kỳ,Lý Hồng Trung
1082,427,Thái Kỳ,Hà Vệ Đông
1082,431,Thái Kỳ,Hà Lập Phong
1082,1140,Thái Kỳ,Trương Quốc Thanh
1082,1108,Thái Kỳ,Trần Văn Thanh (chính khách Trung Quốc)
1082,1106,Thái Kỳ,Trần Mẫn Nhĩ
1082,701,Thái Kỳ,Lưu Kim Quốc
1082,1174,Thái Kỳ,Vương Tiểu Hồng
1082,1178,Thái Kỳ,Vương Đông Minh
1082,433,Thái Kỳ,Hàn Chính (chính khách)
1082,834,Thái Kỳ,Ngô Chính Long
1082,1104,Thái Kỳ,Thầm Di Cầm
1082,1077,Thái Kỳ,Thẩm Dược Dược
1082,1096,Thái Kỳ,Trương Quân
1082,715,Thái Kỳ,Lật Chiến Thư
1082,1132,Thái Kỳ,Uông Dương
1082,1162,Thái Kỳ,Vương Kỳ Sơn
1082,1095,Thái Kỳ,Triệu Khắc Chí
1082,826,Thái Kỳ,Nghê Nhạc Phong
1082,683,Thái Kỳ,Lâu Cần Kiệm
1082,1119,Thái Kỳ,Trịnh Sách Khiết
1082,1146,Thái Kỳ,Vu Vĩ Quốc
1082,698,Thái Kỳ,Lưu Kỳ (sinh năm 1957)
1082,1227,Thái Kỳ,Đỗ Gia Hào
1082,98,Thái Kỳ,Bayanqolu
1082,712,Thái Kỳ,Lộc Tâm Xã
1082,354,Thái Kỳ,Giả Khánh Lâm
1082,218,Thái Kỳ,Diệp Kiếm Anh
1082,1215,Thái Kỳ,Ân Dũng
1083,539,Thomas Jefferson,John Adams
1083,483,Thomas Jefferson,James Madison
1083,550,Thomas Jefferson,John Jay
1083,482,Thomas Jefferson,James Monroe
1083,177,Thomas Jefferson,Christopher Hitchens
1083,997,Thomas Jefferson,Samuel Dexter
1083,34,Thomas Jefferson,Albert Gallatin
1083,562,Thomas Jefferson,John Quincy Adams
1083,1190,Thomas Jefferson,William Henry Harrison
1083,568,Thomas Jefferson,John Tyler
1083,473,Thomas Jefferson,James K. Polk
1083,286,Thomas Jefferson,Franklin Pierce
1083,469,Thomas Jefferson,James Buchanan
1083,1127,Thomas Jefferson,Ulysses S. Grant
1083,993,Thomas Jefferson,Rutherford B. Hayes
1083,470,Thomas Jefferson,James A. Garfield
1083,170,Thomas Jefferson,Chester A. Arthur
1083,108,Thomas Jefferson,Benjamin Harrison
1083,1206,Thomas Jefferson,William McKinley
1083,1080,Thomas Jefferson,Theodore Roosevelt
1083,1189,Thomas Jefferson,William Howard Taft
1083,1201,Thomas Jefferson,Woodrow Wilson
1083,1170,Thomas Jefferson,Warren G. Harding
1083,143,Thomas Jefferson,Calvin Coolidge
1083,405,Thomas Jefferson,Herbert Hoover
1083,292,Thomas Jefferson,Franklin D. Roosevelt
1083,389,Thomas Jefferson,Harry S. Truman
1083,228,Thomas Jefferson,Dwight D. Eisenhower
1083,549,Thomas Jefferson,John F. Kennedy
1083,688,Thomas Jefferson,Lyndon B. Johnson
1083,968,Thomas Jefferson,Richard Nixon
1083,340,Thomas Jefferson,Gerald Ford
1083,548,Thomas Jefferson,Jimmy Carter
1083,1036,Thomas Jefferson,Ronald Reagan
1083,319,Thomas Jefferson,George H. W. Bush
1083,119,Thomas Jefferson,Bill Clinton
1083,330,Thomas Jefferson,George W. Bush
1083,156,Thomas Jefferson,Barack Obama
1083,298,Thomas Jefferson,Donald Trump
1083,565,Thomas Jefferson,Joe Biden
1083,246,Thomas Jefferson,Elbridge Gerry
1083,192,Thomas Jefferson,Daniel D. Tompkins
1083,538,Thomas Jefferson,John C. Calhoun
1083,938,Thomas Jefferson,Richard Mentor Johnson
1083,314,Thomas Jefferson,George M. Dallas
1083,1187,Thomas Jefferson,William R. King
1083,535,Thomas Jefferson,John C. Breckinridge
1083,1179,Thomas Jefferson,William A. Wheeler
1083,1066,Thomas Jefferson,Thomas A. Hendricks
1083,9,Thomas Jefferson,Adlai Stevenson I
1083,302,Thomas Jefferson,Garret Hobart
1083,160,Thomas Jefferson,Charles W. Fairbanks
1083,481,Thomas Jefferson,James S. Sherman
1083,1072,Thomas Jefferson,Thomas R. Marshall
1083,153,Thomas Jefferson,Charles G. Dawes
1083,561,Thomas Jefferson,John Nance Garner
1083,409,Thomas Jefferson,Henry A. Wallace
1083,24,Thomas Jefferson,Alben W. Barkley
1083,419,Thomas Jefferson,Hubert Humphrey
1083,832,Thomas Jefferson,Nelson Rockefeller
1083,1169,Thomas Jefferson,Walter Mondale
1083,211,Thomas Jefferson,Dick Cheney
1083,773,Thomas Jefferson,Mike Pence
1083,628,Thomas Jefferson,Kamala Harris
1083,466,Thomas Jefferson,JD Vance
1083,1099,Thomas Jefferson,Tim Kaine
1083,946,Thomas Jefferson,Ralph Northam
1084,620,Tony Abbott,Kevin Rudd
1084,717,Tony Abbott,Malcolm Turnbull
1084,597,Tony Abbott,Julia Gillard
1084,547,Tony Abbott,John Howard
1084,235,Tony Abbott,Edmund Barton
1084,44,Tony Abbott,Alfred Deakin
1084,318,Tony Abbott,George Reid (chính khách Úc)
1084,52,Tony Abbott,Andrew Fisher
1084,1032,Tony Abbott,Stanley Bruce
1084,236,Tony Abbott,Earle Page
1084,960,Tony Abbott,Robert Menzies
1084,282,Tony Abbott,Frank Forde
1084,377,Tony Abbott,Harold Holt
1084,559,Tony Abbott,John McEwen
1084,543,Tony Abbott,John Gorton
1084,1184,Tony Abbott,William McMahon
1084,348,Tony Abbott,Gough Whitlam
1084,714,Tony Abbott,Malcolm Fraser
1084,120,Tony Abbott,Bob Hawke
1084,1003,Tony Abbott,Scott Morrison
1084,63,Tony Abbott,Anthony Albanese
1085,626,Traian Băsescu,Klaus Iohannis
1086,702,Tiêu Á Khánh,Lý Khắc Cường
1086,630,Tiêu Á Khánh,Kim Tráng Long
1086,1167,Tiêu Á Khánh,Tập Cận Bình
1086,429,Tiêu Á Khánh,Hác Bằng
1086,1098,Tiêu Á Khánh,Trương Đức Giang
1086,433,Tiêu Á Khánh,Hàn Chính (chính khách)
1086,1095,Tiêu Á Khánh,Triệu Khắc Chí
1086,1174,Tiêu Á Khánh,Vương Tiểu Hồng
1086,421,Tiêu Á Khánh,Hoài Tiến Bằng
1086,1108,Tiêu Á Khánh,Trần Văn Thanh (chính khách Trung Quốc)
1086,1165,Tiêu Á Khánh,Vương Quảng Hoa
1086,684,Tiêu Á Khánh,Lý Cán Kiệt
1086,426,Tiêu Á Khánh,Hoàng Nhuận Thu
1086,828,Tiêu Á Khánh,Nghê Hồng
1086,689,Tiêu Á Khánh,Lý Quốc Anh
1086,1166,Tiêu Á Khánh,Vương Văn Đào
1086,696,Tiêu Á Khánh,Lạc Thụ Cương
1086,1172,Tiêu Á Khánh,Vương Tường Hỉ
1086,144,Tiêu Á Khánh,Bùi Kim Giai
1086,431,Tiêu Á Khánh,Hà Lập Phong
1086,811,Tiêu Á Khánh,Mã Hiểu Vĩ
1086,445,Tiêu Á Khánh,Hầu Khải
1087,816,Tim Cook,Narendra Modi
1087,1233,Tim Cook,Đại học Oxford
1087,156,Tim Cook,Barack Obama
1088,1162,Triệu Hồng Chúc,Vương Kỳ Sơn
1088,1167,Triệu Hồng Chúc,Tập Cận Bình
1088,430,Triệu Hồng Chúc,Hạ Bảo Long
1088,1077,Triệu Hồng Chúc,Thẩm Dược Dược
1088,1098,Triệu Hồng Chúc,Trương Đức Giang
1088,686,Triệu Hồng Chúc,Lý Cường
1088,1119,Triệu Hồng Chúc,Trịnh Sách Khiết
1089,533,Tim Walz,John Boehner
1089,875,Tim Walz,Paul Ryan
1089,628,Tim Walz,Kamala Harris
1089,60,Tim Walz,Andy Beshear
1089,886,Tim Walz,Pete Buttigieg
1089,480,Tim Walz,J. B. Pritzker
1089,582,Tim Walz,Josh Shapiro
1089,58,Tim Walz,Alexandria Ocasio-Cortez
1089,650,Tim Walz,Larry Hogan
1089,298,Tim Walz,Donald Trump
1089,565,Tim Walz,Joe Biden
1089,831,Tim Walz,Ned Lamont
1089,505,Tim Walz,Janet Mills
1089,173,Tim Walz,Charlie Baker
1089,183,Tim Walz,Chris Sununu
1089,913,Tim Walz,Phil Murphy
1089,50,Tim Walz,Andrew Cuomo
1089,1107,Tim Walz,Tom Wolf
1089,202,Tim Walz,Daniel McKee
1089,898,Tim Walz,Phil Scott
1089,258,Tim Walz,Eric Holcomb
1089,636,Tim Walz,Kim Reynolds
1089,673,Tim Walz,Laura Kelly
1089,367,Tim Walz,Gretchen Whitmer
1089,903,Tim Walz,Pete Ricketts
1089,220,Tim Walz,Doug Burgum
1089,812,Tim Walz,Mike DeWine
1089,642,Tim Walz,Kristi Noem
1089,1091,Tim Walz,Tony Evers
1089,614,Tim Walz,Kay Ivey
1089,91,Tim Walz,Asa Hutchinson
1089,554,Tim Walz,John Carney
1089,979,Tim Walz,Ron DeSantis
1089,142,Tim Walz,Brian Kemp
1089,536,Tim Walz,John Bel Edwards
1089,1061,Tim Walz,Tate Reeves
1089,1008,Tim Walz,Roy Cooper
1089,624,Tim Walz,Kevin Stitt
1089,404,Tim Walz,Henry McMaster
1089,124,Tim Walz,Bill Lee
1089,365,Tim Walz,Greg Abbott
1089,946,Tim Walz,Ralph Northam
1089,534,Tim Walz,Jim Justice
1089,779,Tim Walz,Mike Dunleavy
1089,242,Tim Walz,Doug Ducey
1089,331,Tim Walz,Gavin Newsom
1089,502,Tim Walz,Jared Polis
1089,208,Tim Walz,David Ige
1089,140,Tim Walz,Brad Little
1089,388,Tim Walz,Greg Gianforte
1089,1060,Tim Walz,Steve Sisolak
1089,787,Tim Walz,Michelle Lujan Grisham
1089,612,Tim Walz,Kate Brown
1089,1030,Tim Walz,Spencer Cox
1089,506,Tim Walz,Jay Inslee
1089,736,Tim Walz,Mark Gordon (chính trị gia)
1089,540,Tim Walz,Jerome Adams
1089,213,Tim Walz,Deborah Birx
1089,86,Tim Walz,Anthony Fauci
1089,139,Tim Walz,Brett Giroir
1089,888,Tim Walz,Peter Navarro
1089,773,Tim Walz,Mike Pence
1089,976,Tim Walz,Robert R. Redfield
1090,49,Toomas Hendrik Ilves,Andrus Ansip
1091,1001,Tony Evers,Scott Walker (chính khách)
1091,298,Tony Evers,Donald Trump
1091,565,Tony Evers,Joe Biden
1091,831,Tony Evers,Ned Lamont
1091,505,Tony Evers,Janet Mills
1091,173,Tony Evers,Charlie Baker
1091,183,Tony Evers,Chris Sununu
1091,913,Tony Evers,Phil Murphy
1091,50,Tony Evers,Andrew Cuomo
1091,1107,Tony Evers,Tom Wolf
1091,202,Tony Evers,Daniel McKee
1091,898,Tony Evers,Phil Scott
1091,480,Tony Evers,J. B. Pritzker
1091,258,Tony Evers,Eric Holcomb
1091,636,Tony Evers,Kim Reynolds
1091,673,Tony Evers,Laura Kelly
1091,367,Tony Evers,Gretchen Whitmer
1091,1089,Tony Evers,Tim Walz
1091,903,Tony Evers,Pete Ricketts
1091,220,Tony Evers,Doug Burgum
1091,812,Tony Evers,Mike DeWine
1091,642,Tony Evers,Kristi Noem
1091,614,Tony Evers,Kay Ivey
1091,91,Tony Evers,Asa Hutchinson
1091,554,Tony Evers,John Carney
1091,979,Tony Evers,Ron DeSantis
1091,142,Tony Evers,Brian Kemp
1091,60,Tony Evers,Andy Beshear
1091,536,Tony Evers,John Bel Edwards
1091,650,Tony Evers,Larry Hogan
1091,1061,Tony Evers,Tate Reeves
1091,1008,Tony Evers,Roy Cooper
1091,624,Tony Evers,Kevin Stitt
1091,404,Tony Evers,Henry McMaster
1091,124,Tony Evers,Bill Lee
1091,365,Tony Evers,Greg Abbott
1091,946,Tony Evers,Ralph Northam
1091,534,Tony Evers,Jim Justice
1091,779,Tony Evers,Mike Dunleavy
1091,242,Tony Evers,Doug Ducey
1091,331,Tony Evers,Gavin Newsom
1091,502,Tony Evers,Jared Polis
1091,208,Tony Evers,David Ige
1091,140,Tony Evers,Brad Little
1091,388,Tony Evers,Greg Gianforte
1091,1060,Tony Evers,Steve Sisolak
1091,787,Tony Evers,Michelle Lujan Grisham
1091,612,Tony Evers,Kate Brown
1091,1030,Tony Evers,Spencer Cox
1091,506,Tony Evers,Jay Inslee
1091,736,Tony Evers,Mark Gordon (chính trị gia)
1091,540,Tony Evers,Jerome Adams
1091,213,Tony Evers,Deborah Birx
1091,86,Tony Evers,Anthony Fauci
1091,139,Tony Evers,Brett Giroir
1091,888,Tony Evers,Peter Navarro
1091,773,Tony Evers,Mike Pence
1091,976,Tony Evers,Robert R. Redfield
1092,883,Trygve Haavelmo,Paul Samuelson
1092,1021,Trygve Haavelmo,Simon Kuznets
1092,551,Trygve Haavelmo,John Hicks
1092,621,Trygve Haavelmo,Kenneth Arrow
1092,295,Trygve Haavelmo,Friedrich Hayek
1092,794,Trygve Haavelmo,Milton Friedman
1092,112,Trygve Haavelmo,Bertil Ohlin
1092,494,Trygve Haavelmo,James Meade
1092,1062,Trygve Haavelmo,Theodore Schultz
1092,655,Trygve Haavelmo,Lawrence Klein
1092,485,Trygve Haavelmo,James Tobin
1092,320,Trygve Haavelmo,George Stigler
1092,364,Trygve Haavelmo,Gérard Debreu
1092,939,Trygve Haavelmo,Richard Stone
1092,281,Trygve Haavelmo,Franco Modigliani
1092,479,Trygve Haavelmo,James M. Buchanan
1092,975,Trygve Haavelmo,Robert Solow
1092,749,Trygve Haavelmo,Maurice Allais
1092,383,Trygve Haavelmo,Harry Markowitz
1092,759,Trygve Haavelmo,Merton Miller
1092,977,Trygve Haavelmo,Ronald Coase
1092,326,Trygve Haavelmo,Gary Becker
1092,957,Trygve Haavelmo,Robert Fogel
1092,221,Trygve Haavelmo,Douglass North
1092,956,Trygve Haavelmo,"Robert Lucas, Jr."
1092,476,Trygve Haavelmo,James Mirrlees
1092,1191,Trygve Haavelmo,William Vickrey
1092,805,Trygve Haavelmo,Myron Scholes
1092,54,Trygve Haavelmo,Amartya Sen
1092,962,Trygve Haavelmo,Robert Mundell
1092,472,Trygve Haavelmo,James Heckman
1092,310,Trygve Haavelmo,George Akerlof
1092,760,Trygve Haavelmo,Michael Spence
1092,587,Trygve Haavelmo,Joseph Stiglitz
1092,954,Trygve Haavelmo,Robert F. Engle
1092,194,Trygve Haavelmo,Clive Granger
1092,273,Trygve Haavelmo,Finn E. Kydland
1092,882,Trygve Haavelmo,Peter A. Diamond
1092,172,Trygve Haavelmo,Christopher A. Pissarides
1092,1068,Trygve Haavelmo,Thomas J. Sargent
1092,174,Trygve Haavelmo,Christopher A. Sims
1092,507,Trygve Haavelmo,Jean Tirole
1092,101,Trygve Haavelmo,Bengt Holmström
1092,941,Trygve Haavelmo,Richard Thaler
1092,262,Trygve Haavelmo,Esther Duflo
1092,580,Trygve Haavelmo,Joshua Angrist
1092,209,Trygve Haavelmo,David Card
1093,695,Trương Chí Hiền,Lý Hiển Long
1093,836,Trương Chí Hiền,Ngô Tác Đống
1093,1100,Trương Chí Hiền,Trần Khánh Viêm
1093,1059,Trương Chí Hiền,Tharman Shanmugaratnam
1093,1230,Trương Chí Hiền,Đại học Harvard
1094,1167,Triệu Lạc Tế,Tập Cận Bình
1094,715,Triệu Lạc Tế,Lật Chiến Thư
1094,1162,Triệu Lạc Tế,Vương Kỳ Sơn
1094,692,Triệu Lạc Tế,Lý Hi
1094,690,Triệu Lạc Tế,Lý Nguyên Triều
1094,686,Triệu Lạc Tế,Lý Cường
1094,1168,Triệu Lạc Tế,Vương Hỗ Ninh
1094,1082,Triệu Lạc Tế,Thái Kỳ
1094,1231,Triệu Lạc Tế,Đinh Tiết Tường
1094,239,Triệu Lạc Tế,Doãn Lực
1094,1081,Triệu Lạc Tế,Thạch Thái Phong
1094,709,Triệu Lạc Tế,Lưu Quốc Trung
1094,684,Triệu Lạc Tế,Lý Cán Kiệt
1094,691,Triệu Lạc Tế,Lý Thư Lỗi
1094,697,Triệu Lạc Tế,Lý Hồng Trung
1094,427,Triệu Lạc Tế,Hà Vệ Đông
1094,431,Triệu Lạc Tế,Hà Lập Phong
1094,1140,Triệu Lạc Tế,Trương Quốc Thanh
1094,1108,Triệu Lạc Tế,Trần Văn Thanh (chính khách Trung Quốc)
1094,1106,Triệu Lạc Tế,Trần Mẫn Nhĩ
1094,701,Triệu Lạc Tế,Lưu Kim Quốc
1094,1174,Triệu Lạc Tế,Vương Tiểu Hồng
1094,1178,Triệu Lạc Tế,Vương Đông Minh
1094,433,Triệu Lạc Tế,Hàn Chính (chính khách)
1094,834,Triệu Lạc Tế,Ngô Chính Long
1094,1104,Triệu Lạc Tế,Thầm Di Cầm
1094,1077,Triệu Lạc Tế,Thẩm Dược Dược
1094,1096,Triệu Lạc Tế,Trương Quân
1094,702,Triệu Lạc Tế,Lý Khắc Cường
1094,1132,Triệu Lạc Tế,Uông Dương
1094,1095,Triệu Lạc Tế,Triệu Khắc Chí
1094,430,Triệu Lạc Tế,Hạ Bảo Long
1094,683,Triệu Lạc Tế,Lâu Cần Kiệm
1094,429,Triệu Lạc Tế,Hác Bằng
1095,702,Triệu Khắc Chí,Lý Khắc Cường
1095,1174,Triệu Khắc Chí,Vương Tiểu Hồng
1095,715,Triệu Khắc Chí,Lật Chiến Thư
1095,1106,Triệu Khắc Chí,Trần Mẫn Nhĩ
1095,1167,Triệu Khắc Chí,Tập Cận Bình
1095,686,Triệu Khắc Chí,Lý Cường
1095,1094,Triệu Khắc Chí,Triệu Lạc Tế
1095,1168,Triệu Khắc Chí,Vương Hỗ Ninh
1095,1082,Triệu Khắc Chí,Thái Kỳ
1095,1231,Triệu Khắc Chí,Đinh Tiết Tường
1095,692,Triệu Khắc Chí,Lý Hi
1095,239,Triệu Khắc Chí,Doãn Lực
1095,427,Triệu Khắc Chí,Hà Vệ Đông
1095,1081,Triệu Khắc Chí,Thạch Thái Phong
1095,709,Triệu Khắc Chí,Lưu Quốc Trung
1095,684,Triệu Khắc Chí,Lý Cán Kiệt
1095,697,Triệu Khắc Chí,Lý Hồng Trung
1095,691,Triệu Khắc Chí,Lý Thư Lỗi
1095,431,Triệu Khắc Chí,Hà Lập Phong
1095,1140,Triệu Khắc Chí,Trương Quốc Thanh
1095,701,Triệu Khắc Chí,Lưu Kim Quốc
1095,1077,Triệu Khắc Chí,Thẩm Dược Dược
1095,1178,Triệu Khắc Chí,Vương Đông Minh
1095,433,Triệu Khắc Chí,Hàn Chính (chính khách)
1095,1132,Triệu Khắc Chí,Uông Dương
1095,430,Triệu Khắc Chí,Hạ Bảo Long
1095,1096,Triệu Khắc Chí,Trương Quân
1095,421,Triệu Khắc Chí,Hoài Tiến Bằng
1095,1086,Triệu Khắc Chí,Tiêu Á Khánh
1095,630,Triệu Khắc Chí,Kim Tráng Long
1095,1108,Triệu Khắc Chí,Trần Văn Thanh (chính khách Trung Quốc)
1095,1165,Triệu Khắc Chí,Vương Quảng Hoa
1095,426,Triệu Khắc Chí,Hoàng Nhuận Thu
1095,828,Triệu Khắc Chí,Nghê Hồng
1095,689,Triệu Khắc Chí,Lý Quốc Anh
1095,1166,Triệu Khắc Chí,Vương Văn Đào
1095,696,Triệu Khắc Chí,Lạc Thụ Cương
1095,1172,Triệu Khắc Chí,Vương Tường Hỉ
1095,144,Triệu Khắc Chí,Bùi Kim Giai
1095,811,Triệu Khắc Chí,Mã Hiểu Vĩ
1095,445,Triệu Khắc Chí,Hầu Khải
1095,343,Triệu Khắc Chí,Giả Xuân Vượng
1095,826,Triệu Khắc Chí,Nghê Nhạc Phong
1095,457,Triệu Khắc Chí,Hồ Cẩm Đào
1095,1104,Triệu Khắc Chí,Thầm Di Cầm
1096,702,Trương Quân,Lý Khắc Cường
1096,1167,Trương Quân,Tập Cận Bình
1096,686,Trương Quân,Lý Cường
1096,1094,Trương Quân,Triệu Lạc Tế
1096,1168,Trương Quân,Vương Hỗ Ninh
1096,1082,Trương Quân,Thái Kỳ
1096,1231,Trương Quân,Đinh Tiết Tường
1096,692,Trương Quân,Lý Hi
1096,239,Trương Quân,Doãn Lực
1096,1081,Trương Quân,Thạch Thái Phong
1096,709,Trương Quân,Lưu Quốc Trung
1096,684,Trương Quân,Lý Cán Kiệt
1096,691,Trương Quân,Lý Thư Lỗi
1096,697,Trương Quân,Lý Hồng Trung
1096,427,Trương Quân,Hà Vệ Đông
1096,431,Trương Quân,Hà Lập Phong
1096,1140,Trương Quân,Trương Quốc Thanh
1096,1108,Trương Quân,Trần Văn Thanh (chính khách Trung Quốc)
1096,1106,Trương Quân,Trần Mẫn Nhĩ
1096,701,Trương Quân,Lưu Kim Quốc
1096,1174,Trương Quân,Vương Tiểu Hồng
1096,1178,Trương Quân,Vương Đông Minh
1096,433,Trương Quân,Hàn Chính (chính khách)
1096,834,Trương Quân,Ngô Chính Long
1096,1104,Trương Quân,Thầm Di Cầm
1096,1077,Trương Quân,Thẩm Dược Dược
1096,715,Trương Quân,Lật Chiến Thư
1096,1132,Trương Quân,Uông Dương
1096,1162,Trương Quân,Vương Kỳ Sơn
1096,1095,Trương Quân,Triệu Khắc Chí
1096,430,Trương Quân,Hạ Bảo Long
1097,1234,Tony Atkinson,Đại học Cambridge
1097,494,Tony Atkinson,James Meade
1097,1070,Tony Atkinson,Thomas Piketty
1097,1233,Tony Atkinson,Đại học Oxford
1097,587,Tony Atkinson,Joseph Stiglitz
1098,829,Trương Đức Giang,Ngô Bang Quốc
1098,715,Trương Đức Giang,Lật Chiến Thư
1098,136,Trương Đức Giang,Bạc Hy Lai
1098,1132,Trương Đức Giang,Uông Dương
1098,1167,Trương Đức Giang,Tập Cận Bình
1098,342,Trương Đức Giang,Giang Trạch Dân
1098,702,Trương Đức Giang,Lý Khắc Cường
1098,1168,Trương Đức Giang,Vương Hỗ Ninh
1098,1094,Trương Đức Giang,Triệu Lạc Tế
1098,433,Trương Đức Giang,Hàn Chính (chính khách)
1098,1106,Trương Đức Giang,Trần Mẫn Nhĩ
1098,1140,Trương Đức Giang,Trương Quốc Thanh
1098,1226,Trương Đức Giang,Đường Lương Trí
1098,218,Trương Đức Giang,Diệp Kiếm Anh
1098,692,Trương Đức Giang,Lý Hi
1098,1088,Trương Đức Giang,Triệu Hồng Chúc
1098,430,Trương Đức Giang,Hạ Bảo Long
1098,686,Trương Đức Giang,Lý Cường
1098,1119,Trương Đức Giang,Trịnh Sách Khiết
1098,98,Trương Đức Giang,Bayanqolu
1098,709,Trương Đức Giang,Lưu Quốc Trung
1099,522,Tim Kaine,Jim Webb
1099,414,Tim Kaine,Howard Dean
1099,1230,Tim Kaine,Đại học Harvard
1099,422,Tim Kaine,Hillary Clinton
1099,250,Tim Kaine,Elizabeth Warren
1099,119,Tim Kaine,Bill Clinton
1099,1201,Tim Kaine,Woodrow Wilson
1099,568,Tim Kaine,John Tyler
1099,565,Tim Kaine,Joe Biden
1099,628,Tim Kaine,Kamala Harris
1099,1053,Tim Kaine,Ted Cruz
1099,238,Tim Kaine,Ed Rendell
1099,538,Tim Kaine,John C. Calhoun
1099,938,Tim Kaine,Richard Mentor Johnson
1099,314,Tim Kaine,George M. Dallas
1099,286,Tim Kaine,Franklin Pierce
1099,1187,Tim Kaine,William R. King
1099,469,Tim Kaine,James Buchanan
1099,535,Tim Kaine,John C. Breckinridge
1099,1034,Tim Kaine,Stephen A. Douglas
1099,1066,Tim Kaine,Thomas A. Hendricks
1099,9,Tim Kaine,Adlai Stevenson I
1099,1072,Tim Kaine,Thomas R. Marshall
1099,292,Tim Kaine,Franklin D. Roosevelt
1099,561,Tim Kaine,John Nance Garner
1099,409,Tim Kaine,Henry A. Wallace
1099,389,Tim Kaine,Harry S. Truman
1099,24,Tim Kaine,Alben W. Barkley
1099,549,Tim Kaine,John F. Kennedy
1099,688,Tim Kaine,Lyndon B. Johnson
1099,419,Tim Kaine,Hubert Humphrey
1099,315,Tim Kaine,George McGovern
1099,548,Tim Kaine,Jimmy Carter
1099,1169,Tim Kaine,Walter Mondale
1099,156,Tim Kaine,Barack Obama
1099,1089,Tim Kaine,Tim Walz
1099,1083,Tim Kaine,Thomas Jefferson
1099,482,Tim Kaine,James Monroe
1099,946,Tim Kaine,Ralph Northam
1100,695,Trần Khánh Viêm,Lý Hiển Long
1100,1002,Trần Khánh Viêm,Sellapan Ramanathan
1100,374,Trần Khánh Viêm,Halimah Yacob
1100,836,Trần Khánh Viêm,Ngô Tác Đống
1102,842,Trần Lệ Xuân,Ngô Đình Diệm
1102,835,Trần Lệ Xuân,Ngô Đình Nhu
1102,901,Trần Lệ Xuân,Phêrô Máctinô Ngô Đình Thục
1102,955,Trần Lệ Xuân,Robert McNamara
1102,549,Trần Lệ Xuân,John F. Kennedy
1102,201,Trần Lệ Xuân,David Halberstam
1102,1114,Trần Lệ Xuân,Trần Văn Đôn
1102,396,Trần Lệ Xuân,Henry Cabot Lodge Jr.
1102,1149,Trần Lệ Xuân,Vũ Văn Mẫu
1102,229,Trần Lệ Xuân,Dương Văn Minh
1102,681,Trần Lệ Xuân,Lê Văn Kim
1102,825,Trần Lệ Xuân,Nguyễn Hữu Có
1102,827,Trần Lệ Xuân,Nguyễn Khánh
1102,856,Trần Lệ Xuân,Nguyễn Văn Thiệu
1102,1118,Trần Lệ Xuân,Tôn Thất Đính
1103,702,Trần Nhất Tân,Lý Khắc Cường
1103,1108,Trần Nhất Tân,Trần Văn Thanh (chính khách Trung Quốc)
1103,1167,Trần Nhất Tân,Tập Cận Bình
1103,1230,Trần Nhất Tân,Đại học Harvard
1103,1098,Trần Nhất Tân,Trương Đức Giang
1103,1088,Trần Nhất Tân,Triệu Hồng Chúc
1103,1168,Trần Nhất Tân,Vương Hỗ Ninh
1103,686,Trần Nhất Tân,Lý Cường
1103,1231,Trần Nhất Tân,Đinh Tiết Tường
1103,431,Trần Nhất Tân,Hà Lập Phong
1103,1140,Trần Nhất Tân,Trương Quốc Thanh
1103,709,Trần Nhất Tân,Lưu Quốc Trung
1103,1174,Trần Nhất Tân,Vương Tiểu Hồng
1103,834,Trần Nhất Tân,Ngô Chính Long
1103,1104,Trần Nhất Tân,Thầm Di Cầm
1103,421,Trần Nhất Tân,Hoài Tiến Bằng
1103,630,Trần Nhất Tân,Kim Tráng Long
1103,439,Trần Nhất Tân,Hạ Vinh
1103,1156,Trần Nhất Tân,Vương Hiểu Bình
1103,1165,Trần Nhất Tân,Vương Quảng Hoa
1103,426,Trần Nhất Tân,Hoàng Nhuận Thu
1103,828,Trần Nhất Tân,Nghê Hồng
1103,689,Trần Nhất Tân,Lý Quốc Anh
1103,1166,Trần Nhất Tân,Vương Văn Đào
1103,1172,Trần Nhất Tân,Vương Tường Hỉ
1103,144,Trần Nhất Tân,Bùi Kim Giai
1103,1119,Trần Nhất Tân,Trịnh Sách Khiết
1103,899,Trần Nhất Tân,Phan Nhạc (chính khách)
1103,811,Trần Nhất Tân,Mã Hiểu Vĩ
1103,893,Trần Nhất Tân,Phan Công Thắng
1103,445,Trần Nhất Tân,Hầu Khải
1103,433,Trần Nhất Tân,Hàn Chính (chính khách)
1103,1095,Trần Nhất Tân,Triệu Khắc Chí
1103,1086,Trần Nhất Tân,Tiêu Á Khánh
1103,684,Trần Nhất Tân,Lý Cán Kiệt
1103,696,Trần Nhất Tân,Lạc Thụ Cương
1104,1167,Thầm Di Cầm,Tập Cận Bình
1104,457,Thầm Di Cầm,Hồ Cẩm Đào
1104,1106,Thầm Di Cầm,Trần Mẫn Nhĩ
1104,715,Thầm Di Cầm,Lật Chiến Thư
1104,1095,Thầm Di Cầm,Triệu Khắc Chí
1104,686,Thầm Di Cầm,Lý Cường
1104,1094,Thầm Di Cầm,Triệu Lạc Tế
1104,1168,Thầm Di Cầm,Vương Hỗ Ninh
1104,1082,Thầm Di Cầm,Thái Kỳ
1104,1231,Thầm Di Cầm,Đinh Tiết Tường
1104,692,Thầm Di Cầm,Lý Hi
1104,239,Thầm Di Cầm,Doãn Lực
1104,1081,Thầm Di Cầm,Thạch Thái Phong
1104,709,Thầm Di Cầm,Lưu Quốc Trung
1104,684,Thầm Di Cầm,Lý Cán Kiệt
1104,691,Thầm Di Cầm,Lý Thư Lỗi
1104,697,Thầm Di Cầm,Lý Hồng Trung
1104,427,Thầm Di Cầm,Hà Vệ Đông
1104,431,Thầm Di Cầm,Hà Lập Phong
1104,1140,Thầm Di Cầm,Trương Quốc Thanh
1104,1108,Thầm Di Cầm,Trần Văn Thanh (chính khách Trung Quốc)
1104,701,Thầm Di Cầm,Lưu Kim Quốc
1104,1174,Thầm Di Cầm,Vương Tiểu Hồng
1104,1178,Thầm Di Cầm,Vương Đông Minh
1104,433,Thầm Di Cầm,Hàn Chính (chính khách)
1104,834,Thầm Di Cầm,Ngô Chính Long
1104,1077,Thầm Di Cầm,Thẩm Dược Dược
1104,1096,Thầm Di Cầm,Trương Quân
1104,421,Thầm Di Cầm,Hoài Tiến Bằng
1104,630,Thầm Di Cầm,Kim Tráng Long
1104,1103,Thầm Di Cầm,Trần Nhất Tân
1104,439,Thầm Di Cầm,Hạ Vinh
1104,1156,Thầm Di Cầm,Vương Hiểu Bình
1104,1165,Thầm Di Cầm,Vương Quảng Hoa
1104,426,Thầm Di Cầm,Hoàng Nhuận Thu
1104,828,Thầm Di Cầm,Nghê Hồng
1104,689,Thầm Di Cầm,Lý Quốc Anh
1104,1166,Thầm Di Cầm,Vương Văn Đào
1104,1172,Thầm Di Cầm,Vương Tường Hỉ
1104,144,Thầm Di Cầm,Bùi Kim Giai
1104,1119,Thầm Di Cầm,Trịnh Sách Khiết
1104,899,Thầm Di Cầm,Phan Nhạc (chính khách)
1104,811,Thầm Di Cầm,Mã Hiểu Vĩ
1104,893,Thầm Di Cầm,Phan Công Thắng
1104,445,Thầm Di Cầm,Hầu Khải
1104,826,Thầm Di Cầm,Nghê Nhạc Phong
1104,683,Thầm Di Cầm,Lâu Cần Kiệm
1104,1146,Thầm Di Cầm,Vu Vĩ Quốc
1104,698,Thầm Di Cầm,Lưu Kỳ (sinh năm 1957)
1104,1227,Thầm Di Cầm,Đỗ Gia Hào
1104,98,Thầm Di Cầm,Bayanqolu
1104,712,Thầm Di Cầm,Lộc Tâm Xã
1104,1226,Thầm Di Cầm,Đường Lương Trí
1104,651,Thầm Di Cầm,Lam Phật An
1105,1125,Trần Độc Tú,Tưởng Giới Thạch
1105,761,Trần Độc Tú,Mao Trạch Đông
1105,342,Trần Độc Tú,Giang Trạch Dân
1105,457,Trần Độc Tú,Hồ Cẩm Đào
1105,1167,Trần Độc Tú,Tập Cận Bình
1106,1167,Trần Mẫn Nhĩ,Tập Cận Bình
1106,697,Trần Mẫn Nhĩ,Lý Hồng Trung
1106,1095,Trần Mẫn Nhĩ,Triệu Khắc Chí
1106,686,Trần Mẫn Nhĩ,Lý Cường
1106,1094,Trần Mẫn Nhĩ,Triệu Lạc Tế
1106,1168,Trần Mẫn Nhĩ,Vương Hỗ Ninh
1106,1082,Trần Mẫn Nhĩ,Thái Kỳ
1106,1231,Trần Mẫn Nhĩ,Đinh Tiết Tường
1106,692,Trần Mẫn Nhĩ,Lý Hi
1106,239,Trần Mẫn Nhĩ,Doãn Lực
1106,1081,Trần Mẫn Nhĩ,Thạch Thái Phong
1106,709,Trần Mẫn Nhĩ,Lưu Quốc Trung
1106,684,Trần Mẫn Nhĩ,Lý Cán Kiệt
1106,691,Trần Mẫn Nhĩ,Lý Thư Lỗi
1106,427,Trần Mẫn Nhĩ,Hà Vệ Đông
1106,431,Trần Mẫn Nhĩ,Hà Lập Phong
1106,1140,Trần Mẫn Nhĩ,Trương Quốc Thanh
1106,1108,Trần Mẫn Nhĩ,Trần Văn Thanh (chính khách Trung Quốc)
1106,701,Trần Mẫn Nhĩ,Lưu Kim Quốc
1106,1174,Trần Mẫn Nhĩ,Vương Tiểu Hồng
1106,1178,Trần Mẫn Nhĩ,Vương Đông Minh
1106,433,Trần Mẫn Nhĩ,Hàn Chính (chính khách)
1106,834,Trần Mẫn Nhĩ,Ngô Chính Long
1106,1104,Trần Mẫn Nhĩ,Thầm Di Cầm
1106,1077,Trần Mẫn Nhĩ,Thẩm Dược Dược
1106,1096,Trần Mẫn Nhĩ,Trương Quân
1106,702,Trần Mẫn Nhĩ,Lý Khắc Cường
1106,715,Trần Mẫn Nhĩ,Lật Chiến Thư
1106,1132,Trần Mẫn Nhĩ,Uông Dương
1106,1162,Trần Mẫn Nhĩ,Vương Kỳ Sơn
1106,430,Trần Mẫn Nhĩ,Hạ Bảo Long
1106,826,Trần Mẫn Nhĩ,Nghê Nhạc Phong
1106,651,Trần Mẫn Nhĩ,Lam Phật An
1106,1119,Trần Mẫn Nhĩ,Trịnh Sách Khiết
1106,429,Trần Mẫn Nhĩ,Hác Bằng
1106,683,Trần Mẫn Nhĩ,Lâu Cần Kiệm
1106,1146,Trần Mẫn Nhĩ,Vu Vĩ Quốc
1106,698,Trần Mẫn Nhĩ,Lưu Kỳ (sinh năm 1957)
1106,1227,Trần Mẫn Nhĩ,Đỗ Gia Hào
1106,98,Trần Mẫn Nhĩ,Bayanqolu
1106,712,Trần Mẫn Nhĩ,Lộc Tâm Xã
1106,136,Trần Mẫn Nhĩ,Bạc Hy Lai
1106,1098,Trần Mẫn Nhĩ,Trương Đức Giang
1106,1226,Trần Mẫn Nhĩ,Đường Lương Trí
1106,457,Trần Mẫn Nhĩ,Hồ Cẩm Đào
1107,582,Tom Wolf,Josh Shapiro
1107,238,Tom Wolf,Ed Rendell
1107,1150,Tom Wolf,Viện Công nghệ Massachusetts
1107,1230,Tom Wolf,Đại học Harvard
1107,565,Tom Wolf,Joe Biden
1107,831,Tom Wolf,Ned Lamont
1107,505,Tom Wolf,Janet Mills
1107,173,Tom Wolf,Charlie Baker
1107,183,Tom Wolf,Chris Sununu
1107,913,Tom Wolf,Phil Murphy
1107,50,Tom Wolf,Andrew Cuomo
1107,202,Tom Wolf,Daniel McKee
1107,898,Tom Wolf,Phil Scott
1107,480,Tom Wolf,J. B. Pritzker
1107,258,Tom Wolf,Eric Holcomb
1107,636,Tom Wolf,Kim Reynolds
1107,673,Tom Wolf,Laura Kelly
1107,367,Tom Wolf,Gretchen Whitmer
1107,1089,Tom Wolf,Tim Walz
1107,903,Tom Wolf,Pete Ricketts
1107,220,Tom Wolf,Doug Burgum
1107,812,Tom Wolf,Mike DeWine
1107,642,Tom Wolf,Kristi Noem
1107,1091,Tom Wolf,Tony Evers
1107,614,Tom Wolf,Kay Ivey
1107,91,Tom Wolf,Asa Hutchinson
1107,554,Tom Wolf,John Carney
1107,979,Tom Wolf,Ron DeSantis
1107,142,Tom Wolf,Brian Kemp
1107,60,Tom Wolf,Andy Beshear
1107,536,Tom Wolf,John Bel Edwards
1107,650,Tom Wolf,Larry Hogan
1107,1061,Tom Wolf,Tate Reeves
1107,1008,Tom Wolf,Roy Cooper
1107,624,Tom Wolf,Kevin Stitt
1107,404,Tom Wolf,Henry McMaster
1107,124,Tom Wolf,Bill Lee
1107,365,Tom Wolf,Greg Abbott
1107,946,Tom Wolf,Ralph Northam
1107,534,Tom Wolf,Jim Justice
1107,779,Tom Wolf,Mike Dunleavy
1107,242,Tom Wolf,Doug Ducey
1107,331,Tom Wolf,Gavin Newsom
1107,502,Tom Wolf,Jared Polis
1107,208,Tom Wolf,David Ige
1107,140,Tom Wolf,Brad Little
1107,388,Tom Wolf,Greg Gianforte
1107,1060,Tom Wolf,Steve Sisolak
1107,787,Tom Wolf,Michelle Lujan Grisham
1107,612,Tom Wolf,Kate Brown
1107,1030,Tom Wolf,Spencer Cox
1107,506,Tom Wolf,Jay Inslee
1107,736,Tom Wolf,Mark Gordon (chính trị gia)
1107,540,Tom Wolf,Jerome Adams
1107,213,Tom Wolf,Deborah Birx
1107,86,Tom Wolf,Anthony Fauci
1107,139,Tom Wolf,Brett Giroir
1107,888,Tom Wolf,Peter Navarro
1107,773,Tom Wolf,Mike Pence
1107,976,Tom Wolf,Robert R. Redfield
1107,298,Tom Wolf,Donald Trump
1108,702,Trần Văn Thanh (chính khách Trung Quốc),Lý Khắc Cường
1108,1103,Trần Văn Thanh (chính khách Trung Quốc),Trần Nhất Tân
1108,1167,Trần Văn Thanh (chính khách Trung Quốc),Tập Cận Bình
1108,686,Trần Văn Thanh (chính khách Trung Quốc),Lý Cường
1108,1094,Trần Văn Thanh (chính khách Trung Quốc),Triệu Lạc Tế
1108,1168,Trần Văn Thanh (chính khách Trung Quốc),Vương Hỗ Ninh
1108,1082,Trần Văn Thanh (chính khách Trung Quốc),Thái Kỳ
1108,1231,Trần Văn Thanh (chính khách Trung Quốc),Đinh Tiết Tường
1108,692,Trần Văn Thanh (chính khách Trung Quốc),Lý Hi
1108,239,Trần Văn Thanh (chính khách Trung Quốc),Doãn Lực
1108,1081,Trần Văn Thanh (chính khách Trung Quốc),Thạch Thái Phong
1108,709,Trần Văn Thanh (chính khách Trung Quốc),Lưu Quốc Trung
1108,684,Trần Văn Thanh (chính khách Trung Quốc),Lý Cán Kiệt
1108,691,Trần Văn Thanh (chính khách Trung Quốc),Lý Thư Lỗi
1108,697,Trần Văn Thanh (chính khách Trung Quốc),Lý Hồng Trung
1108,427,Trần Văn Thanh (chính khách Trung Quốc),Hà Vệ Đông
1108,431,Trần Văn Thanh (chính khách Trung Quốc),Hà Lập Phong
1108,1140,Trần Văn Thanh (chính khách Trung Quốc),Trương Quốc Thanh
1108,1106,Trần Văn Thanh (chính khách Trung Quốc),Trần Mẫn Nhĩ
1108,701,Trần Văn Thanh (chính khách Trung Quốc),Lưu Kim Quốc
1108,1174,Trần Văn Thanh (chính khách Trung Quốc),Vương Tiểu Hồng
1108,1178,Trần Văn Thanh (chính khách Trung Quốc),Vương Đông Minh
1108,433,Trần Văn Thanh (chính khách Trung Quốc),Hàn Chính (chính khách)
1108,834,Trần Văn Thanh (chính khách Trung Quốc),Ngô Chính Long
1108,1104,Trần Văn Thanh (chính khách Trung Quốc),Thầm Di Cầm
1108,1077,Trần Văn Thanh (chính khách Trung Quốc),Thẩm Dược Dược
1108,1096,Trần Văn Thanh (chính khách Trung Quốc),Trương Quân
1108,1095,Trần Văn Thanh (chính khách Trung Quốc),Triệu Khắc Chí
1108,421,Trần Văn Thanh (chính khách Trung Quốc),Hoài Tiến Bằng
1108,1086,Trần Văn Thanh (chính khách Trung Quốc),Tiêu Á Khánh
1108,630,Trần Văn Thanh (chính khách Trung Quốc),Kim Tráng Long
1108,1165,Trần Văn Thanh (chính khách Trung Quốc),Vương Quảng Hoa
1108,426,Trần Văn Thanh (chính khách Trung Quốc),Hoàng Nhuận Thu
1108,828,Trần Văn Thanh (chính khách Trung Quốc),Nghê Hồng
1108,689,Trần Văn Thanh (chính khách Trung Quốc),Lý Quốc Anh
1108,1166,Trần Văn Thanh (chính khách Trung Quốc),Vương Văn Đào
1108,696,Trần Văn Thanh (chính khách Trung Quốc),Lạc Thụ Cương
1108,1172,Trần Văn Thanh (chính khách Trung Quốc),Vương Tường Hỉ
1108,144,Trần Văn Thanh (chính khách Trung Quốc),Bùi Kim Giai
1108,811,Trần Văn Thanh (chính khách Trung Quốc),Mã Hiểu Vĩ
1108,445,Trần Văn Thanh (chính khách Trung Quốc),Hầu Khải
1108,343,Trần Văn Thanh (chính khách Trung Quốc),Giả Xuân Vượng
1109,1045,Turgut Özal,Süleyman Demirel
1109,18,Turgut Özal,Ahmet Necdet Sezer
1109,10,Turgut Özal,Abdullah Gül
1109,928,Turgut Özal,Recep Tayyip Erdoğan
1110,833,Trần Đức Lương,Nguyễn Minh Triết
1110,119,Trần Đức Lương,Bill Clinton
1110,1153,Trần Đức Lương,Vladimir Vladimirovich Putin
1110,474,Trần Đức Lương,Jacques Chirac
1110,720,Trần Đức Lương,Manmohan Singh
1110,722,Trần Đức Lương,Lương Cường
1110,488,Trần Đức Lương,Hồ Chí Minh
1110,830,Trần Đức Lương,Nguyễn Phú Trọng
1110,844,Trần Đức Lương,Nguyễn Xuân Phúc
1110,1155,Trần Đức Lương,Võ Thị Ánh Xuân
1110,1151,Trần Đức Lương,Võ Văn Thưởng
1110,851,Trần Đức Lương,Nguyễn Tấn Dũng
1111,693,Trần Thủy Biển,Lý Đăng Huy
1111,623,Trần Thủy Biển,Kim Young-sam
1111,1078,Trần Thủy Biển,Thái Anh Văn
1111,713,Trần Thủy Biển,Lại Thanh Đức
1113,686,Tôn Nghiệp Lễ,Lý Cường
1114,229,Trần Văn Đôn,Dương Văn Minh
1114,681,Trần Văn Đôn,Lê Văn Kim
1114,842,Trần Văn Đôn,Ngô Đình Diệm
1114,827,Trần Văn Đôn,Nguyễn Khánh
1114,1118,Trần Văn Đôn,Tôn Thất Đính
1114,856,Trần Văn Đôn,Nguyễn Văn Thiệu
1114,1149,Trần Văn Đôn,Vũ Văn Mẫu
1114,1102,Trần Văn Đôn,Trần Lệ Xuân
1114,835,Trần Văn Đôn,Ngô Đình Nhu
1115,457,Tăng Khánh Hồng,Hồ Cẩm Đào
1115,1167,Tăng Khánh Hồng,Tập Cận Bình
1115,342,Tăng Khánh Hồng,Giang Trạch Dân
1115,136,Tăng Khánh Hồng,Bạc Hy Lai
1116,1167,Tề Tâm,Tập Cận Bình
1117,639,Ueda Kazuo,Kishida Fumio
1117,1150,Ueda Kazuo,Viện Công nghệ Massachusetts
1118,1114,Tôn Thất Đính,Trần Văn Đôn
1118,827,Tôn Thất Đính,Nguyễn Khánh
1118,229,Tôn Thất Đính,Dương Văn Minh
1118,825,Tôn Thất Đính,Nguyễn Hữu Có
1118,842,Tôn Thất Đính,Ngô Đình Diệm
1118,835,Tôn Thất Đính,Ngô Đình Nhu
1118,681,Tôn Thất Đính,Lê Văn Kim
1118,856,Tôn Thất Đính,Nguyễn Văn Thiệu
1118,201,Tôn Thất Đính,David Halberstam
1119,686,Trịnh Sách Khiết,Lý Cường
1119,431,Trịnh Sách Khiết,Hà Lập Phong
1119,1167,Trịnh Sách Khiết,Tập Cận Bình
1119,1231,Trịnh Sách Khiết,Đinh Tiết Tường
1119,1140,Trịnh Sách Khiết,Trương Quốc Thanh
1119,709,Trịnh Sách Khiết,Lưu Quốc Trung
1119,1174,Trịnh Sách Khiết,Vương Tiểu Hồng
1119,834,Trịnh Sách Khiết,Ngô Chính Long
1119,1104,Trịnh Sách Khiết,Thầm Di Cầm
1119,421,Trịnh Sách Khiết,Hoài Tiến Bằng
1119,630,Trịnh Sách Khiết,Kim Tráng Long
1119,1103,Trịnh Sách Khiết,Trần Nhất Tân
1119,439,Trịnh Sách Khiết,Hạ Vinh
1119,1156,Trịnh Sách Khiết,Vương Hiểu Bình
1119,1165,Trịnh Sách Khiết,Vương Quảng Hoa
1119,426,Trịnh Sách Khiết,Hoàng Nhuận Thu
1119,828,Trịnh Sách Khiết,Nghê Hồng
1119,689,Trịnh Sách Khiết,Lý Quốc Anh
1119,1166,Trịnh Sách Khiết,Vương Văn Đào
1119,1172,Trịnh Sách Khiết,Vương Tường Hỉ
1119,144,Trịnh Sách Khiết,Bùi Kim Giai
1119,899,Trịnh Sách Khiết,Phan Nhạc (chính khách)
1119,811,Trịnh Sách Khiết,Mã Hiểu Vĩ
1119,893,Trịnh Sách Khiết,Phan Công Thắng
1119,445,Trịnh Sách Khiết,Hầu Khải
1119,1226,Trịnh Sách Khiết,Đường Lương Trí
1119,1098,Trịnh Sách Khiết,Trương Đức Giang
1119,1088,Trịnh Sách Khiết,Triệu Hồng Chúc
1119,430,Trịnh Sách Khiết,Hạ Bảo Long
1119,239,Trịnh Sách Khiết,Doãn Lực
1119,1106,Trịnh Sách Khiết,Trần Mẫn Nhĩ
1119,826,Trịnh Sách Khiết,Nghê Nhạc Phong
1119,651,Trịnh Sách Khiết,Lam Phật An
1119,429,Trịnh Sách Khiết,Hác Bằng
1119,1082,Trịnh Sách Khiết,Thái Kỳ
1119,697,Trịnh Sách Khiết,Lý Hồng Trung
1119,683,Trịnh Sách Khiết,Lâu Cần Kiệm
1119,1146,Trịnh Sách Khiết,Vu Vĩ Quốc
1119,698,Trịnh Sách Khiết,Lưu Kỳ (sinh năm 1957)
1119,684,Trịnh Sách Khiết,Lý Cán Kiệt
1119,1227,Trịnh Sách Khiết,Đỗ Gia Hào
1119,692,Trịnh Sách Khiết,Lý Hi
1119,98,Trịnh Sách Khiết,Bayanqolu
1119,712,Trịnh Sách Khiết,Lộc Tâm Xã
1119,1081,Trịnh Sách Khiết,Thạch Thái Phong
1120,693,Tưởng Kinh Quốc,Lý Đăng Huy
1120,1125,Tưởng Kinh Quốc,Tưởng Giới Thạch
1120,1137,Tưởng Kinh Quốc,Tưởng Vĩ Quốc
1120,1235,Tưởng Kinh Quốc,Đặng Tiểu Bình
1120,761,Tưởng Kinh Quốc,Mao Trạch Đông
1120,619,Tưởng Kinh Quốc,Khổng Tường Hy
1120,548,Tưởng Kinh Quốc,Jimmy Carter
1120,1111,Tưởng Kinh Quốc,Trần Thủy Biển
1121,708,Ulf Kristersson,Magdalena Andersson
1121,1027,Ulf Kristersson,Stefan Löfven
1121,293,Ulf Kristersson,Fredrik Reinfeldt
1121,1048,Ulf Kristersson,Tage Erlander
1121,864,Ulf Kristersson,Olof Palme
1121,438,Ulf Kristersson,Ingvar Carlsson
1121,145,Ulf Kristersson,Carl Bildt
1122,1054,Urho Kekkonen,Teuvo Aura
1122,608,Urho Kekkonen,Keijo Liinamaa
1122,593,Urho Kekkonen,Juho Kusti Paasikivi
1122,885,Urho Kekkonen,Pehr Evind Svinhufvud
1122,742,Urho Kekkonen,Martti Ahtisaari
1122,1051,Urho Kekkonen,Tarja Halonen
1122,999,Urho Kekkonen,Sauli Niinistö
1123,345,Umaru Musa Yar'Adua,Goodluck Jonathan
1123,807,Umaru Musa Yar'Adua,Muhammadu Buhari
1124,114,Urbano Rattazzi,Bettino Ricasoli
1125,1120,Tưởng Giới Thạch,Tưởng Kinh Quốc
1125,619,Tưởng Giới Thạch,Khổng Tường Hy
1125,1137,Tưởng Giới Thạch,Tưởng Vĩ Quốc
1125,1128,Tưởng Giới Thạch,Tôn Trung Sơn
1125,1223,Tưởng Giới Thạch,Winston Churchill
1125,292,Tưởng Giới Thạch,Franklin D. Roosevelt
1125,761,Tưởng Giới Thạch,Mao Trạch Đông
1125,1050,Tưởng Giới Thạch,Tanaka Giichi
1125,321,Tưởng Giới Thạch,George Marshall
1125,389,Tưởng Giới Thạch,Harry S. Truman
1125,244,Tưởng Giới Thạch,Elpidio Quirino
1125,199,Tưởng Giới Thạch,Chu Ân Lai
1125,1111,Tưởng Giới Thạch,Trần Thủy Biển
1125,228,Tưởng Giới Thạch,Dwight D. Eisenhower
1125,798,Tưởng Giới Thạch,Mohammad Mosaddegh
1125,634,Tưởng Giới Thạch,Konrad Adenauer
1125,541,Tưởng Giới Thạch,John Foster Dulles
1125,854,Tưởng Giới Thạch,Nikita Sergeyevich Khrushchyov
1125,171,Tưởng Giới Thạch,Charles de Gaulle
1125,549,Tưởng Giới Thạch,John F. Kennedy
1125,688,Tưởng Giới Thạch,Lyndon B. Johnson
1125,968,Tưởng Giới Thạch,Richard Nixon
1125,408,Tưởng Giới Thạch,Henry Kissinger
1125,548,Tưởng Giới Thạch,Jimmy Carter
1125,76,Tưởng Giới Thạch,Anwar Al-Sadad
1125,1235,Tưởng Giới Thạch,Đặng Tiểu Bình
1125,983,Tưởng Giới Thạch,Ruhollah Khomeini
1125,1036,Tưởng Giới Thạch,Ronald Reagan
1125,198,Tưởng Giới Thạch,Corazon Aquino
1125,803,Tưởng Giới Thạch,Mikhail Sergeyevich Gorbachyov
1125,319,Tưởng Giới Thạch,George H. W. Bush
1125,119,Tưởng Giới Thạch,Bill Clinton
1125,837,Tưởng Giới Thạch,Nelson Mandela
1125,824,Tưởng Giới Thạch,Newt Gingrich
1125,515,Tưởng Giới Thạch,Jeff Bezos
1125,330,Tưởng Giới Thạch,George W. Bush
1125,978,Tưởng Giới Thạch,Rudy Giuliani
1125,121,Tưởng Giới Thạch,Bill Gates
1125,1153,Tưởng Giới Thạch,Vladimir Vladimirovich Putin
1125,156,Tưởng Giới Thạch,Barack Obama
1125,743,Tưởng Giới Thạch,Mark Zuckerberg
1125,68,Tưởng Giới Thạch,Angela Merkel
1125,298,Tưởng Giới Thạch,Donald Trump
1125,738,Tưởng Giới Thạch,Maria Ressa
1125,565,Tưởng Giới Thạch,Joe Biden
1125,628,Tưởng Giới Thạch,Kamala Harris
1125,268,Tưởng Giới Thạch,Elon Musk
1125,1148,Tưởng Giới Thạch,Volodymyr Oleksandrovych Zelenskyy
1125,1175,Tưởng Giới Thạch,Taylor Swift
1127,993,Ulysses S. Grant,Rutherford B. Hayes
1127,241,Ulysses S. Grant,Edwin Stanton
1127,539,Ulysses S. Grant,John Adams
1127,1083,Ulysses S. Grant,Thomas Jefferson
1127,483,Ulysses S. Grant,James Madison
1127,482,Ulysses S. Grant,James Monroe
1127,562,Ulysses S. Grant,John Quincy Adams
1127,1190,Ulysses S. Grant,William Henry Harrison
1127,568,Ulysses S. Grant,John Tyler
1127,473,Ulysses S. Grant,James K. Polk
1127,286,Ulysses S. Grant,Franklin Pierce
1127,469,Ulysses S. Grant,James Buchanan
1127,470,Ulysses S. Grant,James A. Garfield
1127,170,Ulysses S. Grant,Chester A. Arthur
1127,108,Ulysses S. Grant,Benjamin Harrison
1127,1206,Ulysses S. Grant,William McKinley
1127,1080,Ulysses S. Grant,Theodore Roosevelt
1127,1189,Ulysses S. Grant,William Howard Taft
1127,1201,Ulysses S. Grant,Woodrow Wilson
1127,1170,Ulysses S. Grant,Warren G. Harding
1127,143,Ulysses S. Grant,Calvin Coolidge
1127,405,Ulysses S. Grant,Herbert Hoover
1127,292,Ulysses S. Grant,Franklin D. Roosevelt
1127,389,Ulysses S. Grant,Harry S. Truman
1127,228,Ulysses S. Grant,Dwight D. Eisenhower
1127,549,Ulysses S. Grant,John F. Kennedy
1127,688,Ulysses S. Grant,Lyndon B. Johnson
1127,968,Ulysses S. Grant,Richard Nixon
1127,340,Ulysses S. Grant,Gerald Ford
1127,548,Ulysses S. Grant,Jimmy Carter
1127,1036,Ulysses S. Grant,Ronald Reagan
1127,319,Ulysses S. Grant,George H. W. Bush
1127,119,Ulysses S. Grant,Bill Clinton
1127,330,Ulysses S. Grant,George W. Bush
1127,156,Ulysses S. Grant,Barack Obama
1127,298,Ulysses S. Grant,Donald Trump
1127,565,Ulysses S. Grant,Joe Biden
1127,1079,Ulysses S. Grant,Thaddeus Stevens
1127,535,Ulysses S. Grant,John C. Breckinridge
1127,107,Ulysses S. Grant,Benjamin Butler
1127,1180,Ulysses S. Grant,William H. Seward
1128,1125,Tôn Trung Sơn,Tưởng Giới Thạch
1128,488,Tôn Trung Sơn,Hồ Chí Minh
1129,789,V. V. Giri,Mohammad Hidayatullah
1129,266,V. V. Giri,Fakhruddin Ali Ahmed
1129,448,V. V. Giri,Indira Gandhi
1130,517,Ursula von der Leyen,Jean-Claude Juncker
1130,68,Ursula von der Leyen,Angela Merkel
1130,165,Ursula von der Leyen,Christian Wulff
1130,974,Ursula von der Leyen,Romano Prodi
1130,584,Ursula von der Leyen,José Manuel Barroso
1131,923,V. P. Singh,Rajiv Gandhi
1131,152,V. P. Singh,Chandra Shekhar
1131,909,V. P. Singh,Pranab Mukherjee
1131,497,V. P. Singh,Jawaharlal Nehru
1131,360,V. P. Singh,Gulzarilal Nanda
1131,448,V. P. Singh,Indira Gandhi
1131,792,V. P. Singh,Morarji Desai
1131,151,V. P. Singh,Charan Singh
1131,861,V. P. Singh,P. V. Narasimha Rao
1131,82,V. P. Singh,Atal Bihari Vajpayee
1131,428,V. P. Singh,I. K. Gujral
1131,720,V. P. Singh,Manmohan Singh
1131,816,V. P. Singh,Narendra Modi
1132,1168,Uông Dương,Vương Hỗ Ninh
1132,1098,Uông Dương,Trương Đức Giang
1132,136,Uông Dương,Bạc Hy Lai
1132,1167,Uông Dương,Tập Cận Bình
1132,702,Uông Dương,Lý Khắc Cường
1132,715,Uông Dương,Lật Chiến Thư
1132,1094,Uông Dương,Triệu Lạc Tế
1132,433,Uông Dương,Hàn Chính (chính khách)
1132,686,Uông Dương,Lý Cường
1132,1082,Uông Dương,Thái Kỳ
1132,1231,Uông Dương,Đinh Tiết Tường
1132,692,Uông Dương,Lý Hi
1132,239,Uông Dương,Doãn Lực
1132,427,Uông Dương,Hà Vệ Đông
1132,1081,Uông Dương,Thạch Thái Phong
1132,709,Uông Dương,Lưu Quốc Trung
1132,684,Uông Dương,Lý Cán Kiệt
1132,697,Uông Dương,Lý Hồng Trung
1132,691,Uông Dương,Lý Thư Lỗi
1132,431,Uông Dương,Hà Lập Phong
1132,1140,Uông Dương,Trương Quốc Thanh
1132,1106,Uông Dương,Trần Mẫn Nhĩ
1132,701,Uông Dương,Lưu Kim Quốc
1132,1174,Uông Dương,Vương Tiểu Hồng
1132,1077,Uông Dương,Thẩm Dược Dược
1132,1178,Uông Dương,Vương Đông Minh
1132,1095,Uông Dương,Triệu Khắc Chí
1132,430,Uông Dương,Hạ Bảo Long
1132,1096,Uông Dương,Trương Quân
1132,218,Uông Dương,Diệp Kiếm Anh
1132,1226,Uông Dương,Đường Lương Trí
1133,649,Valdis Dombrovskis,Laimdota Straujuma
1133,264,Valdis Dombrovskis,Evika Siliņa
1134,1085,Victor Ponta,Traian Băsescu
1134,626,Victor Ponta,Klaus Iohannis
1135,256,Vicente Fox,Ernesto Zedillo
1135,275,Vicente Fox,Felipe Calderón
1135,276,Vicente Fox,Francisco I. Madero
1135,363,Vicente Fox,Guadalupe Victoria
1135,680,Vicente Fox,Luis Echeverría
1135,767,Vicente Fox,Miguel de la Madrid
1135,257,Vicente Fox,Enrique Peña Nieto
1135,56,Vicente Fox,Andrés Manuel López Obrador
1136,667,Viktor Andriyovych Yushchenko,Leonid Makarovych Kravchuk
1136,662,Viktor Andriyovych Yushchenko,Leonid Danylovych Kuchma
1136,1141,Viktor Andriyovych Yushchenko,Viktor Fedorovych Yanukovych
1136,855,Viktor Andriyovych Yushchenko,Oleksandr Valentynovych Turchynov
1136,896,Viktor Andriyovych Yushchenko,Petro Oleksiyovych Poroshenko
1136,1148,Viktor Andriyovych Yushchenko,Volodymyr Oleksandrovych Zelenskyy
1137,1120,Tưởng Vĩ Quốc,Tưởng Kinh Quốc
1137,693,Tưởng Vĩ Quốc,Lý Đăng Huy
1137,1125,Tưởng Vĩ Quốc,Tưởng Giới Thạch
1137,761,Tưởng Vĩ Quốc,Mao Trạch Đông
1137,1111,Tưởng Vĩ Quốc,Trần Thủy Biển
1138,930,Vincent Auriol,René Coty
1138,501,Vincent Auriol,Jean Casimir-Perier
1138,1217,Vincent Auriol,Émile Loubet
1138,75,Vincent Auriol,Armand Fallières
1138,931,Vincent Auriol,Raymond Poincaré
1138,871,Vincent Auriol,Paul Deschanel
1138,37,Vincent Auriol,Alexandre Millerand
1138,305,Vincent Auriol,Gaston Doumergue
1138,874,Vincent Auriol,Paul Doumer
1138,171,Vincent Auriol,Charles de Gaulle
1138,329,Vincent Auriol,Georges Pompidou
1138,1145,Vincent Auriol,Valéry Giscard d'Estaing
1138,299,Vincent Auriol,François Mitterrand
1138,474,Vincent Auriol,Jacques Chirac
1138,839,Vincent Auriol,Nicolas Sarkozy
1138,291,Vincent Auriol,François Hollande
1138,267,Vincent Auriol,Emmanuel Macron
1139,626,Viorica Dăncilă,Klaus Iohannis
1140,686,Trương Quốc Thanh,Lý Cường
1140,1167,Trương Quốc Thanh,Tập Cận Bình
1140,429,Trương Quốc Thanh,Hác Bằng
1140,697,Trương Quốc Thanh,Lý Hồng Trung
1140,1106,Trương Quốc Thanh,Trần Mẫn Nhĩ
1140,1226,Trương Quốc Thanh,Đường Lương Trí
1140,1230,Trương Quốc Thanh,Đại học Harvard
1140,1094,Trương Quốc Thanh,Triệu Lạc Tế
1140,1168,Trương Quốc Thanh,Vương Hỗ Ninh
1140,1082,Trương Quốc Thanh,Thái Kỳ
1140,1231,Trương Quốc Thanh,Đinh Tiết Tường
1140,692,Trương Quốc Thanh,Lý Hi
1140,239,Trương Quốc Thanh,Doãn Lực
1140,1081,Trương Quốc Thanh,Thạch Thái Phong
1140,709,Trương Quốc Thanh,Lưu Quốc Trung
1140,684,Trương Quốc Thanh,Lý Cán Kiệt
1140,691,Trương Quốc Thanh,Lý Thư Lỗi
1140,427,Trương Quốc Thanh,Hà Vệ Đông
1140,431,Trương Quốc Thanh,Hà Lập Phong
1140,1108,Trương Quốc Thanh,Trần Văn Thanh (chính khách Trung Quốc)
1140,701,Trương Quốc Thanh,Lưu Kim Quốc
1140,1174,Trương Quốc Thanh,Vương Tiểu Hồng
1140,1178,Trương Quốc Thanh,Vương Đông Minh
1140,433,Trương Quốc Thanh,Hàn Chính (chính khách)
1140,834,Trương Quốc Thanh,Ngô Chính Long
1140,1104,Trương Quốc Thanh,Thầm Di Cầm
1140,1077,Trương Quốc Thanh,Thẩm Dược Dược
1140,1096,Trương Quốc Thanh,Trương Quân
1140,421,Trương Quốc Thanh,Hoài Tiến Bằng
1140,630,Trương Quốc Thanh,Kim Tráng Long
1140,1103,Trương Quốc Thanh,Trần Nhất Tân
1140,439,Trương Quốc Thanh,Hạ Vinh
1140,1156,Trương Quốc Thanh,Vương Hiểu Bình
1140,1165,Trương Quốc Thanh,Vương Quảng Hoa
1140,426,Trương Quốc Thanh,Hoàng Nhuận Thu
1140,828,Trương Quốc Thanh,Nghê Hồng
1140,689,Trương Quốc Thanh,Lý Quốc Anh
1140,1166,Trương Quốc Thanh,Vương Văn Đào
1140,1172,Trương Quốc Thanh,Vương Tường Hỉ
1140,144,Trương Quốc Thanh,Bùi Kim Giai
1140,1119,Trương Quốc Thanh,Trịnh Sách Khiết
1140,899,Trương Quốc Thanh,Phan Nhạc (chính khách)
1140,811,Trương Quốc Thanh,Mã Hiểu Vĩ
1140,893,Trương Quốc Thanh,Phan Công Thắng
1140,445,Trương Quốc Thanh,Hầu Khải
1140,702,Trương Quốc Thanh,Lý Khắc Cường
1140,136,Trương Quốc Thanh,Bạc Hy Lai
1140,1132,Trương Quốc Thanh,Uông Dương
1140,1098,Trương Quốc Thanh,Trương Đức Giang
1140,826,Trương Quốc Thanh,Nghê Nhạc Phong
1140,683,Trương Quốc Thanh,Lâu Cần Kiệm
1140,1146,Trương Quốc Thanh,Vu Vĩ Quốc
1140,698,Trương Quốc Thanh,Lưu Kỳ (sinh năm 1957)
1140,1227,Trương Quốc Thanh,Đỗ Gia Hào
1140,98,Trương Quốc Thanh,Bayanqolu
1140,712,Trương Quốc Thanh,Lộc Tâm Xã
1140,651,Trương Quốc Thanh,Lam Phật An
1141,1136,Viktor Fedorovych Yanukovych,Viktor Andriyovych Yushchenko
1141,1219,Viktor Fedorovych Yanukovych,Yulia Volodymyrivna Tymoshenko
1141,667,Viktor Fedorovych Yanukovych,Leonid Makarovych Kravchuk
1141,662,Viktor Fedorovych Yanukovych,Leonid Danylovych Kuchma
1141,855,Viktor Fedorovych Yanukovych,Oleksandr Valentynovych Turchynov
1141,896,Viktor Fedorovych Yanukovych,Petro Oleksiyovych Poroshenko
1141,1148,Viktor Fedorovych Yanukovych,Volodymyr Oleksandrovych Zelenskyy
1142,320,Vannevar Bush,George Stigler
1142,794,Vannevar Bush,Milton Friedman
1142,883,Vannevar Bush,Paul Samuelson
1142,975,Vannevar Bush,Robert Solow
1142,326,Vannevar Bush,Gary Becker
1142,621,Vannevar Bush,Kenneth Arrow
1142,86,Vannevar Bush,Anthony Fauci
1142,263,Vannevar Bush,Ernest Lawrence
1143,40,Vassiliki Thanou-Christophilou,Alexis Tsipras
1143,914,Vassiliki Thanou-Christophilou,Prokopis Pavlopoulos
1144,307,Virginia Woolf,Gabriel García Márquez
1145,474,Valéry Giscard d'Estaing,Jacques Chirac
1145,16,Valéry Giscard d'Estaing,Alain Poher
1145,299,Valéry Giscard d'Estaing,François Mitterrand
1145,461,Valéry Giscard d'Estaing,Jacques Chaban-Delmas
1145,762,Valéry Giscard d'Estaing,Michel Debré
1145,329,Valéry Giscard d'Estaing,Georges Pompidou
1145,171,Valéry Giscard d'Estaing,Charles de Gaulle
1145,501,Valéry Giscard d'Estaing,Jean Casimir-Perier
1145,1217,Valéry Giscard d'Estaing,Émile Loubet
1145,75,Valéry Giscard d'Estaing,Armand Fallières
1145,931,Valéry Giscard d'Estaing,Raymond Poincaré
1145,871,Valéry Giscard d'Estaing,Paul Deschanel
1145,37,Valéry Giscard d'Estaing,Alexandre Millerand
1145,305,Valéry Giscard d'Estaing,Gaston Doumergue
1145,874,Valéry Giscard d'Estaing,Paul Doumer
1145,1138,Valéry Giscard d'Estaing,Vincent Auriol
1145,930,Valéry Giscard d'Estaing,René Coty
1145,839,Valéry Giscard d'Estaing,Nicolas Sarkozy
1145,291,Valéry Giscard d'Estaing,François Hollande
1145,267,Valéry Giscard d'Estaing,Emmanuel Macron
1146,239,Vu Vĩ Quốc,Doãn Lực
1146,1235,Vu Vĩ Quốc,Đặng Tiểu Bình
1146,1082,Vu Vĩ Quốc,Thái Kỳ
1146,686,Vu Vĩ Quốc,Lý Cường
1146,697,Vu Vĩ Quốc,Lý Hồng Trung
1146,1106,Vu Vĩ Quốc,Trần Mẫn Nhĩ
1146,826,Vu Vĩ Quốc,Nghê Nhạc Phong
1146,683,Vu Vĩ Quốc,Lâu Cần Kiệm
1146,834,Vu Vĩ Quốc,Ngô Chính Long
1146,1119,Vu Vĩ Quốc,Trịnh Sách Khiết
1146,698,Vu Vĩ Quốc,Lưu Kỳ (sinh năm 1957)
1146,684,Vu Vĩ Quốc,Lý Cán Kiệt
1146,1227,Vu Vĩ Quốc,Đỗ Gia Hào
1146,692,Vu Vĩ Quốc,Lý Hi
1146,1104,Vu Vĩ Quốc,Thầm Di Cầm
1146,709,Vu Vĩ Quốc,Lưu Quốc Trung
1146,1140,Vu Vĩ Quốc,Trương Quốc Thanh
1146,98,Vu Vĩ Quốc,Bayanqolu
1146,712,Vu Vĩ Quốc,Lộc Tâm Xã
1146,1081,Vu Vĩ Quốc,Thạch Thái Phong
1146,354,Vu Vĩ Quốc,Giả Khánh Lâm
1146,1167,Vu Vĩ Quốc,Tập Cận Bình
1147,857,Volodymyr Groysman,Oleksiy Honcharuk
1148,1147,Volodymyr Oleksandrovych Zelenskyy,Volodymyr Groysman
1148,857,Volodymyr Oleksandrovych Zelenskyy,Oleksiy Honcharuk
1148,896,Volodymyr Oleksandrovych Zelenskyy,Petro Oleksiyovych Poroshenko
1148,298,Volodymyr Oleksandrovych Zelenskyy,Donald Trump
1148,667,Volodymyr Oleksandrovych Zelenskyy,Leonid Makarovych Kravchuk
1148,662,Volodymyr Oleksandrovych Zelenskyy,Leonid Danylovych Kuchma
1148,1136,Volodymyr Oleksandrovych Zelenskyy,Viktor Andriyovych Yushchenko
1148,1141,Volodymyr Oleksandrovych Zelenskyy,Viktor Fedorovych Yanukovych
1148,855,Volodymyr Oleksandrovych Zelenskyy,Oleksandr Valentynovych Turchynov
1148,440,Volodymyr Oleksandrovych Zelenskyy,Iryna Venediktova
1148,1025,Volodymyr Oleksandrovych Zelenskyy,Sergey Viktorovich Lavrov
1148,292,Volodymyr Oleksandrovych Zelenskyy,Franklin D. Roosevelt
1148,1125,Volodymyr Oleksandrovych Zelenskyy,Tưởng Giới Thạch
1148,1223,Volodymyr Oleksandrovych Zelenskyy,Winston Churchill
1148,321,Volodymyr Oleksandrovych Zelenskyy,George Marshall
1148,228,Volodymyr Oleksandrovych Zelenskyy,Dwight D. Eisenhower
1148,389,Volodymyr Oleksandrovych Zelenskyy,Harry S. Truman
1148,798,Volodymyr Oleksandrovych Zelenskyy,Mohammad Mosaddegh
1148,634,Volodymyr Oleksandrovych Zelenskyy,Konrad Adenauer
1148,541,Volodymyr Oleksandrovych Zelenskyy,John Foster Dulles
1148,854,Volodymyr Oleksandrovych Zelenskyy,Nikita Sergeyevich Khrushchyov
1148,171,Volodymyr Oleksandrovych Zelenskyy,Charles de Gaulle
1148,549,Volodymyr Oleksandrovych Zelenskyy,John F. Kennedy
1148,688,Volodymyr Oleksandrovych Zelenskyy,Lyndon B. Johnson
1148,968,Volodymyr Oleksandrovych Zelenskyy,Richard Nixon
1148,408,Volodymyr Oleksandrovych Zelenskyy,Henry Kissinger
1148,548,Volodymyr Oleksandrovych Zelenskyy,Jimmy Carter
1148,76,Volodymyr Oleksandrovych Zelenskyy,Anwar Al-Sadad
1148,1235,Volodymyr Oleksandrovych Zelenskyy,Đặng Tiểu Bình
1148,983,Volodymyr Oleksandrovych Zelenskyy,Ruhollah Khomeini
1148,1036,Volodymyr Oleksandrovych Zelenskyy,Ronald Reagan
1148,198,Volodymyr Oleksandrovych Zelenskyy,Corazon Aquino
1148,803,Volodymyr Oleksandrovych Zelenskyy,Mikhail Sergeyevich Gorbachyov
1148,319,Volodymyr Oleksandrovych Zelenskyy,George H. W. Bush
1148,119,Volodymyr Oleksandrovych Zelenskyy,Bill Clinton
1148,837,Volodymyr Oleksandrovych Zelenskyy,Nelson Mandela
1148,824,Volodymyr Oleksandrovych Zelenskyy,Newt Gingrich
1148,515,Volodymyr Oleksandrovych Zelenskyy,Jeff Bezos
1148,330,Volodymyr Oleksandrovych Zelenskyy,George W. Bush
1148,978,Volodymyr Oleksandrovych Zelenskyy,Rudy Giuliani
1148,121,Volodymyr Oleksandrovych Zelenskyy,Bill Gates
1148,1153,Volodymyr Oleksandrovych Zelenskyy,Vladimir Vladimirovich Putin
1148,156,Volodymyr Oleksandrovych Zelenskyy,Barack Obama
1148,743,Volodymyr Oleksandrovych Zelenskyy,Mark Zuckerberg
1148,68,Volodymyr Oleksandrovych Zelenskyy,Angela Merkel
1148,738,Volodymyr Oleksandrovych Zelenskyy,Maria Ressa
1148,565,Volodymyr Oleksandrovych Zelenskyy,Joe Biden
1148,628,Volodymyr Oleksandrovych Zelenskyy,Kamala Harris
1148,268,Volodymyr Oleksandrovych Zelenskyy,Elon Musk
1148,1175,Volodymyr Oleksandrovych Zelenskyy,Taylor Swift
1149,842,Vũ Văn Mẫu,Ngô Đình Diệm
1149,856,Vũ Văn Mẫu,Nguyễn Văn Thiệu
1149,229,Vũ Văn Mẫu,Dương Văn Minh
1149,827,Vũ Văn Mẫu,Nguyễn Khánh
1149,549,Vũ Văn Mẫu,John F. Kennedy
1149,396,Vũ Văn Mẫu,Henry Cabot Lodge Jr.
1149,955,Vũ Văn Mẫu,Robert McNamara
1149,835,Vũ Văn Mẫu,Ngô Đình Nhu
1149,901,Vũ Văn Mẫu,Phêrô Máctinô Ngô Đình Thục
1149,1102,Vũ Văn Mẫu,Trần Lệ Xuân
1149,681,Vũ Văn Mẫu,Lê Văn Kim
1149,825,Vũ Văn Mẫu,Nguyễn Hữu Có
1149,1118,Vũ Văn Mẫu,Tôn Thất Đính
1149,1114,Vũ Văn Mẫu,Trần Văn Đôn
1149,201,Vũ Văn Mẫu,David Halberstam
1150,1230,Viện Công nghệ Massachusetts,Đại học Harvard
1150,1228,Viện Công nghệ Massachusetts,Đại học Stanford
1150,1232,Viện Công nghệ Massachusetts,Đại học Yale
1150,1233,Viện Công nghệ Massachusetts,Đại học Oxford
1150,1234,Viện Công nghệ Massachusetts,Đại học Cambridge
1151,922,Võ Văn Thưởng,Phạm Minh Chính
1151,1155,Võ Văn Thưởng,Võ Thị Ánh Xuân
1151,844,Võ Văn Thưởng,Nguyễn Xuân Phúc
1151,830,Võ Văn Thưởng,Nguyễn Phú Trọng
1151,565,Võ Văn Thưởng,Joe Biden
1151,640,Võ Văn Thưởng,Kim Jong-un
1151,1082,Võ Văn Thưởng,Thái Kỳ
1151,63,Võ Văn Thưởng,Anthony Albanese
1151,1216,Võ Văn Thưởng,Yoon Suk-yeol
1151,1153,Võ Văn Thưởng,Vladimir Vladimirovich Putin
1151,639,Võ Văn Thưởng,Kishida Fumio
1151,1167,Võ Văn Thưởng,Tập Cận Bình
1151,38,Võ Văn Thưởng,Alexander Van der Bellen
1151,1012,Võ Văn Thưởng,Sergio Mattarella
1151,488,Võ Văn Thưởng,Hồ Chí Minh
1151,1110,Võ Văn Thưởng,Trần Đức Lương
1151,833,Võ Văn Thưởng,Nguyễn Minh Triết
1151,722,Võ Văn Thưởng,Lương Cường
1152,894,Vincent van Gogh,Peter Paul Rubens
1152,141,Vincent van Gogh,Camille Pissarro
1153,878,Vladimir Vladimirovich Putin,Oliver Cromwell
1153,1080,Vladimir Vladimirovich Putin,Theodore Roosevelt
1153,328,Vladimir Vladimirovich Putin,Getúlio Vargas
1153,409,Vladimir Vladimirovich Putin,Henry A. Wallace
1153,732,Vladimir Vladimirovich Putin,Marine Le Pen
1153,434,Vladimir Vladimirovich Putin,Hugo Chávez
1153,1026,Vladimir Vladimirovich Putin,Silvio Berlusconi
1153,309,Vladimir Vladimirovich Putin,Geert Wilders
1153,840,Vladimir Vladimirovich Putin,Nigel Farage
1153,195,Vladimir Vladimirovich Putin,Cristina Fernández de Kirchner
1153,298,Vladimir Vladimirovich Putin,Donald Trump
1153,135,Vladimir Vladimirovich Putin,Boris Nikolayevich Yeltsin
1153,422,Vladimir Vladimirovich Putin,Hillary Clinton
1153,1160,Vladimir Vladimirovich Putin,Vladimir Ilyich Lenin
1153,803,Vladimir Vladimirovich Putin,Mikhail Sergeyevich Gorbachyov
1153,227,Vladimir Vladimirovich Putin,Dmitry Anatolyevich Medvedev
1153,1207,Vladimir Vladimirovich Putin,Yevgeny Maksimovich Primakov
1153,188,Vladimir Vladimirovich Putin,Colin Powell
1153,330,Vladimir Vladimirovich Putin,George W. Bush
1153,474,Vladimir Vladimirovich Putin,Jacques Chirac
1153,68,Vladimir Vladimirovich Putin,Angela Merkel
1153,1141,Vladimir Vladimirovich Putin,Viktor Fedorovych Yanukovych
1153,668,Vladimir Vladimirovich Putin,Laura Bush
1153,156,Vladimir Vladimirovich Putin,Barack Obama
1153,839,Vladimir Vladimirovich Putin,Nicolas Sarkozy
1153,872,Vladimir Vladimirovich Putin,Park Geun-hye
1153,677,Vladimir Vladimirovich Putin,Lyudmila Aleksandrovna Putina
1153,450,Vladimir Vladimirovich Putin,Ivan Logginovich Goremykin
1153,324,Vladimir Vladimirovich Putin,Georgy Maksimilianovich Malenkov
1153,854,Vladimir Vladimirovich Putin,Nikita Sergeyevich Khrushchyov
1153,1198,Vladimir Vladimirovich Putin,Yegor Timurovich Gaidar
1153,292,Vladimir Vladimirovich Putin,Franklin D. Roosevelt
1153,1125,Vladimir Vladimirovich Putin,Tưởng Giới Thạch
1153,1223,Vladimir Vladimirovich Putin,Winston Churchill
1153,321,Vladimir Vladimirovich Putin,George Marshall
1153,228,Vladimir Vladimirovich Putin,Dwight D. Eisenhower
1153,389,Vladimir Vladimirovich Putin,Harry S. Truman
1153,798,Vladimir Vladimirovich Putin,Mohammad Mosaddegh
1153,634,Vladimir Vladimirovich Putin,Konrad Adenauer
1153,541,Vladimir Vladimirovich Putin,John Foster Dulles
1153,171,Vladimir Vladimirovich Putin,Charles de Gaulle
1153,549,Vladimir Vladimirovich Putin,John F. Kennedy
1153,688,Vladimir Vladimirovich Putin,Lyndon B. Johnson
1153,968,Vladimir Vladimirovich Putin,Richard Nixon
1153,408,Vladimir Vladimirovich Putin,Henry Kissinger
1153,548,Vladimir Vladimirovich Putin,Jimmy Carter
1153,76,Vladimir Vladimirovich Putin,Anwar Al-Sadad
1153,1235,Vladimir Vladimirovich Putin,Đặng Tiểu Bình
1153,983,Vladimir Vladimirovich Putin,Ruhollah Khomeini
1153,1036,Vladimir Vladimirovich Putin,Ronald Reagan
1153,198,Vladimir Vladimirovich Putin,Corazon Aquino
1153,319,Vladimir Vladimirovich Putin,George H. W. Bush
1153,119,Vladimir Vladimirovich Putin,Bill Clinton
1153,837,Vladimir Vladimirovich Putin,Nelson Mandela
1153,824,Vladimir Vladimirovich Putin,Newt Gingrich
1153,515,Vladimir Vladimirovich Putin,Jeff Bezos
1153,978,Vladimir Vladimirovich Putin,Rudy Giuliani
1153,121,Vladimir Vladimirovich Putin,Bill Gates
1153,743,Vladimir Vladimirovich Putin,Mark Zuckerberg
1153,738,Vladimir Vladimirovich Putin,Maria Ressa
1153,565,Vladimir Vladimirovich Putin,Joe Biden
1153,628,Vladimir Vladimirovich Putin,Kamala Harris
1153,268,Vladimir Vladimirovich Putin,Elon Musk
1153,1148,Vladimir Vladimirovich Putin,Volodymyr Oleksandrovych Zelenskyy
1153,1175,Vladimir Vladimirovich Putin,Taylor Swift
1154,775,Václav Havel,Miloš Zeman
1154,119,Václav Havel,Bill Clinton
1154,735,Václav Havel,Margaret Thatcher
1155,922,Võ Thị Ánh Xuân,Phạm Minh Chính
1155,844,Võ Thị Ánh Xuân,Nguyễn Xuân Phúc
1155,1151,Võ Thị Ánh Xuân,Võ Văn Thưởng
1155,722,Võ Thị Ánh Xuân,Lương Cường
1155,628,Võ Thị Ánh Xuân,Kamala Harris
1155,122,Võ Thị Ánh Xuân,Bongbong Marcos
1155,488,Võ Thị Ánh Xuân,Hồ Chí Minh
1155,1110,Võ Thị Ánh Xuân,Trần Đức Lương
1155,833,Võ Thị Ánh Xuân,Nguyễn Minh Triết
1155,830,Võ Thị Ánh Xuân,Nguyễn Phú Trọng
1156,702,Vương Hiểu Bình,Lý Khắc Cường
1156,686,Vương Hiểu Bình,Lý Cường
1156,1231,Vương Hiểu Bình,Đinh Tiết Tường
1156,431,Vương Hiểu Bình,Hà Lập Phong
1156,1140,Vương Hiểu Bình,Trương Quốc Thanh
1156,709,Vương Hiểu Bình,Lưu Quốc Trung
1156,1174,Vương Hiểu Bình,Vương Tiểu Hồng
1156,834,Vương Hiểu Bình,Ngô Chính Long
1156,1104,Vương Hiểu Bình,Thầm Di Cầm
1156,421,Vương Hiểu Bình,Hoài Tiến Bằng
1156,630,Vương Hiểu Bình,Kim Tráng Long
1156,1103,Vương Hiểu Bình,Trần Nhất Tân
1156,439,Vương Hiểu Bình,Hạ Vinh
1156,1165,Vương Hiểu Bình,Vương Quảng Hoa
1156,426,Vương Hiểu Bình,Hoàng Nhuận Thu
1156,828,Vương Hiểu Bình,Nghê Hồng
1156,689,Vương Hiểu Bình,Lý Quốc Anh
1156,1166,Vương Hiểu Bình,Vương Văn Đào
1156,1172,Vương Hiểu Bình,Vương Tường Hỉ
1156,144,Vương Hiểu Bình,Bùi Kim Giai
1156,1119,Vương Hiểu Bình,Trịnh Sách Khiết
1156,899,Vương Hiểu Bình,Phan Nhạc (chính khách)
1156,811,Vương Hiểu Bình,Mã Hiểu Vĩ
1156,893,Vương Hiểu Bình,Phan Công Thắng
1156,445,Vương Hiểu Bình,Hầu Khải
1156,433,Vương Hiểu Bình,Hàn Chính (chính khách)
1156,1095,Vương Hiểu Bình,Triệu Khắc Chí
1156,1086,Vương Hiểu Bình,Tiêu Á Khánh
1156,1108,Vương Hiểu Bình,Trần Văn Thanh (chính khách Trung Quốc)
1156,684,Vương Hiểu Bình,Lý Cán Kiệt
1156,696,Vương Hiểu Bình,Lạc Thụ Cương
1157,702,Vương Quân (sinh năm 1958),Lý Khắc Cường
1157,1167,Vương Quân (sinh năm 1958),Tập Cận Bình
1159,488,Võ Nguyên Giáp,Hồ Chí Minh
1159,1160,Võ Nguyên Giáp,Vladimir Ilyich Lenin
1159,1125,Võ Nguyên Giáp,Tưởng Giới Thạch
1159,842,Võ Nguyên Giáp,Ngô Đình Diệm
1159,851,Võ Nguyên Giáp,Nguyễn Tấn Dũng
1159,833,Võ Nguyên Giáp,Nguyễn Minh Triết
1159,408,Võ Nguyên Giáp,Henry Kissinger
1159,497,Võ Nguyên Giáp,Jawaharlal Nehru
1159,830,Võ Nguyên Giáp,Nguyễn Phú Trọng
1159,722,Võ Nguyên Giáp,Lương Cường
1160,369,Vladimir Ilyich Lenin,H. G. Wells
1160,964,Vladimir Ilyich Lenin,Robert Service (sử gia)
1160,675,Vladimir Ilyich Lenin,Lev Davidovich Trotsky
1160,187,Vladimir Ilyich Lenin,Clement Attlee
1160,288,Vladimir Ilyich Lenin,Fidel Castro
1160,434,Vladimir Ilyich Lenin,Hugo Chávez
1160,921,Vladimir Ilyich Lenin,Noam Chomsky
1160,113,Vladimir Ilyich Lenin,Bettino Craxi
1160,1235,Vladimir Ilyich Lenin,Đặng Tiểu Bình
1160,178,Vladimir Ilyich Lenin,Che Guevara
1160,803,Vladimir Ilyich Lenin,Mikhail Sergeyevich Gorbachyov
1160,488,Vladimir Ilyich Lenin,Hồ Chí Minh
1160,854,Vladimir Ilyich Lenin,Nikita Sergeyevich Khrushchyov
1160,837,Vladimir Ilyich Lenin,Nelson Mandela
1160,761,Vladimir Ilyich Lenin,Mao Trạch Đông
1160,299,Vladimir Ilyich Lenin,François Mitterrand
1160,864,Vladimir Ilyich Lenin,Olof Palme
1160,1037,Vladimir Ilyich Lenin,Sukarno
1160,450,Vladimir Ilyich Lenin,Ivan Logginovich Goremykin
1160,324,Vladimir Ilyich Lenin,Georgy Maksimilianovich Malenkov
1160,1198,Vladimir Ilyich Lenin,Yegor Timurovich Gaidar
1160,1207,Vladimir Ilyich Lenin,Yevgeny Maksimovich Primakov
1160,1153,Vladimir Ilyich Lenin,Vladimir Vladimirovich Putin
1160,227,Vladimir Ilyich Lenin,Dmitry Anatolyevich Medvedev
1161,1228,Vương tôn William xứ Gloucester,Đại học Stanford
1162,1167,Vương Kỳ Sơn,Tập Cận Bình
1162,690,Vương Kỳ Sơn,Lý Nguyên Triều
1162,433,Vương Kỳ Sơn,Hàn Chính (chính khách)
1162,1094,Vương Kỳ Sơn,Triệu Lạc Tế
1162,180,Vương Kỳ Sơn,Chu Dung Cơ
1162,702,Vương Kỳ Sơn,Lý Khắc Cường
1162,342,Vương Kỳ Sơn,Giang Trạch Dân
1162,715,Vương Kỳ Sơn,Lật Chiến Thư
1162,1132,Vương Kỳ Sơn,Uông Dương
1162,1168,Vương Kỳ Sơn,Vương Hỗ Ninh
1162,354,Vương Kỳ Sơn,Giả Khánh Lâm
1162,1082,Vương Kỳ Sơn,Thái Kỳ
1162,239,Vương Kỳ Sơn,Doãn Lực
1162,218,Vương Kỳ Sơn,Diệp Kiếm Anh
1162,1215,Vương Kỳ Sơn,Ân Dũng
1162,686,Vương Kỳ Sơn,Lý Cường
1162,1231,Vương Kỳ Sơn,Đinh Tiết Tường
1162,692,Vương Kỳ Sơn,Lý Hi
1162,427,Vương Kỳ Sơn,Hà Vệ Đông
1162,1081,Vương Kỳ Sơn,Thạch Thái Phong
1162,709,Vương Kỳ Sơn,Lưu Quốc Trung
1162,684,Vương Kỳ Sơn,Lý Cán Kiệt
1162,697,Vương Kỳ Sơn,Lý Hồng Trung
1162,691,Vương Kỳ Sơn,Lý Thư Lỗi
1162,431,Vương Kỳ Sơn,Hà Lập Phong
1162,1140,Vương Kỳ Sơn,Trương Quốc Thanh
1162,1106,Vương Kỳ Sơn,Trần Mẫn Nhĩ
1162,701,Vương Kỳ Sơn,Lưu Kim Quốc
1162,1174,Vương Kỳ Sơn,Vương Tiểu Hồng
1162,1077,Vương Kỳ Sơn,Thẩm Dược Dược
1162,1178,Vương Kỳ Sơn,Vương Đông Minh
1162,1095,Vương Kỳ Sơn,Triệu Khắc Chí
1162,430,Vương Kỳ Sơn,Hạ Bảo Long
1162,1096,Vương Kỳ Sơn,Trương Quân
1163,441,Wakatsuki Reijirō,Inukai Tsuyoshi
1163,609,Wakatsuki Reijirō,Katō Takaaki
1163,1050,Wakatsuki Reijirō,Tanaka Giichi
1163,462,Wakatsuki Reijirō,Itō Hirobumi
1163,991,Wakatsuki Reijirō,Saionji Kinmochi
1163,375,Wakatsuki Reijirō,Hara Takashi
1163,611,Wakatsuki Reijirō,Katō Tomosaburō
1163,992,Wakatsuki Reijirō,Saitō Makoto
1163,352,Wakatsuki Reijirō,Gotō Fumio
1163,410,Wakatsuki Reijirō,Hiranuma Kiichirō
1163,4,Wakatsuki Reijirō,Abe Nobuyuki
1163,447,Wakatsuki Reijirō,Itō Masayoshi
1163,796,Wakatsuki Reijirō,Mori Yoshirō
1163,19,Wakatsuki Reijirō,Abe Shinzō
1163,303,Wakatsuki Reijirō,Fukuda Yasuo
1163,90,Wakatsuki Reijirō,Asō Tarō
1163,390,Wakatsuki Reijirō,Hatoyama Yukio
1163,601,Wakatsuki Reijirō,Kan Naoto
1163,841,Wakatsuki Reijirō,Noda Yoshihiko
1163,1058,Wakatsuki Reijirō,Suga Yoshihide
1163,639,Wakatsuki Reijirō,Kishida Fumio
1163,459,Wakatsuki Reijirō,Ishiba Shigeru
1163,1057,Wakatsuki Reijirō,Takaichi Sanae
1165,702,Vương Quảng Hoa,Lý Khắc Cường
1165,1167,Vương Quảng Hoa,Tập Cận Bình
1165,686,Vương Quảng Hoa,Lý Cường
1165,1231,Vương Quảng Hoa,Đinh Tiết Tường
1165,431,Vương Quảng Hoa,Hà Lập Phong
1165,1140,Vương Quảng Hoa,Trương Quốc Thanh
1165,709,Vương Quảng Hoa,Lưu Quốc Trung
1165,1174,Vương Quảng Hoa,Vương Tiểu Hồng
1165,834,Vương Quảng Hoa,Ngô Chính Long
1165,1104,Vương Quảng Hoa,Thầm Di Cầm
1165,421,Vương Quảng Hoa,Hoài Tiến Bằng
1165,630,Vương Quảng Hoa,Kim Tráng Long
1165,1103,Vương Quảng Hoa,Trần Nhất Tân
1165,439,Vương Quảng Hoa,Hạ Vinh
1165,1156,Vương Quảng Hoa,Vương Hiểu Bình
1165,426,Vương Quảng Hoa,Hoàng Nhuận Thu
1165,828,Vương Quảng Hoa,Nghê Hồng
1165,689,Vương Quảng Hoa,Lý Quốc Anh
1165,1166,Vương Quảng Hoa,Vương Văn Đào
1165,1172,Vương Quảng Hoa,Vương Tường Hỉ
1165,144,Vương Quảng Hoa,Bùi Kim Giai
1165,1119,Vương Quảng Hoa,Trịnh Sách Khiết
1165,899,Vương Quảng Hoa,Phan Nhạc (chính khách)
1165,811,Vương Quảng Hoa,Mã Hiểu Vĩ
1165,893,Vương Quảng Hoa,Phan Công Thắng
1165,445,Vương Quảng Hoa,Hầu Khải
1165,433,Vương Quảng Hoa,Hàn Chính (chính khách)
1165,1095,Vương Quảng Hoa,Triệu Khắc Chí
1165,1086,Vương Quảng Hoa,Tiêu Á Khánh
1165,1108,Vương Quảng Hoa,Trần Văn Thanh (chính khách Trung Quốc)
1165,684,Vương Quảng Hoa,Lý Cán Kiệt
1165,696,Vương Quảng Hoa,Lạc Thụ Cương
1166,702,Vương Văn Đào,Lý Khắc Cường
1166,686,Vương Văn Đào,Lý Cường
1166,1231,Vương Văn Đào,Đinh Tiết Tường
1166,431,Vương Văn Đào,Hà Lập Phong
1166,1140,Vương Văn Đào,Trương Quốc Thanh
1166,709,Vương Văn Đào,Lưu Quốc Trung
1166,1174,Vương Văn Đào,Vương Tiểu Hồng
1166,834,Vương Văn Đào,Ngô Chính Long
1166,1104,Vương Văn Đào,Thầm Di Cầm
1166,421,Vương Văn Đào,Hoài Tiến Bằng
1166,630,Vương Văn Đào,Kim Tráng Long
1166,1103,Vương Văn Đào,Trần Nhất Tân
1166,439,Vương Văn Đào,Hạ Vinh
1166,1156,Vương Văn Đào,Vương Hiểu Bình
1166,1165,Vương Văn Đào,Vương Quảng Hoa
1166,426,Vương Văn Đào,Hoàng Nhuận Thu
1166,828,Vương Văn Đào,Nghê Hồng
1166,689,Vương Văn Đào,Lý Quốc Anh
1166,1172,Vương Văn Đào,Vương Tường Hỉ
1166,144,Vương Văn Đào,Bùi Kim Giai
1166,1119,Vương Văn Đào,Trịnh Sách Khiết
1166,899,Vương Văn Đào,Phan Nhạc (chính khách)
1166,811,Vương Văn Đào,Mã Hiểu Vĩ
1166,893,Vương Văn Đào,Phan Công Thắng
1166,445,Vương Văn Đào,Hầu Khải
1166,433,Vương Văn Đào,Hàn Chính (chính khách)
1166,1095,Vương Văn Đào,Triệu Khắc Chí
1166,1086,Vương Văn Đào,Tiêu Á Khánh
1166,1108,Vương Văn Đào,Trần Văn Thanh (chính khách Trung Quốc)
1166,684,Vương Văn Đào,Lý Cán Kiệt
1166,696,Vương Văn Đào,Lạc Thụ Cương
1166,1226,Vương Văn Đào,Đường Lương Trí
1166,651,Vương Văn Đào,Lam Phật An
1166,239,Vương Văn Đào,Doãn Lực
1166,715,Vương Văn Đào,Lật Chiến Thư
1167,1168,Tập Cận Bình,Vương Hỗ Ninh
1167,1082,Tập Cận Bình,Thái Kỳ
1167,457,Tập Cận Bình,Hồ Cẩm Đào
1167,690,Tập Cận Bình,Lý Nguyên Triều
1167,1162,Tập Cận Bình,Vương Kỳ Sơn
1167,433,Tập Cận Bình,Hàn Chính (chính khách)
1167,427,Tập Cận Bình,Hà Vệ Đông
1167,702,Tập Cận Bình,Lý Khắc Cường
1167,715,Tập Cận Bình,Lật Chiến Thư
1167,1115,Tập Cận Bình,Tăng Khánh Hồng
1167,1098,Tập Cận Bình,Trương Đức Giang
1167,1088,Tập Cận Bình,Triệu Hồng Chúc
1167,1116,Tập Cận Bình,Tề Tâm
1167,761,Tập Cận Bình,Mao Trạch Đông
1167,1235,Tập Cận Bình,Đặng Tiểu Bình
1167,342,Tập Cận Bình,Giang Trạch Dân
1167,686,Tập Cận Bình,Lý Cường
1167,1094,Tập Cận Bình,Triệu Lạc Tế
1167,1231,Tập Cận Bình,Đinh Tiết Tường
1167,692,Tập Cận Bình,Lý Hi
1167,431,Tập Cận Bình,Hà Lập Phong
1167,1108,Tập Cận Bình,Trần Văn Thanh (chính khách Trung Quốc)
1167,684,Tập Cận Bình,Lý Cán Kiệt
1167,691,Tập Cận Bình,Lý Thư Lỗi
1167,1081,Tập Cận Bình,Thạch Thái Phong
1167,1105,Tập Cận Bình,Trần Độc Tú
1167,1140,Tập Cận Bình,Trương Quốc Thanh
1167,709,Tập Cận Bình,Lưu Quốc Trung
1167,1174,Tập Cận Bình,Vương Tiểu Hồng
1167,834,Tập Cận Bình,Ngô Chính Long
1167,1104,Tập Cận Bình,Thầm Di Cầm
1167,1229,Tập Cận Bình,Đổng Quân
1167,421,Tập Cận Bình,Hoài Tiến Bằng
1167,1212,Tập Cận Bình,Âm Hòa Tuấn
1167,630,Tập Cận Bình,Kim Tráng Long
1167,1103,Tập Cận Bình,Trần Nhất Tân
1167,703,Tập Cận Bình,Lục Trị Nguyên
1167,439,Tập Cận Bình,Hạ Vinh
1167,651,Tập Cận Bình,Lam Phật An
1167,1156,Tập Cận Bình,Vương Hiểu Bình
1167,1165,Tập Cận Bình,Vương Quảng Hoa
1167,426,Tập Cận Bình,Hoàng Nhuận Thu
1167,828,Tập Cận Bình,Nghê Hồng
1167,689,Tập Cận Bình,Lý Quốc Anh
1167,1166,Tập Cận Bình,Vương Văn Đào
1167,1113,Tập Cận Bình,Tôn Nghiệp Lễ
1167,1172,Tập Cận Bình,Vương Tường Hỉ
1167,144,Tập Cận Bình,Bùi Kim Giai
1167,1119,Tập Cận Bình,Trịnh Sách Khiết
1167,899,Tập Cận Bình,Phan Nhạc (chính khách)
1167,811,Tập Cận Bình,Mã Hiểu Vĩ
1167,893,Tập Cận Bình,Phan Công Thắng
1167,445,Tập Cận Bình,Hầu Khải
1167,429,Tập Cận Bình,Hác Bằng
1167,826,Tập Cận Bình,Nghê Nhạc Phong
1167,1157,Tập Cận Bình,Vương Quân (sinh năm 1958)
1167,1086,Tập Cận Bình,Tiêu Á Khánh
1167,420,Tập Cận Bình,Hoàng Thủ Hoành
1167,694,Tập Cận Bình,Lưu Kết Nhất
1167,1071,Tập Cận Bình,Thái Danh Chiếu
1167,687,Tập Cận Bình,Lý Hiểu Hồng
1167,1076,Tập Cận Bình,Thận Hải Hùng
1167,232,Tập Cận Bình,Dịch Hội Mãn
1167,199,Tập Cận Bình,Chu Ân Lai
1167,180,Tập Cận Bình,Chu Dung Cơ
1167,697,Tập Cận Bình,Lý Hồng Trung
1167,698,Tập Cận Bình,Lưu Kỳ (sinh năm 1957)
1167,701,Tập Cận Bình,Lưu Kim Quốc
1167,98,Tập Cận Bình,Bayanqolu
1167,696,Tập Cận Bình,Lạc Thụ Cương
1167,683,Tập Cận Bình,Lâu Cần Kiệm
1167,1146,Tập Cận Bình,Vu Vĩ Quốc
1167,712,Tập Cận Bình,Lộc Tâm Xã
1167,1227,Tập Cận Bình,Đỗ Gia Hào
1167,224,Tập Cận Bình,Dương Chấn Vũ
1167,218,Tập Cận Bình,Diệp Kiếm Anh
1167,1095,Tập Cận Bình,Triệu Khắc Chí
1167,829,Tập Cận Bình,Ngô Bang Quốc
1167,1132,Tập Cận Bình,Uông Dương
1167,430,Tập Cận Bình,Hạ Bảo Long
1167,1178,Tập Cận Bình,Vương Đông Minh
1167,432,Tập Cận Bình,Hạ Quân Khoa
1167,1077,Tập Cận Bình,Thẩm Dược Dược
1167,354,Tập Cận Bình,Giả Khánh Lâm
1167,1096,Tập Cận Bình,Trương Quân
1167,1106,Tập Cận Bình,Trần Mẫn Nhĩ
1167,1226,Tập Cận Bình,Đường Lương Trí
1167,239,Tập Cận Bình,Doãn Lực
1167,330,Tập Cận Bình,George W. Bush
1167,136,Tập Cận Bình,Bạc Hy Lai
1167,837,Tập Cận Bình,Nelson Mandela
1167,620,Tập Cận Bình,Kevin Rudd
1167,298,Tập Cận Bình,Donald Trump
1167,695,Tập Cận Bình,Lý Hiển Long
1167,1078,Tập Cận Bình,Thái Anh Văn
1167,777,Tập Cận Bình,Michelle Obama
1167,1230,Tập Cận Bình,Đại học Harvard
1167,416,Tập Cận Bình,Hoàng Cúc
1168,1167,Vương Hỗ Ninh,Tập Cận Bình
1168,1132,Vương Hỗ Ninh,Uông Dương
1168,1082,Vương Hỗ Ninh,Thái Kỳ
1168,342,Vương Hỗ Ninh,Giang Trạch Dân
1168,457,Vương Hỗ Ninh,Hồ Cẩm Đào
1168,829,Vương Hỗ Ninh,Ngô Bang Quốc
1168,1115,Vương Hỗ Ninh,Tăng Khánh Hồng
1168,408,Vương Hỗ Ninh,Henry Kissinger
1168,686,Vương Hỗ Ninh,Lý Cường
1168,1094,Vương Hỗ Ninh,Triệu Lạc Tế
1168,1231,Vương Hỗ Ninh,Đinh Tiết Tường
1168,692,Vương Hỗ Ninh,Lý Hi
1168,239,Vương Hỗ Ninh,Doãn Lực
1168,1081,Vương Hỗ Ninh,Thạch Thái Phong
1168,709,Vương Hỗ Ninh,Lưu Quốc Trung
1168,684,Vương Hỗ Ninh,Lý Cán Kiệt
1168,691,Vương Hỗ Ninh,Lý Thư Lỗi
1168,697,Vương Hỗ Ninh,Lý Hồng Trung
1168,427,Vương Hỗ Ninh,Hà Vệ Đông
1168,431,Vương Hỗ Ninh,Hà Lập Phong
1168,1140,Vương Hỗ Ninh,Trương Quốc Thanh
1168,1108,Vương Hỗ Ninh,Trần Văn Thanh (chính khách Trung Quốc)
1168,1106,Vương Hỗ Ninh,Trần Mẫn Nhĩ
1168,701,Vương Hỗ Ninh,Lưu Kim Quốc
1168,1174,Vương Hỗ Ninh,Vương Tiểu Hồng
1168,1178,Vương Hỗ Ninh,Vương Đông Minh
1168,433,Vương Hỗ Ninh,Hàn Chính (chính khách)
1168,834,Vương Hỗ Ninh,Ngô Chính Long
1168,1104,Vương Hỗ Ninh,Thầm Di Cầm
1168,1077,Vương Hỗ Ninh,Thẩm Dược Dược
1168,1096,Vương Hỗ Ninh,Trương Quân
1168,702,Vương Hỗ Ninh,Lý Khắc Cường
1168,715,Vương Hỗ Ninh,Lật Chiến Thư
1168,1162,Vương Hỗ Ninh,Vương Kỳ Sơn
1168,1095,Vương Hỗ Ninh,Triệu Khắc Chí
1168,430,Vương Hỗ Ninh,Hạ Bảo Long
1169,548,Walter Mondale,Jimmy Carter
1169,832,Walter Mondale,Nelson Rockefeller
1169,319,Walter Mondale,George H. W. Bush
1169,419,Walter Mondale,Hubert Humphrey
1169,119,Walter Mondale,Bill Clinton
1169,1036,Walter Mondale,Ronald Reagan
1169,315,Walter Mondale,George McGovern
1169,968,Walter Mondale,Richard Nixon
1169,539,Walter Mondale,John Adams
1169,1083,Walter Mondale,Thomas Jefferson
1169,405,Walter Mondale,Herbert Hoover
1169,565,Walter Mondale,Joe Biden
1169,628,Walter Mondale,Kamala Harris
1169,1089,Walter Mondale,Tim Walz
1169,211,Walter Mondale,Dick Cheney
1170,1201,Warren G. Harding,Woodrow Wilson
1170,143,Warren G. Harding,Calvin Coolidge
1170,405,Warren G. Harding,Herbert Hoover
1170,539,Warren G. Harding,John Adams
1170,1083,Warren G. Harding,Thomas Jefferson
1170,483,Warren G. Harding,James Madison
1170,482,Warren G. Harding,James Monroe
1170,562,Warren G. Harding,John Quincy Adams
1170,1190,Warren G. Harding,William Henry Harrison
1170,568,Warren G. Harding,John Tyler
1170,473,Warren G. Harding,James K. Polk
1170,286,Warren G. Harding,Franklin Pierce
1170,469,Warren G. Harding,James Buchanan
1170,1127,Warren G. Harding,Ulysses S. Grant
1170,993,Warren G. Harding,Rutherford B. Hayes
1170,470,Warren G. Harding,James A. Garfield
1170,170,Warren G. Harding,Chester A. Arthur
1170,108,Warren G. Harding,Benjamin Harrison
1170,1206,Warren G. Harding,William McKinley
1170,1080,Warren G. Harding,Theodore Roosevelt
1170,1189,Warren G. Harding,William Howard Taft
1170,292,Warren G. Harding,Franklin D. Roosevelt
1170,389,Warren G. Harding,Harry S. Truman
1170,228,Warren G. Harding,Dwight D. Eisenhower
1170,549,Warren G. Harding,John F. Kennedy
1170,688,Warren G. Harding,Lyndon B. Johnson
1170,968,Warren G. Harding,Richard Nixon
1170,340,Warren G. Harding,Gerald Ford
1170,548,Warren G. Harding,Jimmy Carter
1170,1036,Warren G. Harding,Ronald Reagan
1170,319,Warren G. Harding,George H. W. Bush
1170,119,Warren G. Harding,Bill Clinton
1170,330,Warren G. Harding,George W. Bush
1170,156,Warren G. Harding,Barack Obama
1170,298,Warren G. Harding,Donald Trump
1170,565,Warren G. Harding,Joe Biden
1170,123,Warren G. Harding,Bob Taft
1170,552,Warren G. Harding,John Kasich
1170,812,Warren G. Harding,Mike DeWine
1172,702,Vương Tường Hỉ,Lý Khắc Cường
1172,1167,Vương Tường Hỉ,Tập Cận Bình
1172,686,Vương Tường Hỉ,Lý Cường
1172,1231,Vương Tường Hỉ,Đinh Tiết Tường
1172,431,Vương Tường Hỉ,Hà Lập Phong
1172,1140,Vương Tường Hỉ,Trương Quốc Thanh
1172,709,Vương Tường Hỉ,Lưu Quốc Trung
1172,1174,Vương Tường Hỉ,Vương Tiểu Hồng
1172,834,Vương Tường Hỉ,Ngô Chính Long
1172,1104,Vương Tường Hỉ,Thầm Di Cầm
1172,421,Vương Tường Hỉ,Hoài Tiến Bằng
1172,630,Vương Tường Hỉ,Kim Tráng Long
1172,1103,Vương Tường Hỉ,Trần Nhất Tân
1172,439,Vương Tường Hỉ,Hạ Vinh
1172,1156,Vương Tường Hỉ,Vương Hiểu Bình
1172,1165,Vương Tường Hỉ,Vương Quảng Hoa
1172,426,Vương Tường Hỉ,Hoàng Nhuận Thu
1172,828,Vương Tường Hỉ,Nghê Hồng
1172,689,Vương Tường Hỉ,Lý Quốc Anh
1172,1166,Vương Tường Hỉ,Vương Văn Đào
1172,144,Vương Tường Hỉ,Bùi Kim Giai
1172,1119,Vương Tường Hỉ,Trịnh Sách Khiết
1172,899,Vương Tường Hỉ,Phan Nhạc (chính khách)
1172,811,Vương Tường Hỉ,Mã Hiểu Vĩ
1172,893,Vương Tường Hỉ,Phan Công Thắng
1172,445,Vương Tường Hỉ,Hầu Khải
1172,433,Vương Tường Hỉ,Hàn Chính (chính khách)
1172,1095,Vương Tường Hỉ,Triệu Khắc Chí
1172,1086,Vương Tường Hỉ,Tiêu Á Khánh
1172,1108,Vương Tường Hỉ,Trần Văn Thanh (chính khách Trung Quốc)
1172,684,Vương Tường Hỉ,Lý Cán Kiệt
1172,696,Vương Tường Hỉ,Lạc Thụ Cương
1173,412,Wilhelm Frick,Heinrich Himmler
1174,702,Vương Tiểu Hồng,Lý Khắc Cường
1174,1095,Vương Tiểu Hồng,Triệu Khắc Chí
1174,1082,Vương Tiểu Hồng,Thái Kỳ
1174,1167,Vương Tiểu Hồng,Tập Cận Bình
1174,686,Vương Tiểu Hồng,Lý Cường
1174,1094,Vương Tiểu Hồng,Triệu Lạc Tế
1174,1168,Vương Tiểu Hồng,Vương Hỗ Ninh
1174,1231,Vương Tiểu Hồng,Đinh Tiết Tường
1174,692,Vương Tiểu Hồng,Lý Hi
1174,239,Vương Tiểu Hồng,Doãn Lực
1174,1081,Vương Tiểu Hồng,Thạch Thái Phong
1174,709,Vương Tiểu Hồng,Lưu Quốc Trung
1174,684,Vương Tiểu Hồng,Lý Cán Kiệt
1174,691,Vương Tiểu Hồng,Lý Thư Lỗi
1174,697,Vương Tiểu Hồng,Lý Hồng Trung
1174,427,Vương Tiểu Hồng,Hà Vệ Đông
1174,431,Vương Tiểu Hồng,Hà Lập Phong
1174,1140,Vương Tiểu Hồng,Trương Quốc Thanh
1174,1108,Vương Tiểu Hồng,Trần Văn Thanh (chính khách Trung Quốc)
1174,1106,Vương Tiểu Hồng,Trần Mẫn Nhĩ
1174,701,Vương Tiểu Hồng,Lưu Kim Quốc
1174,1178,Vương Tiểu Hồng,Vương Đông Minh
1174,433,Vương Tiểu Hồng,Hàn Chính (chính khách)
1174,834,Vương Tiểu Hồng,Ngô Chính Long
1174,1104,Vương Tiểu Hồng,Thầm Di Cầm
1174,1077,Vương Tiểu Hồng,Thẩm Dược Dược
1174,1096,Vương Tiểu Hồng,Trương Quân
1174,421,Vương Tiểu Hồng,Hoài Tiến Bằng
1174,630,Vương Tiểu Hồng,Kim Tráng Long
1174,1103,Vương Tiểu Hồng,Trần Nhất Tân
1174,439,Vương Tiểu Hồng,Hạ Vinh
1174,1156,Vương Tiểu Hồng,Vương Hiểu Bình
1174,1165,Vương Tiểu Hồng,Vương Quảng Hoa
1174,426,Vương Tiểu Hồng,Hoàng Nhuận Thu
1174,828,Vương Tiểu Hồng,Nghê Hồng
1174,689,Vương Tiểu Hồng,Lý Quốc Anh
1174,1166,Vương Tiểu Hồng,Vương Văn Đào
1174,1172,Vương Tiểu Hồng,Vương Tường Hỉ
1174,144,Vương Tiểu Hồng,Bùi Kim Giai
1174,1119,Vương Tiểu Hồng,Trịnh Sách Khiết
1174,899,Vương Tiểu Hồng,Phan Nhạc (chính khách)
1174,811,Vương Tiểu Hồng,Mã Hiểu Vĩ
1174,893,Vương Tiểu Hồng,Phan Công Thắng
1174,445,Vương Tiểu Hồng,Hầu Khải
1174,1086,Vương Tiểu Hồng,Tiêu Á Khánh
1174,696,Vương Tiểu Hồng,Lạc Thụ Cương
1175,876,Taylor Swift,Patsy Cline
1175,278,Taylor Swift,F. Scott Fitzgerald
1175,1193,Taylor Swift,William Wordsworth
1175,990,Taylor Swift,Sam Lansky
1175,298,Taylor Swift,Donald Trump
1175,565,Taylor Swift,Joe Biden
1175,628,Taylor Swift,Kamala Harris
1176,168,Werner Faymann,Christian Kern
1176,1007,Werner Faymann,Sebastian Kurz
1176,387,Werner Faymann,Hartwig Löger
1176,130,Werner Faymann,Brigitte Bierlein
1176,33,Werner Faymann,Alexander Schallenberg
1176,603,Werner Faymann,Karl Nehammer
1177,298,William Barr,Donald Trump
1177,319,William Barr,George H. W. Bush
1177,489,William Barr,Janet Reno
1178,1167,Vương Đông Minh,Tập Cận Bình
1178,686,Vương Đông Minh,Lý Cường
1178,1094,Vương Đông Minh,Triệu Lạc Tế
1178,1168,Vương Đông Minh,Vương Hỗ Ninh
1178,1082,Vương Đông Minh,Thái Kỳ
1178,1231,Vương Đông Minh,Đinh Tiết Tường
1178,692,Vương Đông Minh,Lý Hi
1178,239,Vương Đông Minh,Doãn Lực
1178,1081,Vương Đông Minh,Thạch Thái Phong
1178,709,Vương Đông Minh,Lưu Quốc Trung
1178,684,Vương Đông Minh,Lý Cán Kiệt
1178,691,Vương Đông Minh,Lý Thư Lỗi
1178,697,Vương Đông Minh,Lý Hồng Trung
1178,427,Vương Đông Minh,Hà Vệ Đông
1178,431,Vương Đông Minh,Hà Lập Phong
1178,1140,Vương Đông Minh,Trương Quốc Thanh
1178,1108,Vương Đông Minh,Trần Văn Thanh (chính khách Trung Quốc)
1178,1106,Vương Đông Minh,Trần Mẫn Nhĩ
1178,701,Vương Đông Minh,Lưu Kim Quốc
1178,1174,Vương Đông Minh,Vương Tiểu Hồng
1178,433,Vương Đông Minh,Hàn Chính (chính khách)
1178,834,Vương Đông Minh,Ngô Chính Long
1178,1104,Vương Đông Minh,Thầm Di Cầm
1178,1077,Vương Đông Minh,Thẩm Dược Dược
1178,1096,Vương Đông Minh,Trương Quân
1178,702,Vương Đông Minh,Lý Khắc Cường
1178,715,Vương Đông Minh,Lật Chiến Thư
1178,1132,Vương Đông Minh,Uông Dương
1178,1162,Vương Đông Minh,Vương Kỳ Sơn
1178,1095,Vương Đông Minh,Triệu Khắc Chí
1178,430,Vương Đông Minh,Hạ Bảo Long
1179,993,William A. Wheeler,Rutherford B. Hayes
1179,170,William A. Wheeler,Chester A. Arthur
1179,539,William A. Wheeler,John Adams
1179,1083,William A. Wheeler,Thomas Jefferson
1179,246,William A. Wheeler,Elbridge Gerry
1179,192,William A. Wheeler,Daniel D. Tompkins
1179,538,William A. Wheeler,John C. Calhoun
1179,938,William A. Wheeler,Richard Mentor Johnson
1179,568,William A. Wheeler,John Tyler
1179,314,William A. Wheeler,George M. Dallas
1179,1187,William A. Wheeler,William R. King
1179,535,William A. Wheeler,John C. Breckinridge
1179,1066,William A. Wheeler,Thomas A. Hendricks
1179,9,William A. Wheeler,Adlai Stevenson I
1179,302,William A. Wheeler,Garret Hobart
1179,1080,William A. Wheeler,Theodore Roosevelt
1179,160,William A. Wheeler,Charles W. Fairbanks
1179,481,William A. Wheeler,James S. Sherman
1179,1072,William A. Wheeler,Thomas R. Marshall
1179,143,William A. Wheeler,Calvin Coolidge
1179,153,William A. Wheeler,Charles G. Dawes
1179,561,William A. Wheeler,John Nance Garner
1179,409,William A. Wheeler,Henry A. Wallace
1179,389,William A. Wheeler,Harry S. Truman
1179,24,William A. Wheeler,Alben W. Barkley
1179,968,William A. Wheeler,Richard Nixon
1179,688,William A. Wheeler,Lyndon B. Johnson
1179,419,William A. Wheeler,Hubert Humphrey
1179,340,William A. Wheeler,Gerald Ford
1179,832,William A. Wheeler,Nelson Rockefeller
1179,1169,William A. Wheeler,Walter Mondale
1179,319,William A. Wheeler,George H. W. Bush
1179,211,William A. Wheeler,Dick Cheney
1179,565,William A. Wheeler,Joe Biden
1179,773,William A. Wheeler,Mike Pence
1179,628,William A. Wheeler,Kamala Harris
1179,466,William A. Wheeler,JD Vance
1180,1083,William H. Seward,Thomas Jefferson
1180,483,William H. Seward,James Madison
1180,482,William H. Seward,James Monroe
1180,562,William H. Seward,John Quincy Adams
1180,538,William H. Seward,John C. Calhoun
1180,469,William H. Seward,James Buchanan
1180,401,William H. Seward,Henry L. Stimson
1180,321,William H. Seward,George Marshall
1180,206,William H. Seward,Dean Acheson
1180,541,William H. Seward,John Foster Dulles
1180,207,William H. Seward,Dean Rusk
1180,1186,William H. Seward,William P. Rogers
1180,408,William H. Seward,Henry Kissinger
1180,188,William H. Seward,Colin Powell
1180,200,William H. Seward,Condoleezza Rice
1180,422,William H. Seward,Hillary Clinton
1180,947,William H. Seward,Rex Tillerson
1180,776,William H. Seward,Mike Pompeo
1181,1230,William Lyon Mackenzie King,Đại học Harvard
1181,531,William Lyon Mackenzie King,John Abbott
1181,1171,William Lyon Mackenzie King,Wilfrid Laurier
1181,542,William Lyon Mackenzie King,John Diefenbaker
1181,902,William Lyon Mackenzie King,Pierre Trudeau
1181,567,William Lyon Mackenzie King,John Turner
1181,131,William Lyon Mackenzie King,Brian Mulroney
1181,615,William Lyon Mackenzie King,Kim Campbell
1181,500,William Lyon Mackenzie King,Jean Chrétien
1181,879,William Lyon Mackenzie King,Paul Martin
1182,1233,William Golding,Đại học Oxford
1182,351,William Golding,Graham Greene
1182,1063,William Golding,Theodor Mommsen
1182,579,William Golding,José Echegaray
1182,394,William Golding,Henri Bergson
1182,1073,William Golding,Thomas Mann
1182,682,William Golding,Luigi Pirandello
1182,970,William Golding,Roger Martin du Gard
1182,1047,William Golding,T. S. Eliot
1182,1183,William Golding,William Faulkner
1182,1223,William Golding,Winston Churchill
1182,453,William Golding,Ivo Andrić
1182,768,William Golding,Miguel Ángel Asturias
1182,392,William Golding,Heinrich Böll
1182,853,William Golding,Odysseas Elytis
1182,247,William Golding,Elias Canetti
1182,307,William Golding,Gabriel García Márquez
1182,146,William Golding,Camilo José Cela
1182,147,William Golding,Cao Hành Kiện
1182,610,William Golding,Kazuo Ishiguro
1183,1047,William Faulkner,T. S. Eliot
1183,1063,William Faulkner,Theodor Mommsen
1183,579,William Faulkner,José Echegaray
1183,394,William Faulkner,Henri Bergson
1183,1073,William Faulkner,Thomas Mann
1183,682,William Faulkner,Luigi Pirandello
1183,970,William Faulkner,Roger Martin du Gard
1183,1223,William Faulkner,Winston Churchill
1183,453,William Faulkner,Ivo Andrić
1183,768,William Faulkner,Miguel Ángel Asturias
1183,392,William Faulkner,Heinrich Böll
1183,853,William Faulkner,Odysseas Elytis
1183,247,William Faulkner,Elias Canetti
1183,307,William Faulkner,Gabriel García Márquez
1183,1182,William Faulkner,William Golding
1183,146,William Faulkner,Camilo José Cela
1183,147,William Faulkner,Cao Hành Kiện
1183,610,William Faulkner,Kazuo Ishiguro
1184,543,William McMahon,John Gorton
1184,348,William McMahon,Gough Whitlam
1184,377,William McMahon,Harold Holt
1184,559,William McMahon,John McEwen
1184,960,William McMahon,Robert Menzies
1184,235,William McMahon,Edmund Barton
1184,44,William McMahon,Alfred Deakin
1184,318,William McMahon,George Reid (chính khách Úc)
1184,52,William McMahon,Andrew Fisher
1184,1032,William McMahon,Stanley Bruce
1184,236,William McMahon,Earle Page
1184,282,William McMahon,Frank Forde
1184,714,William McMahon,Malcolm Fraser
1184,120,William McMahon,Bob Hawke
1184,547,William McMahon,John Howard
1184,620,William McMahon,Kevin Rudd
1184,597,William McMahon,Julia Gillard
1184,1084,William McMahon,Tony Abbott
1184,717,William McMahon,Malcolm Turnbull
1184,1003,William McMahon,Scott Morrison
1184,63,William McMahon,Anthony Albanese
1185,203,William Hague,David Cameron
1185,316,William Hague,George Osborne
1185,1233,William Hague,Đại học Oxford
1186,968,William P. Rogers,Richard Nixon
1186,207,William P. Rogers,Dean Rusk
1186,408,William P. Rogers,Henry Kissinger
1186,228,William P. Rogers,Dwight D. Eisenhower
1186,952,William P. Rogers,Robert F. Kennedy
1187,286,William R. King,Franklin Pierce
1187,535,William R. King,John C. Breckinridge
1187,568,William R. King,John Tyler
1187,937,William R. King,Richard Rush
1188,972,William Pitt Trẻ,Robert Walpole
1188,312,William Pitt Trẻ,George Grenville
1188,397,William Pitt Trẻ,"Henry Addington, Tử tước Sidmouth thứ 1"
1188,1033,William Pitt Trẻ,Spencer Perceval
1188,308,William Pitt Trẻ,George Canning
1188,83,William Pitt Trẻ,"Arthur Wellesley, Công tước thứ 1 xứ Wellington"
1188,395,William Pitt Trẻ,"Henry John Temple, Tử tước Palmerston thứ 3"
1188,1035,William Pitt Trẻ,Stanley Baldwin
1188,933,William Pitt Trẻ,Ramsay MacDonald
1188,823,William Pitt Trẻ,Neville Chamberlain
1188,1223,William Pitt Trẻ,Winston Churchill
1188,187,William Pitt Trẻ,Clement Attlee
1188,62,William Pitt Trẻ,Anthony Eden
1188,380,William Pitt Trẻ,Harold Macmillan
1188,39,William Pitt Trẻ,Alec Douglas-Home
1188,381,William Pitt Trẻ,Harold Wilson
1188,477,William Pitt Trẻ,James Callaghan
1188,735,William Pitt Trẻ,Margaret Thatcher
1188,353,William Pitt Trẻ,Gordon Brown
1188,203,William Pitt Trẻ,David Cameron
1188,1065,William Pitt Trẻ,Theresa May
1188,137,William Pitt Trẻ,Boris Johnson
1188,685,William Pitt Trẻ,Liz Truss
1188,959,William Pitt Trẻ,Rishi Sunak
1188,618,William Pitt Trẻ,Keir Starmer
1189,481,William Howard Taft,James S. Sherman
1189,1080,William Howard Taft,Theodore Roosevelt
1189,1201,William Howard Taft,Woodrow Wilson
1189,1206,William Howard Taft,William McKinley
1189,1170,William Howard Taft,Warren G. Harding
1189,1232,William Howard Taft,Đại học Yale
1189,143,William Howard Taft,Calvin Coolidge
1189,539,William Howard Taft,John Adams
1189,1083,William Howard Taft,Thomas Jefferson
1189,483,William Howard Taft,James Madison
1189,482,William Howard Taft,James Monroe
1189,562,William Howard Taft,John Quincy Adams
1189,1190,William Howard Taft,William Henry Harrison
1189,568,William Howard Taft,John Tyler
1189,473,William Howard Taft,James K. Polk
1189,286,William Howard Taft,Franklin Pierce
1189,469,William Howard Taft,James Buchanan
1189,1127,William Howard Taft,Ulysses S. Grant
1189,993,William Howard Taft,Rutherford B. Hayes
1189,470,William Howard Taft,James A. Garfield
1189,170,William Howard Taft,Chester A. Arthur
1189,108,William Howard Taft,Benjamin Harrison
1189,405,William Howard Taft,Herbert Hoover
1189,292,William Howard Taft,Franklin D. Roosevelt
1189,389,William Howard Taft,Harry S. Truman
1189,228,William Howard Taft,Dwight D. Eisenhower
1189,549,William Howard Taft,John F. Kennedy
1189,688,William Howard Taft,Lyndon B. Johnson
1189,968,William Howard Taft,Richard Nixon
1189,340,William Howard Taft,Gerald Ford
1189,548,William Howard Taft,Jimmy Carter
1189,1036,William Howard Taft,Ronald Reagan
1189,319,William Howard Taft,George H. W. Bush
1189,119,William Howard Taft,Bill Clinton
1189,330,William Howard Taft,George W. Bush
1189,156,William Howard Taft,Barack Obama
1189,298,William Howard Taft,Donald Trump
1189,565,William Howard Taft,Joe Biden
1190,568,William Henry Harrison,John Tyler
1190,562,William Henry Harrison,John Quincy Adams
1190,539,William Henry Harrison,John Adams
1190,108,William Henry Harrison,Benjamin Harrison
1190,298,William Henry Harrison,Donald Trump
1190,1083,William Henry Harrison,Thomas Jefferson
1190,483,William Henry Harrison,James Madison
1190,482,William Henry Harrison,James Monroe
1190,473,William Henry Harrison,James K. Polk
1190,286,William Henry Harrison,Franklin Pierce
1190,469,William Henry Harrison,James Buchanan
1190,1127,William Henry Harrison,Ulysses S. Grant
1190,993,William Henry Harrison,Rutherford B. Hayes
1190,470,William Henry Harrison,James A. Garfield
1190,170,William Henry Harrison,Chester A. Arthur
1190,1206,William Henry Harrison,William McKinley
1190,1080,William Henry Harrison,Theodore Roosevelt
1190,1189,William Henry Harrison,William Howard Taft
1190,1201,William Henry Harrison,Woodrow Wilson
1190,1170,William Henry Harrison,Warren G. Harding
1190,143,William Henry Harrison,Calvin Coolidge
1190,405,William Henry Harrison,Herbert Hoover
1190,292,William Henry Harrison,Franklin D. Roosevelt
1190,389,William Henry Harrison,Harry S. Truman
1190,228,William Henry Harrison,Dwight D. Eisenhower
1190,549,William Henry Harrison,John F. Kennedy
1190,688,William Henry Harrison,Lyndon B. Johnson
1190,968,William Henry Harrison,Richard Nixon
1190,340,William Henry Harrison,Gerald Ford
1190,548,William Henry Harrison,Jimmy Carter
1190,1036,William Henry Harrison,Ronald Reagan
1190,319,William Henry Harrison,George H. W. Bush
1190,119,William Henry Harrison,Bill Clinton
1190,330,William Henry Harrison,George W. Bush
1190,156,William Henry Harrison,Barack Obama
1190,565,William Henry Harrison,Joe Biden
1190,1066,William Henry Harrison,Thomas A. Hendricks
1190,1072,William Henry Harrison,Thomas R. Marshall
1190,773,William Henry Harrison,Mike Pence
1190,258,William Henry Harrison,Eric Holcomb
1191,1232,William Vickrey,Đại học Yale
1191,476,William Vickrey,James Mirrlees
1191,883,William Vickrey,Paul Samuelson
1191,1021,William Vickrey,Simon Kuznets
1191,551,William Vickrey,John Hicks
1191,621,William Vickrey,Kenneth Arrow
1191,295,William Vickrey,Friedrich Hayek
1191,794,William Vickrey,Milton Friedman
1191,112,William Vickrey,Bertil Ohlin
1191,494,William Vickrey,James Meade
1191,1062,William Vickrey,Theodore Schultz
1191,655,William Vickrey,Lawrence Klein
1191,485,William Vickrey,James Tobin
1191,320,William Vickrey,George Stigler
1191,364,William Vickrey,Gérard Debreu
1191,939,William Vickrey,Richard Stone
1191,281,William Vickrey,Franco Modigliani
1191,479,William Vickrey,James M. Buchanan
1191,975,William Vickrey,Robert Solow
1191,749,William Vickrey,Maurice Allais
1191,1092,William Vickrey,Trygve Haavelmo
1191,383,William Vickrey,Harry Markowitz
1191,759,William Vickrey,Merton Miller
1191,977,William Vickrey,Ronald Coase
1191,326,William Vickrey,Gary Becker
1191,957,William Vickrey,Robert Fogel
1191,221,William Vickrey,Douglass North
1191,956,William Vickrey,"Robert Lucas, Jr."
1191,805,William Vickrey,Myron Scholes
1191,54,William Vickrey,Amartya Sen
1191,962,William Vickrey,Robert Mundell
1191,472,William Vickrey,James Heckman
1191,310,William Vickrey,George Akerlof
1191,760,William Vickrey,Michael Spence
1191,587,William Vickrey,Joseph Stiglitz
1191,954,William Vickrey,Robert F. Engle
1191,194,William Vickrey,Clive Granger
1191,273,William Vickrey,Finn E. Kydland
1191,882,William Vickrey,Peter A. Diamond
1191,172,William Vickrey,Christopher A. Pissarides
1191,1068,William Vickrey,Thomas J. Sargent
1191,174,William Vickrey,Christopher A. Sims
1191,507,William Vickrey,Jean Tirole
1191,101,William Vickrey,Bengt Holmström
1191,941,William Vickrey,Richard Thaler
1191,262,William Vickrey,Esther Duflo
1191,580,William Vickrey,Joshua Angrist
1191,209,William Vickrey,David Card
1192,103,Win Myint,Aung San Suu Kyi
1192,418,Win Myint,Htin Kyaw
1193,1234,William Wordsworth,Đại học Cambridge
1194,68,Wolfgang Schäuble,Angela Merkel
1194,862,Wolfgang Schäuble,Olaf Scholz
1194,406,Wolfgang Schäuble,Helmut Kohl
1195,1036,William Weld,Ronald Reagan
1195,958,William Weld,Robert Mueller
1195,1230,William Weld,Đại học Harvard
1195,1233,William Weld,Đại học Oxford
1195,119,William Weld,Bill Clinton
1195,304,William Weld,Gary Johnson
1195,553,William Weld,John Hancock
1195,246,William Weld,Elbridge Gerry
1195,143,William Weld,Calvin Coolidge
1195,578,William Weld,John Volpe
1195,785,William Weld,Mitt Romney
1195,212,William Weld,Deval Patrick
1195,173,William Weld,Charlie Baker
1197,1225,Yahya Khan,Zulfikar Ali Bhutto
1197,804,Yahya Khan,Muhammad Zia-ul-Haq
1197,884,Yahya Khan,Pervez Musharraf
1197,799,Yahya Khan,Muhammad Mian Soomro
1197,711,Yahya Khan,Mamnoon Hussain
1198,135,Yegor Timurovich Gaidar,Boris Nikolayevich Yeltsin
1198,450,Yegor Timurovich Gaidar,Ivan Logginovich Goremykin
1198,1160,Yegor Timurovich Gaidar,Vladimir Ilyich Lenin
1198,324,Yegor Timurovich Gaidar,Georgy Maksimilianovich Malenkov
1198,854,Yegor Timurovich Gaidar,Nikita Sergeyevich Khrushchyov
1198,1207,Yegor Timurovich Gaidar,Yevgeny Maksimovich Primakov
1198,1153,Yegor Timurovich Gaidar,Vladimir Vladimirovich Putin
1198,227,Yegor Timurovich Gaidar,Dmitry Anatolyevich Medvedev
1199,517,Xavier Bettel,Jean-Claude Juncker
1199,137,Xavier Bettel,Boris Johnson
1199,245,Xavier Bettel,Elio Di Rupo
1199,159,Xavier Bettel,Charles Michel
1199,603,Xavier Bettel,Karl Nehammer
1199,48,Xavier Bettel,Andrej Babiš
1199,757,Xavier Bettel,Mette Frederiksen
1199,598,Xavier Bettel,Kaja Kallas
1199,1004,Xavier Bettel,Sanna Marin
1199,267,Xavier Bettel,Emmanuel Macron
1199,862,Xavier Bettel,Olaf Scholz
1199,648,Xavier Bettel,Kyriakos Mitsotakis
1199,766,Xavier Bettel,Micheál Martin
1199,264,Xavier Bettel,Evika Siliņa
1199,338,Xavier Bettel,Gitanas Nausėda
1199,953,Xavier Bettel,Robert Abela
1199,741,Xavier Bettel,Mark Rutte
1199,219,Xavier Bettel,Donald Tusk
1199,72,Xavier Bettel,António Costa
1199,626,Xavier Bettel,Klaus Iohannis
1199,496,Xavier Bettel,Janez Janša
1199,887,Xavier Bettel,Pedro Sánchez
1199,708,Xavier Bettel,Magdalena Andersson
1200,525,Włodzimierz Cimoszewicz,Jerzy Buzek
1200,510,Włodzimierz Cimoszewicz,Jarosław Kaczyński
1200,219,Włodzimierz Cimoszewicz,Donald Tusk
1200,265,Włodzimierz Cimoszewicz,Ewa Kopacz
1200,95,Włodzimierz Cimoszewicz,Beata Szydło
1200,745,Włodzimierz Cimoszewicz,Mateusz Morawiecki
1201,1072,Woodrow Wilson,Thomas R. Marshall
1201,1189,Woodrow Wilson,William Howard Taft
1201,1170,Woodrow Wilson,Warren G. Harding
1201,1080,Woodrow Wilson,Theodore Roosevelt
1201,539,Woodrow Wilson,John Adams
1201,1083,Woodrow Wilson,Thomas Jefferson
1201,483,Woodrow Wilson,James Madison
1201,482,Woodrow Wilson,James Monroe
1201,562,Woodrow Wilson,John Quincy Adams
1201,1190,Woodrow Wilson,William Henry Harrison
1201,568,Woodrow Wilson,John Tyler
1201,473,Woodrow Wilson,James K. Polk
1201,286,Woodrow Wilson,Franklin Pierce
1201,469,Woodrow Wilson,James Buchanan
1201,1127,Woodrow Wilson,Ulysses S. Grant
1201,993,Woodrow Wilson,Rutherford B. Hayes
1201,470,Woodrow Wilson,James A. Garfield
1201,170,Woodrow Wilson,Chester A. Arthur
1201,108,Woodrow Wilson,Benjamin Harrison
1201,1206,Woodrow Wilson,William McKinley
1201,143,Woodrow Wilson,Calvin Coolidge
1201,405,Woodrow Wilson,Herbert Hoover
1201,292,Woodrow Wilson,Franklin D. Roosevelt
1201,389,Woodrow Wilson,Harry S. Truman
1201,228,Woodrow Wilson,Dwight D. Eisenhower
1201,549,Woodrow Wilson,John F. Kennedy
1201,688,Woodrow Wilson,Lyndon B. Johnson
1201,968,Woodrow Wilson,Richard Nixon
1201,340,Woodrow Wilson,Gerald Ford
1201,548,Woodrow Wilson,Jimmy Carter
1201,1036,Woodrow Wilson,Ronald Reagan
1201,319,Woodrow Wilson,George H. W. Bush
1201,119,Woodrow Wilson,Bill Clinton
1201,330,Woodrow Wilson,George W. Bush
1201,156,Woodrow Wilson,Barack Obama
1201,298,Woodrow Wilson,Donald Trump
1201,565,Woodrow Wilson,Joe Biden
1201,524,Woodrow Wilson,Jim McGreevey
1201,913,Woodrow Wilson,Phil Murphy
1202,884,Yousaf Raza Gillani,Pervez Musharraf
1202,799,Yousaf Raza Gillani,Muhammad Mian Soomro
1202,664,Yousaf Raza Gillani,Liaquat Ali Khan
1202,1225,Yousaf Raza Gillani,Zulfikar Ali Bhutto
1202,446,Yousaf Raza Gillani,Imran Khan
1204,1234,William Wilberforce,Đại học Cambridge
1204,1188,William Wilberforce,William Pitt Trẻ
1204,1185,William Wilberforce,William Hague
1206,302,William McKinley,Garret Hobart
1206,1080,William McKinley,Theodore Roosevelt
1206,108,William McKinley,Benjamin Harrison
1206,539,William McKinley,John Adams
1206,1083,William McKinley,Thomas Jefferson
1206,483,William McKinley,James Madison
1206,482,William McKinley,James Monroe
1206,562,William McKinley,John Quincy Adams
1206,1190,William McKinley,William Henry Harrison
1206,568,William McKinley,John Tyler
1206,473,William McKinley,James K. Polk
1206,286,William McKinley,Franklin Pierce
1206,469,William McKinley,James Buchanan
1206,1127,William McKinley,Ulysses S. Grant
1206,993,William McKinley,Rutherford B. Hayes
1206,470,William McKinley,James A. Garfield
1206,170,William McKinley,Chester A. Arthur
1206,1189,William McKinley,William Howard Taft
1206,1201,William McKinley,Woodrow Wilson
1206,1170,William McKinley,Warren G. Harding
1206,143,William McKinley,Calvin Coolidge
1206,405,William McKinley,Herbert Hoover
1206,292,William McKinley,Franklin D. Roosevelt
1206,389,William McKinley,Harry S. Truman
1206,228,William McKinley,Dwight D. Eisenhower
1206,549,William McKinley,John F. Kennedy
1206,688,William McKinley,Lyndon B. Johnson
1206,968,William McKinley,Richard Nixon
1206,340,William McKinley,Gerald Ford
1206,548,William McKinley,Jimmy Carter
1206,1036,William McKinley,Ronald Reagan
1206,319,William McKinley,George H. W. Bush
1206,119,William McKinley,Bill Clinton
1206,330,William McKinley,George W. Bush
1206,156,William McKinley,Barack Obama
1206,298,William McKinley,Donald Trump
1206,565,William McKinley,Joe Biden
1206,123,William McKinley,Bob Taft
1206,552,William McKinley,John Kasich
1206,812,William McKinley,Mike DeWine
1207,803,Yevgeny Maksimovich Primakov,Mikhail Sergeyevich Gorbachyov
1207,1153,Yevgeny Maksimovich Primakov,Vladimir Vladimirovich Putin
1207,1019,Yevgeny Maksimovich Primakov,Slobodan Milošević
1207,450,Yevgeny Maksimovich Primakov,Ivan Logginovich Goremykin
1207,1160,Yevgeny Maksimovich Primakov,Vladimir Ilyich Lenin
1207,324,Yevgeny Maksimovich Primakov,Georgy Maksimilianovich Malenkov
1207,854,Yevgeny Maksimovich Primakov,Nikita Sergeyevich Khrushchyov
1207,1198,Yevgeny Maksimovich Primakov,Yegor Timurovich Gaidar
1207,227,Yevgeny Maksimovich Primakov,Dmitry Anatolyevich Medvedev
1207,1025,Yevgeny Maksimovich Primakov,Sergey Viktorovich Lavrov
1208,700,Yun Bo-seon,Lý Thừa Vãn
1208,880,Yun Bo-seon,Park Chung-hee
1208,166,Yun Bo-seon,Choi Kyu-hah
1208,623,Yun Bo-seon,Kim Young-sam
1208,631,Yun Bo-seon,Kim Dae-jung
1208,674,Yun Bo-seon,Lee Myung-bak
1208,872,Yun Bo-seon,Park Geun-hye
1208,813,Yun Bo-seon,Moon Jae-in
1208,1216,Yun Bo-seon,Yoon Suk-yeol
1208,661,Yun Bo-seon,Lee Jae-myung
1209,448,Zail Singh,Indira Gandhi
1209,923,Zail Singh,Rajiv Gandhi
1209,789,Zail Singh,Mohammad Hidayatullah
1209,917,Zail Singh,R. Venkataraman
1209,818,Zail Singh,Neelam Sanjiva Reddy
1209,925,Zail Singh,Rajendra Prasad
1209,998,Zail Singh,Sarvepalli Radhakrishnan
1209,1218,Zail Singh,Zakir Husain (chính trị gia)
1209,1129,Zail Singh,V. V. Giri
1209,266,Zail Singh,Fakhruddin Ali Ahmed
1209,93,Zail Singh,B. D. Jatti
1209,1013,Zail Singh,Shankar Dayal Sharma
1209,596,Zail Singh,K. R. Narayanan
1209,6,Zail Singh,A. P. J. Abdul Kalam
1209,908,Zail Singh,Pratibha Patil
1209,909,Zail Singh,Pranab Mukherjee
1209,926,Zail Singh,Ram Nath Kovind
1209,223,Zail Singh,Droupadi Murmu
1210,548,Zbigniew Brzezinski,Jimmy Carter
1210,1230,Zbigniew Brzezinski,Đại học Harvard
1210,688,Zbigniew Brzezinski,Lyndon B. Johnson
1212,1167,Âm Hòa Tuấn,Tập Cận Bình
1212,421,Âm Hòa Tuấn,Hoài Tiến Bằng
1213,595,Álvaro Uribe,Juan Manuel Santos
1213,1230,Álvaro Uribe,Đại học Harvard
1213,1233,Álvaro Uribe,Đại học Oxford
1214,604,Yoshida Shigeru,Katayama Tetsu
1214,462,Yoshida Shigeru,Itō Hirobumi
1214,991,Yoshida Shigeru,Saionji Kinmochi
1214,375,Yoshida Shigeru,Hara Takashi
1214,611,Yoshida Shigeru,Katō Tomosaburō
1214,609,Yoshida Shigeru,Katō Takaaki
1214,1163,Yoshida Shigeru,Wakatsuki Reijirō
1214,1050,Yoshida Shigeru,Tanaka Giichi
1214,441,Yoshida Shigeru,Inukai Tsuyoshi
1214,992,Yoshida Shigeru,Saitō Makoto
1214,352,Yoshida Shigeru,Gotō Fumio
1214,410,Yoshida Shigeru,Hiranuma Kiichirō
1214,4,Yoshida Shigeru,Abe Nobuyuki
1214,447,Yoshida Shigeru,Itō Masayoshi
1214,796,Yoshida Shigeru,Mori Yoshirō
1214,19,Yoshida Shigeru,Abe Shinzō
1214,303,Yoshida Shigeru,Fukuda Yasuo
1214,90,Yoshida Shigeru,Asō Tarō
1214,390,Yoshida Shigeru,Hatoyama Yukio
1214,601,Yoshida Shigeru,Kan Naoto
1214,841,Yoshida Shigeru,Noda Yoshihiko
1214,1058,Yoshida Shigeru,Suga Yoshihide
1214,639,Yoshida Shigeru,Kishida Fumio
1214,459,Yoshida Shigeru,Ishiba Shigeru
1214,1057,Yoshida Shigeru,Takaichi Sanae
1215,1082,Ân Dũng,Thái Kỳ
1215,1167,Ân Dũng,Tập Cận Bình
1215,1230,Ân Dũng,Đại học Harvard
1215,176,Ân Dũng,Chu Tiểu Xuyên
1215,651,Ân Dũng,Lam Phật An
1215,699,Ân Dũng,Lý Gia Siêu
1215,354,Ân Dũng,Giả Khánh Lâm
1215,239,Ân Dũng,Doãn Lực
1215,218,Ân Dũng,Diệp Kiếm Anh
1215,1162,Ân Dũng,Vương Kỳ Sơn
1216,378,Yoon Suk-yeol,Han Duck-soo
1216,813,Yoon Suk-yeol,Moon Jae-in
1216,661,Yoon Suk-yeol,Lee Jae-myung
1216,622,Yoon Suk-yeol,Kim Myeong-soo
1216,872,Yoon Suk-yeol,Park Geun-hye
1216,674,Yoon Suk-yeol,Lee Myung-bak
1216,181,Yoon Suk-yeol,Chun Doo-hwan
1216,631,Yoon Suk-yeol,Kim Dae-jung
1216,424,Yoon Suk-yeol,Hwang Kyo-ahn
1216,163,Yoon Suk-yeol,Cho Kuk
1216,657,Yoon Suk-yeol,Lee Sang-min (chính khách)
1216,565,Yoon Suk-yeol,Joe Biden
1216,639,Yoon Suk-yeol,Kishida Fumio
1216,452,Yoon Suk-yeol,Izumi Kenta
1216,640,Yoon Suk-yeol,Kim Jong-un
1216,700,Yoon Suk-yeol,Lý Thừa Vãn
1216,1208,Yoon Suk-yeol,Yun Bo-seon
1216,880,Yoon Suk-yeol,Park Chung-hee
1216,166,Yoon Suk-yeol,Choi Kyu-hah
1216,623,Yoon Suk-yeol,Kim Young-sam
1216,504,Yoon Suk-yeol,Javier Milei
1216,1167,Yoon Suk-yeol,Tập Cận Bình
1216,159,Yoon Suk-yeol,Charles Michel
1216,267,Yoon Suk-yeol,Emmanuel Macron
1216,284,Yoon Suk-yeol,Frank-Walter Steinmeier
1216,223,Yoon Suk-yeol,Droupadi Murmu
1216,570,Yoon Suk-yeol,Joko Widodo
1216,1012,Yoon Suk-yeol,Sergio Mattarella
1216,56,Yoon Suk-yeol,Andrés Manuel López Obrador
1216,197,Yoon Suk-yeol,Cyril Ramaphosa
1216,928,Yoon Suk-yeol,Recep Tayyip Erdoğan
1216,298,Yoon Suk-yeol,Donald Trump
1216,63,Yoon Suk-yeol,Anthony Albanese
1216,713,Yoon Suk-yeol,Lại Thanh Đức
1216,699,Yoon Suk-yeol,Lý Gia Siêu
1216,906,Yoon Suk-yeol,Prabowo Subianto
1216,1057,Yoon Suk-yeol,Takaichi Sanae
1216,186,Yoon Suk-yeol,Claudia Sheinbaum
1216,184,Yoon Suk-yeol,Christopher Luxon
1216,475,Yoon Suk-yeol,James Marape
1216,589,Yoon Suk-yeol,José Jerí
1216,122,Yoon Suk-yeol,Bongbong Marcos
1216,423,Yoon Suk-yeol,Hoàng Tuần Tài
1216,84,Yoon Suk-yeol,Anutin Charnvirakul
1216,722,Yoon Suk-yeol,Lương Cường
1217,75,Émile Loubet,Armand Fallières
1217,501,Émile Loubet,Jean Casimir-Perier
1217,931,Émile Loubet,Raymond Poincaré
1217,871,Émile Loubet,Paul Deschanel
1217,37,Émile Loubet,Alexandre Millerand
1217,305,Émile Loubet,Gaston Doumergue
1217,874,Émile Loubet,Paul Doumer
1217,1138,Émile Loubet,Vincent Auriol
1217,930,Émile Loubet,René Coty
1217,171,Émile Loubet,Charles de Gaulle
1217,329,Émile Loubet,Georges Pompidou
1217,1145,Émile Loubet,Valéry Giscard d'Estaing
1217,299,Émile Loubet,François Mitterrand
1217,474,Émile Loubet,Jacques Chirac
1217,839,Émile Loubet,Nicolas Sarkozy
1217,291,Émile Loubet,François Hollande
1217,267,Émile Loubet,Emmanuel Macron
1218,448,Zakir Husain (chính trị gia),Indira Gandhi
1218,1129,Zakir Husain (chính trị gia),V. V. Giri
1218,998,Zakir Husain (chính trị gia),Sarvepalli Radhakrishnan
1218,497,Zakir Husain (chính trị gia),Jawaharlal Nehru
1219,1141,Yulia Volodymyrivna Tymoshenko,Viktor Fedorovych Yanukovych
1219,855,Yulia Volodymyrivna Tymoshenko,Oleksandr Valentynovych Turchynov
1219,854,Yulia Volodymyrivna Tymoshenko,Nikita Sergeyevich Khrushchyov
1219,662,Yulia Volodymyrivna Tymoshenko,Leonid Danylovych Kuchma
1219,1136,Yulia Volodymyrivna Tymoshenko,Viktor Andriyovych Yushchenko
1219,1147,Yulia Volodymyrivna Tymoshenko,Volodymyr Groysman
1219,857,Yulia Volodymyrivna Tymoshenko,Oleksiy Honcharuk
1220,838,Yingluck Shinawatra,Niwatthamrong Boonsongpaisan
1220,12,Yingluck Shinawatra,Abhisit Vejjajiva
1220,907,Yingluck Shinawatra,Prawit Wongsuwan
1220,1067,Yingluck Shinawatra,Thaksin Shinawatra
1220,1016,Yingluck Shinawatra,Somchai Wongsawat
1220,156,Yingluck Shinawatra,Barack Obama
1220,1009,Yingluck Shinawatra,Seni Pramoj
1220,637,Yingluck Shinawatra,Kukrit Pramoj
1220,910,Yingluck Shinawatra,Prem Tinsulanonda
1220,185,Yingluck Shinawatra,Chuan Leekpai
1220,1040,Yingluck Shinawatra,Surayud Chulanont
1220,995,Yingluck Shinawatra,Samak Sundaravej
1220,162,Yingluck Shinawatra,Chavarat Charnvirakul
1220,916,Yingluck Shinawatra,Prayut Chan-o-cha
1220,1031,Yingluck Shinawatra,Srettha Thavisin
1220,900,Yingluck Shinawatra,Phumtham Wechayachai
1220,873,Yingluck Shinawatra,Paetongtarn Shinawatra
1220,84,Yingluck Shinawatra,Anutin Charnvirakul
1222,647,Óscar Arias,Laura Chinchilla
1222,1080,Óscar Arias,Theodore Roosevelt
1222,1201,Óscar Arias,Woodrow Wilson
1222,153,Óscar Arias,Charles G. Dawes
1222,321,Óscar Arias,George Marshall
1222,895,Óscar Arias,Philip Noel-Baker
1222,191,Óscar Arias,Dag Hammarskjöld
1222,408,Óscar Arias,Henry Kissinger
1222,1011,Óscar Arias,Satō Eisaku
1222,76,Óscar Arias,Anwar Al-Sadad
1222,758,Óscar Arias,Menachem Begin
1222,803,Óscar Arias,Mikhail Sergeyevich Gorbachyov
1222,103,Óscar Arias,Aung San Suu Kyi
1222,837,Óscar Arias,Nelson Mandela
1222,1024,Óscar Arias,Shimon Peres
1222,631,Óscar Arias,Kim Dae-jung
1222,627,Óscar Arias,Kofi Annan
1222,548,Óscar Arias,Jimmy Carter
1222,786,Óscar Arias,Mohamed ElBaradei
1222,806,Óscar Arias,Muhammad Yunus
1222,742,Óscar Arias,Martti Ahtisaari
1222,156,Óscar Arias,Barack Obama
1222,243,Óscar Arias,Ellen Johnson Sirleaf
1222,716,Óscar Arias,Malala Yousafzai
1222,595,Óscar Arias,Juan Manuel Santos
1222,3,Óscar Arias,Abiy Ahmed
1222,738,Óscar Arias,Maria Ressa
1223,187,Winston Churchill,Clement Attlee
1223,62,Winston Churchill,Anthony Eden
1223,823,Winston Churchill,Neville Chamberlain
1223,1035,Winston Churchill,Stanley Baldwin
1223,1206,Winston Churchill,William McKinley
1223,1080,Winston Churchill,Theodore Roosevelt
1223,933,Winston Churchill,Ramsay MacDonald
1223,549,Winston Churchill,John F. Kennedy
1223,54,Winston Churchill,Amartya Sen
1223,177,Winston Churchill,Christopher Hitchens
1223,137,Winston Churchill,Boris Johnson
1223,960,Winston Churchill,Robert Menzies
1223,972,Winston Churchill,Robert Walpole
1223,312,Winston Churchill,George Grenville
1223,1188,Winston Churchill,William Pitt Trẻ
1223,397,Winston Churchill,"Henry Addington, Tử tước Sidmouth thứ 1"
1223,1033,Winston Churchill,Spencer Perceval
1223,308,Winston Churchill,George Canning
1223,83,Winston Churchill,"Arthur Wellesley, Công tước thứ 1 xứ Wellington"
1223,395,Winston Churchill,"Henry John Temple, Tử tước Palmerston thứ 3"
1223,380,Winston Churchill,Harold Macmillan
1223,39,Winston Churchill,Alec Douglas-Home
1223,381,Winston Churchill,Harold Wilson
1223,477,Winston Churchill,James Callaghan
1223,735,Winston Churchill,Margaret Thatcher
1223,353,Winston Churchill,Gordon Brown
1223,203,Winston Churchill,David Cameron
1223,1065,Winston Churchill,Theresa May
1223,685,Winston Churchill,Liz Truss
1223,959,Winston Churchill,Rishi Sunak
1223,618,Winston Churchill,Keir Starmer
1223,1063,Winston Churchill,Theodor Mommsen
1223,579,Winston Churchill,José Echegaray
1223,394,Winston Churchill,Henri Bergson
1223,1073,Winston Churchill,Thomas Mann
1223,682,Winston Churchill,Luigi Pirandello
1223,970,Winston Churchill,Roger Martin du Gard
1223,1047,Winston Churchill,T. S. Eliot
1223,1183,Winston Churchill,William Faulkner
1223,453,Winston Churchill,Ivo Andrić
1223,768,Winston Churchill,Miguel Ángel Asturias
1223,392,Winston Churchill,Heinrich Böll
1223,853,Winston Churchill,Odysseas Elytis
1223,247,Winston Churchill,Elias Canetti
1223,307,Winston Churchill,Gabriel García Márquez
1223,1182,Winston Churchill,William Golding
1223,146,Winston Churchill,Camilo José Cela
1223,147,Winston Churchill,Cao Hành Kiện
1223,610,Winston Churchill,Kazuo Ishiguro
1223,292,Winston Churchill,Franklin D. Roosevelt
1223,1125,Winston Churchill,Tưởng Giới Thạch
1223,321,Winston Churchill,George Marshall
1223,228,Winston Churchill,Dwight D. Eisenhower
1223,389,Winston Churchill,Harry S. Truman
1223,798,Winston Churchill,Mohammad Mosaddegh
1223,634,Winston Churchill,Konrad Adenauer
1223,541,Winston Churchill,John Foster Dulles
1223,854,Winston Churchill,Nikita Sergeyevich Khrushchyov
1223,171,Winston Churchill,Charles de Gaulle
1223,688,Winston Churchill,Lyndon B. Johnson
1223,968,Winston Churchill,Richard Nixon
1223,408,Winston Churchill,Henry Kissinger
1223,548,Winston Churchill,Jimmy Carter
1223,76,Winston Churchill,Anwar Al-Sadad
1223,1235,Winston Churchill,Đặng Tiểu Bình
1223,983,Winston Churchill,Ruhollah Khomeini
1223,1036,Winston Churchill,Ronald Reagan
1223,198,Winston Churchill,Corazon Aquino
1223,803,Winston Churchill,Mikhail Sergeyevich Gorbachyov
1223,319,Winston Churchill,George H. W. Bush
1223,119,Winston Churchill,Bill Clinton
1223,837,Winston Churchill,Nelson Mandela
1223,824,Winston Churchill,Newt Gingrich
1223,515,Winston Churchill,Jeff Bezos
1223,330,Winston Churchill,George W. Bush
1223,978,Winston Churchill,Rudy Giuliani
1223,121,Winston Churchill,Bill Gates
1223,1153,Winston Churchill,Vladimir Vladimirovich Putin
1223,156,Winston Churchill,Barack Obama
1223,743,Winston Churchill,Mark Zuckerberg
1223,68,Winston Churchill,Angela Merkel
1223,298,Winston Churchill,Donald Trump
1223,738,Winston Churchill,Maria Ressa
1223,565,Winston Churchill,Joe Biden
1223,628,Winston Churchill,Kamala Harris
1223,268,Winston Churchill,Elon Musk
1223,1148,Winston Churchill,Volodymyr Oleksandrovych Zelenskyy
1223,1175,Winston Churchill,Taylor Swift
1224,267,Édouard Philippe,Emmanuel Macron
1224,111,Édouard Philippe,Bernard Cazeneuve
1224,167,Édouard Philippe,Charles-Maurice de Talleyrand-Périgord
1224,287,Édouard Philippe,François Arago
1224,75,Édouard Philippe,Armand Fallières
1224,1217,Édouard Philippe,Émile Loubet
1224,501,Édouard Philippe,Jean Casimir-Perier
1224,322,Édouard Philippe,Georges Clemenceau
1224,931,Édouard Philippe,Raymond Poincaré
1224,305,Édouard Philippe,Gaston Doumergue
1224,37,Édouard Philippe,Alexandre Millerand
1224,171,Édouard Philippe,Charles de Gaulle
1224,1138,Édouard Philippe,Vincent Auriol
1224,915,Édouard Philippe,Pierre Mendès France
1224,762,Édouard Philippe,Michel Debré
1224,329,Édouard Philippe,Georges Pompidou
1224,461,Édouard Philippe,Jacques Chaban-Delmas
1224,474,Édouard Philippe,Jacques Chirac
1224,652,Édouard Philippe,Laurent Fabius
1224,764,Édouard Philippe,Michel Rocard
1224,20,Édouard Philippe,Alain Juppé
1224,217,Édouard Philippe,Dominique de Villepin
1224,294,Édouard Philippe,François Fillon
1224,516,Édouard Philippe,Jean-Marc Ayrault
1224,726,Édouard Philippe,Manuel Valls
1224,311,Édouard Philippe,Gabriel Attal
1224,756,Édouard Philippe,Michel Barnier
1225,1197,Zulfikar Ali Bhutto,Yahya Khan
1225,804,Zulfikar Ali Bhutto,Muhammad Zia-ul-Haq
1225,664,Zulfikar Ali Bhutto,Liaquat Ali Khan
1225,799,Zulfikar Ali Bhutto,Muhammad Mian Soomro
1225,1202,Zulfikar Ali Bhutto,Yousaf Raza Gillani
1225,446,Zulfikar Ali Bhutto,Imran Khan
1225,884,Zulfikar Ali Bhutto,Pervez Musharraf
1225,711,Zulfikar Ali Bhutto,Mamnoon Hussain
1226,1106,Đường Lương Trí,Trần Mẫn Nhĩ
1226,1140,Đường Lương Trí,Trương Quốc Thanh
1226,1167,Đường Lương Trí,Tập Cận Bình
1226,1178,Đường Lương Trí,Vương Đông Minh
1226,1119,Đường Lương Trí,Trịnh Sách Khiết
1226,689,Đường Lương Trí,Lý Quốc Anh
1226,834,Đường Lương Trí,Ngô Chính Long
1226,1166,Đường Lương Trí,Vương Văn Đào
1226,684,Đường Lương Trí,Lý Cán Kiệt
1226,651,Đường Lương Trí,Lam Phật An
1226,709,Đường Lương Trí,Lưu Quốc Trung
1226,239,Đường Lương Trí,Doãn Lực
1226,1132,Đường Lương Trí,Uông Dương
1226,136,Đường Lương Trí,Bạc Hy Lai
1226,1098,Đường Lương Trí,Trương Đức Giang
1227,1082,Đỗ Gia Hào,Thái Kỳ
1227,686,Đỗ Gia Hào,Lý Cường
1227,697,Đỗ Gia Hào,Lý Hồng Trung
1227,1106,Đỗ Gia Hào,Trần Mẫn Nhĩ
1227,826,Đỗ Gia Hào,Nghê Nhạc Phong
1227,683,Đỗ Gia Hào,Lâu Cần Kiệm
1227,834,Đỗ Gia Hào,Ngô Chính Long
1227,1119,Đỗ Gia Hào,Trịnh Sách Khiết
1227,1146,Đỗ Gia Hào,Vu Vĩ Quốc
1227,239,Đỗ Gia Hào,Doãn Lực
1227,698,Đỗ Gia Hào,Lưu Kỳ (sinh năm 1957)
1227,684,Đỗ Gia Hào,Lý Cán Kiệt
1227,692,Đỗ Gia Hào,Lý Hi
1227,1104,Đỗ Gia Hào,Thầm Di Cầm
1227,709,Đỗ Gia Hào,Lưu Quốc Trung
1227,1140,Đỗ Gia Hào,Trương Quốc Thanh
1227,98,Đỗ Gia Hào,Bayanqolu
1227,712,Đỗ Gia Hào,Lộc Tâm Xã
1227,1081,Đỗ Gia Hào,Thạch Thái Phong
1228,1230,Đại học Stanford,Đại học Harvard
1228,1232,Đại học Stanford,Đại học Yale
1228,1150,Đại học Stanford,Viện Công nghệ Massachusetts
1229,686,Đổng Quân,Lý Cường
1229,1167,Đổng Quân,Tập Cận Bình
1229,1231,Đổng Quân,Đinh Tiết Tường
1229,431,Đổng Quân,Hà Lập Phong
1229,1140,Đổng Quân,Trương Quốc Thanh
1229,709,Đổng Quân,Lưu Quốc Trung
1229,1174,Đổng Quân,Vương Tiểu Hồng
1229,834,Đổng Quân,Ngô Chính Long
1229,1104,Đổng Quân,Thầm Di Cầm
1229,421,Đổng Quân,Hoài Tiến Bằng
1229,630,Đổng Quân,Kim Tráng Long
1229,1103,Đổng Quân,Trần Nhất Tân
1229,439,Đổng Quân,Hạ Vinh
1229,1156,Đổng Quân,Vương Hiểu Bình
1229,1165,Đổng Quân,Vương Quảng Hoa
1229,426,Đổng Quân,Hoàng Nhuận Thu
1229,828,Đổng Quân,Nghê Hồng
1229,689,Đổng Quân,Lý Quốc Anh
1229,1166,Đổng Quân,Vương Văn Đào
1229,1172,Đổng Quân,Vương Tường Hỉ
1229,144,Đổng Quân,Bùi Kim Giai
1229,1119,Đổng Quân,Trịnh Sách Khiết
1229,899,Đổng Quân,Phan Nhạc (chính khách)
1229,811,Đổng Quân,Mã Hiểu Vĩ
1229,893,Đổng Quân,Phan Công Thắng
1229,445,Đổng Quân,Hầu Khải
1230,298,Đại học Harvard,Donald Trump
1230,663,Đại học Harvard,Linda McMahon
1230,642,Đại học Harvard,Kristi Noem
1230,1232,Đại học Harvard,Đại học Yale
1230,156,Đại học Harvard,Barack Obama
1230,553,Đại học Harvard,John Hancock
1230,539,Đại học Harvard,John Adams
1230,562,Đại học Harvard,John Quincy Adams
1230,993,Đại học Harvard,Rutherford B. Hayes
1230,1080,Đại học Harvard,Theodore Roosevelt
1230,549,Đại học Harvard,John F. Kennedy
1230,330,Đại học Harvard,George W. Bush
1230,777,Đại học Harvard,Michelle Obama
1230,205,Đại học Harvard,David Lloyd Johnston
1230,121,Đại học Harvard,Bill Gates
1230,275,Đại học Harvard,Felipe Calderón
1230,595,Đại học Harvard,Juan Manuel Santos
1230,695,Đại học Harvard,Lý Hiển Long
1230,133,Đại học Harvard,Benjamin Netanyahu
1230,100,Đại học Harvard,Ban Ki-moon
1230,1047,Đại học Harvard,T. S. Eliot
1230,660,Đại học Harvard,Leonard Bernstein
1230,743,Đại học Harvard,Mark Zuckerberg
1230,193,Đại học Harvard,Dan Brown
1230,1183,Đại học Harvard,William Faulkner
1230,1150,Đại học Harvard,Viện Công nghệ Massachusetts
1230,1228,Đại học Harvard,Đại học Stanford
1231,686,Đinh Tiết Tường,Lý Cường
1231,433,Đinh Tiết Tường,Hàn Chính (chính khách)
1231,1167,Đinh Tiết Tường,Tập Cận Bình
1231,715,Đinh Tiết Tường,Lật Chiến Thư
1231,1082,Đinh Tiết Tường,Thái Kỳ
1231,1094,Đinh Tiết Tường,Triệu Lạc Tế
1231,1168,Đinh Tiết Tường,Vương Hỗ Ninh
1231,692,Đinh Tiết Tường,Lý Hi
1231,239,Đinh Tiết Tường,Doãn Lực
1231,1081,Đinh Tiết Tường,Thạch Thái Phong
1231,709,Đinh Tiết Tường,Lưu Quốc Trung
1231,684,Đinh Tiết Tường,Lý Cán Kiệt
1231,691,Đinh Tiết Tường,Lý Thư Lỗi
1231,697,Đinh Tiết Tường,Lý Hồng Trung
1231,427,Đinh Tiết Tường,Hà Vệ Đông
1231,431,Đinh Tiết Tường,Hà Lập Phong
1231,1140,Đinh Tiết Tường,Trương Quốc Thanh
1231,1108,Đinh Tiết Tường,Trần Văn Thanh (chính khách Trung Quốc)
1231,1106,Đinh Tiết Tường,Trần Mẫn Nhĩ
1231,701,Đinh Tiết Tường,Lưu Kim Quốc
1231,1174,Đinh Tiết Tường,Vương Tiểu Hồng
1231,1178,Đinh Tiết Tường,Vương Đông Minh
1231,834,Đinh Tiết Tường,Ngô Chính Long
1231,1104,Đinh Tiết Tường,Thầm Di Cầm
1231,1077,Đinh Tiết Tường,Thẩm Dược Dược
1231,1096,Đinh Tiết Tường,Trương Quân
1231,702,Đinh Tiết Tường,Lý Khắc Cường
1231,1132,Đinh Tiết Tường,Uông Dương
1231,1162,Đinh Tiết Tường,Vương Kỳ Sơn
1231,1095,Đinh Tiết Tường,Triệu Khắc Chí
1231,430,Đinh Tiết Tường,Hạ Bảo Long
1231,421,Đinh Tiết Tường,Hoài Tiến Bằng
1231,630,Đinh Tiết Tường,Kim Tráng Long
1231,1103,Đinh Tiết Tường,Trần Nhất Tân
1231,439,Đinh Tiết Tường,Hạ Vinh
1231,1156,Đinh Tiết Tường,Vương Hiểu Bình
1231,1165,Đinh Tiết Tường,Vương Quảng Hoa
1231,426,Đinh Tiết Tường,Hoàng Nhuận Thu
1231,828,Đinh Tiết Tường,Nghê Hồng
1231,689,Đinh Tiết Tường,Lý Quốc Anh
1231,1166,Đinh Tiết Tường,Vương Văn Đào
1231,1172,Đinh Tiết Tường,Vương Tường Hỉ
1231,144,Đinh Tiết Tường,Bùi Kim Giai
1231,1119,Đinh Tiết Tường,Trịnh Sách Khiết
1231,899,Đinh Tiết Tường,Phan Nhạc (chính khách)
1231,811,Đinh Tiết Tường,Mã Hiểu Vĩ
1231,893,Đinh Tiết Tường,Phan Công Thắng
1231,445,Đinh Tiết Tường,Hầu Khải
1232,1201,Đại học Yale,Woodrow Wilson
1232,549,Đại học Yale,John F. Kennedy
1232,340,Đại học Yale,Gerald Ford
1232,119,Đại học Yale,Bill Clinton
1232,330,Đại học Yale,George W. Bush
1232,414,Đại học Yale,Howard Dean
1232,520,Đại học Yale,Jerry Brown
1232,1189,Đại học Yale,William Howard Taft
1232,319,Đại học Yale,George H. W. Bush
1232,1234,Đại học Yale,Đại học Cambridge
1232,1233,Đại học Yale,Đại học Oxford
1232,538,Đại học Yale,John C. Calhoun
1232,422,Đại học Yale,Hillary Clinton
1232,206,Đại học Yale,Dean Acheson
1232,278,Đại học Yale,F. Scott Fitzgerald
1232,1230,Đại học Yale,Đại học Harvard
1232,1150,Đại học Yale,Viện Công nghệ Massachusetts
1232,1228,Đại học Yale,Đại học Stanford
1233,545,Đại học Oxford,John Henry Newman
1233,770,Đại học Oxford,Michelangelo
1233,1036,Đại học Oxford,Ronald Reagan
1233,548,Đại học Oxford,Jimmy Carter
1233,968,Đại học Oxford,Richard Nixon
1233,119,Đại học Oxford,Bill Clinton
1233,1223,Đại học Oxford,Winston Churchill
1233,735,Đại học Oxford,Margaret Thatcher
1233,203,Đại học Oxford,David Cameron
1233,1065,Đại học Oxford,Theresa May
1233,1234,Đại học Oxford,Đại học Cambridge
1233,1230,Đại học Oxford,Đại học Harvard
1233,1228,Đại học Oxford,Đại học Stanford
1233,187,Đại học Oxford,Clement Attlee
1233,380,Đại học Oxford,Harold Macmillan
1233,381,Đại học Oxford,Harold Wilson
1233,543,Đại học Oxford,John Gorton
1233,714,Đại học Oxford,Malcolm Fraser
1233,120,Đại học Oxford,Bob Hawke
1233,567,Đại học Oxford,John Turner
1233,720,Đại học Oxford,Manmohan Singh
1233,448,Đại học Oxford,Indira Gandhi
1233,664,Đại học Oxford,Liaquat Ali Khan
1233,1213,Đại học Oxford,Álvaro Uribe
1233,12,Đại học Oxford,Abhisit Vejjajiva
1233,103,Đại học Oxford,Aung San Suu Kyi
1233,222,Đại học Oxford,Dr. Seuss
1233,260,Đại học Oxford,Evelyn Waugh
1233,665,Đại học Oxford,Lewis Carroll
1233,351,Đại học Oxford,Graham Greene
1233,1047,Đại học Oxford,T. S. Eliot
1233,950,Đại học Oxford,Robert Bridges
1233,54,Đại học Oxford,Amartya Sen
1234,1233,Đại học Cambridge,Đại học Oxford
1234,878,Đại học Cambridge,Oliver Cromwell
1234,121,Đại học Cambridge,Bill Gates
1234,1223,Đại học Cambridge,Winston Churchill
1234,1080,Đại học Cambridge,Theodore Roosevelt
1234,1036,Đại học Cambridge,Ronald Reagan
1234,497,Đại học Cambridge,Jawaharlal Nehru
1234,1204,Đại học Cambridge,William Wilberforce
1234,924,Đại học Cambridge,Ralph Vaughan Williams
1234,972,Đại học Cambridge,Robert Walpole
1234,720,Đại học Cambridge,Manmohan Singh
1234,1193,Đại học Cambridge,William Wordsworth
1235,548,Đặng Tiểu Bình,Jimmy Carter
1235,134,Đặng Tiểu Bình,Bạc Nhất Ba
1235,218,Đặng Tiểu Bình,Diệp Kiếm Anh
1235,342,Đặng Tiểu Bình,Giang Trạch Dân
1235,199,Đặng Tiểu Bình,Chu Ân Lai
1235,231,Đặng Tiểu Bình,Dương Đắc Chí
1235,761,Đặng Tiểu Bình,Mao Trạch Đông
1235,1120,Đặng Tiểu Bình,Tưởng Kinh Quốc
1235,1125,Đặng Tiểu Bình,Tưởng Giới Thạch
1235,1128,Đặng Tiểu Bình,Tôn Trung Sơn
1235,1105,Đặng Tiểu Bình,Trần Độc Tú
1235,457,Đặng Tiểu Bình,Hồ Cẩm Đào
1235,1167,Đặng Tiểu Bình,Tập Cận Bình
1235,686,Đặng Tiểu Bình,Lý Cường
1235,1094,Đặng Tiểu Bình,Triệu Lạc Tế
1235,1168,Đặng Tiểu Bình,Vương Hỗ Ninh
1235,1082,Đặng Tiểu Bình,Thái Kỳ
1235,1231,Đặng Tiểu Bình,Đinh Tiết Tường
1235,692,Đặng Tiểu Bình,Lý Hi
1235,431,Đặng Tiểu Bình,Hà Lập Phong
1235,1108,Đặng Tiểu Bình,Trần Văn Thanh (chính khách Trung Quốc)
1235,684,Đặng Tiểu Bình,Lý Cán Kiệt
1235,691,Đặng Tiểu Bình,Lý Thư Lỗi
1235,1081,Đặng Tiểu Bình,Thạch Thái Phong
1235,427,Đặng Tiểu Bình,Hà Vệ Đông
1235,1140,Đặng Tiểu Bình,Trương Quốc Thanh
1235,709,Đặng Tiểu Bình,Lưu Quốc Trung
1235,1174,Đặng Tiểu Bình,Vương Tiểu Hồng
1235,834,Đặng Tiểu Bình,Ngô Chính Long
1235,1104,Đặng Tiểu Bình,Thầm Di Cầm
1235,1229,Đặng Tiểu Bình,Đổng Quân
1235,421,Đặng Tiểu Bình,Hoài Tiến Bằng
1235,1212,Đặng Tiểu Bình,Âm Hòa Tuấn
1235,630,Đặng Tiểu Bình,Kim Tráng Long
1235,1103,Đặng Tiểu Bình,Trần Nhất Tân
1235,703,Đặng Tiểu Bình,Lục Trị Nguyên
1235,439,Đặng Tiểu Bình,Hạ Vinh
1235,651,Đặng Tiểu Bình,Lam Phật An
1235,1156,Đặng Tiểu Bình,Vương Hiểu Bình
1235,1165,Đặng Tiểu Bình,Vương Quảng Hoa
1235,426,Đặng Tiểu Bình,Hoàng Nhuận Thu
1235,828,Đặng Tiểu Bình,Nghê Hồng
1235,689,Đặng Tiểu Bình,Lý Quốc Anh
1235,1166,Đặng Tiểu Bình,Vương Văn Đào
1235,1113,Đặng Tiểu Bình,Tôn Nghiệp Lễ
1235,1172,Đặng Tiểu Bình,Vương Tường Hỉ
1235,144,Đặng Tiểu Bình,Bùi Kim Giai
1235,1119,Đặng Tiểu Bình,Trịnh Sách Khiết
1235,899,Đặng Tiểu Bình,Phan Nhạc (chính khách)
1235,811,Đặng Tiểu Bình,Mã Hiểu Vĩ
1235,893,Đặng Tiểu Bình,Phan Công Thắng
1235,445,Đặng Tiểu Bình,Hầu Khải
1235,429,Đặng Tiểu Bình,Hác Bằng
1235,826,Đặng Tiểu Bình,Nghê Nhạc Phong
1235,1157,Đặng Tiểu Bình,Vương Quân (sinh năm 1958)
1235,1086,Đặng Tiểu Bình,Tiêu Á Khánh
1235,420,Đặng Tiểu Bình,Hoàng Thủ Hoành
1235,694,Đặng Tiểu Bình,Lưu Kết Nhất
1235,1071,Đặng Tiểu Bình,Thái Danh Chiếu
1235,687,Đặng Tiểu Bình,Lý Hiểu Hồng
1235,1076,Đặng Tiểu Bình,Thận Hải Hùng
1235,232,Đặng Tiểu Bình,Dịch Hội Mãn
1235,180,Đặng Tiểu Bình,Chu Dung Cơ
1235,702,Đặng Tiểu Bình,Lý Khắc Cường
1235,697,Đặng Tiểu Bình,Lý Hồng Trung
1235,698,Đặng Tiểu Bình,Lưu Kỳ (sinh năm 1957)
1235,701,Đặng Tiểu Bình,Lưu Kim Quốc
1235,98,Đặng Tiểu Bình,Bayanqolu
1235,696,Đặng Tiểu Bình,Lạc Thụ Cương
1235,683,Đặng Tiểu Bình,Lâu Cần Kiệm
1235,1146,Đặng Tiểu Bình,Vu Vĩ Quốc
1235,712,Đặng Tiểu Bình,Lộc Tâm Xã
1235,1227,Đặng Tiểu Bình,Đỗ Gia Hào
1235,224,Đặng Tiểu Bình,Dương Chấn Vũ
1235,1095,Đặng Tiểu Bình,Triệu Khắc Chí
1235,829,Đặng Tiểu Bình,Ngô Bang Quốc
1235,1098,Đặng Tiểu Bình,Trương Đức Giang
1235,715,Đặng Tiểu Bình,Lật Chiến Thư
1235,1132,Đặng Tiểu Bình,Uông Dương
1235,430,Đặng Tiểu Bình,Hạ Bảo Long
1235,1178,Đặng Tiểu Bình,Vương Đông Minh
1235,432,Đặng Tiểu Bình,Hạ Quân Khoa
1235,1077,Đặng Tiểu Bình,Thẩm Dược Dược
1235,354,Đặng Tiểu Bình,Giả Khánh Lâm
1235,1162,Đặng Tiểu Bình,Vương Kỳ Sơn
1235,1096,Đặng Tiểu Bình,Trương Quân
1235,1106,Đặng Tiểu Bình,Trần Mẫn Nhĩ
1235,1226,Đặng Tiểu Bình,Đường Lương Trí
1235,239,Đặng Tiểu Bình,Doãn Lực
1235,340,Đặng Tiểu Bình,Gerald Ford
1235,695,Đặng Tiểu Bình,Lý Hiển Long
1235,968,Đặng Tiểu Bình,Richard Nixon
1235,735,Đặng Tiểu Bình,Margaret Thatcher
1235,627,Đặng Tiểu Bình,Kofi Annan
1235,474,Đặng Tiểu Bình,Jacques Chirac
1235,76,Đặng Tiểu Bình,Anwar Al-Sadad
1235,983,Đặng Tiểu Bình,Ruhollah Khomeini
1235,1036,Đặng Tiểu Bình,Ronald Reagan
1235,198,Đặng Tiểu Bình,Corazon Aquino
1235,803,Đặng Tiểu Bình,Mikhail Sergeyevich Gorbachyov
1235,319,Đặng Tiểu Bình,George H. W. Bush
1235,119,Đặng Tiểu Bình,Bill Clinton
1235,837,Đặng Tiểu Bình,Nelson Mandela
1235,824,Đặng Tiểu Bình,Newt Gingrich
1235,515,Đặng Tiểu Bình,Jeff Bezos
1235,330,Đặng Tiểu Bình,George W. Bush
